policy,num_robots,width,height,root_seed,map_seed,spawn_seed,dynamics_seed,comms_seed,policy_seed,runner_policy_seed,map_name,requested_density,realized_density,free_cells,completed,final_coverage,ticks,max_ticks,ticks_to_50,ticks_to_90,ticks_to_95,ticks_to_100,successful_moves,wall_blocked,conflicts,redundancy,comms_enabled,comms_drop_prob,messages_attempted,messages_delivered,messages_dropped,bytes_attempted,bytes_delivered,bytes_dropped
move_toward_frontier_astar,1,25,25,1,1641411168,1454127163,2749604155,3056722145,3964924996,0,,0.3,0.5376,289,True,1.0,398,3000,165,308,321,398,398,0,0,0.0,False,0.0,0,0,0,0,0,0
move_toward_frontier_astar,1,25,25,5,803261128,3767054407,3210010690,2928346150,161328693,0,,0.3,0.4992,313,True,1.0,394,3000,152,291,325,394,394,0,0,0.0,False,0.0,0,0,0,0,0,0
move_toward_frontier_astar,1,25,25,3,819382448,1645421708,3451799802,118549108,2613022947,0,,0.3,0.4336,354,True,1.0,417,3000,164,388,403,417,417,0,0,0.0,False,0.0,0,0,0,0,0,0
move_toward_frontier_astar,1,25,25,4,367776961,3166742020,1587198119,759788228,1874364848,0,,0.3,0.44,350,True,1.0,430,3000,162,295,328,430,430,0,0,0.0,False,0.0,0,0,0,0,0,0
move_toward_frontier_astar,1,25,25,0,3757552657,673228719,3241444873,3685993406,2968811710,0,,0.3,0.3856,384,True,1.0,485,3000,174,385,411,485,485,0,0,0.0,False,0.0,0,0,0,0,0,0
move_toward_frontier_astar,1,25,25,6,3153149895,4186225163,103425314,3709245926,2617721224,0,,0.3,0.392,380,True,1.0,418,3000,189,322,338,418,418,0,0,0.0,False,0.0,0,0,0,0,0,0
move_toward_frontier_astar,1,25,25,2,2001025171,2240297063,1311118443,2854122131,3141116543,0,,0.3,0.4048,372,True,1.0,496,3000,174,346,400,496,496,0,0,0.0,False,0.0,0,0,0,0,0,0
move_toward_frontier_astar,1,25,25,7,1201125462,3618983171,3831650445,3842200183,1369798745,0,,0.3,0.4208,362,True,1.0,437,3000,193,387,406,437,437,0,0,0.0,False,0.0,0,0,0,0,0,0
move_toward_frontier_astar,2,25,25,0,3757552657,673228719,3241444873,3685993406,2968811710,0,,0.3,0.3856,384,True,1.0,354,3000,155,304,327,354,708,0,0,0.7011686143572621,False,0.0,0,0,0,0,0,0
move_toward_frontier_astar,2,25,25,7,1201125462,3618983171,3831650445,3842200183,1369798745,0,,0.3,0.4208,362,True,1.0,422,3000,122,333,349,422,844,0,0,0.9618874773139746,False,0.0,0,0,0,0,0,0
move_toward_frontier_astar,2,25,25,4,367776961,3166742020,1587198119,759788228,1874364848,0,,0.3,0.44,350,False,0.12,3000,3000,,,,,42,0,5958,0.6515151515151515,False,0.0,0,0,0,0,0,0
move_toward_frontier_astar,2,25,25,3,819382448,1645421708,3451799802,118549108,2613022947,0,,0.3,0.4336,354,False,0.18361581920903955,3000,3000,,,,,60,0,5940,0.7840909090909091,False,0.0,0,0,0,0,0,0
move_toward_frontier_astar,4,25,25,1,1641411168,1454127163,2749604155,3056722145,3964924996,0,,0.3,0.5376,289,True,1.0,399,3000,85,296,339,399,534,0,1062,0.5767634854771784,False,0.0,0,0,0,0,0,0
move_toward_frontier_astar,2,25,25,1,1641411168,1454127163,2749604155,3056722145,3964924996,0,,0.3,0.5376,289,False,0.6366782006920415,3000,3000,104,,,,294,0,5706,0.5522875816993464,False,0.0,0,0,0,0,0,0
move_toward_frontier_astar,2,25,25,6,3153149895,4186225163,103425314,3709245926,2617721224,0,,0.3,0.392,380,False,0.39473684210526316,3000,3000,,,,,250,0,5750,0.6909871244635193,False,0.0,0,0,0,0,0,0
move_toward_frontier_astar,4,25,25,0,3757552657,673228719,3241444873,3685993406,2968811710,0,,0.3,0.3856,384,False,0.3828125,3000,3000,,,,,162,0,11838,0.43243243243243246,False,0.0,0,0,0,0,0,0
move_toward_frontier_astar,4,25,25,5,803261128,3767054407,3210010690,2928346150,161328693,0,,0.3,0.4992,313,True,1.0,406,3000,88,303,337,406,531,0,1093,0.4731610337972167,False,0.0,0,0,0,0,0,0
move_toward_frontier_astar,2,25,25,5,803261128,3767054407,3210010690,2928346150,161328693,0,,0.3,0.4992,313,False,0.7348242811501597,3000,3000,88,,,,434,0,5566,0.8795518207282913,False,0.0,0,0,0,0,0,0
move_toward_frontier_astar,2,25,25,2,2001025171,2240297063,1311118443,2854122131,3141116543,0,,0.3,0.4048,372,False,0.9059139784946236,3000,3000,122,303,,,608,0,5392,0.8919449901768173,False,0.0,0,0,0,0,0,0
move_toward_frontier_astar,4,25,25,2,2001025171,2240297063,1311118443,2854122131,3141116543,0,,0.3,0.4048,372,False,0.3629032258064516,3000,3000,,,,,198,0,11802,1.0966183574879227,False,0.0,0,0,0,0,0,0
move_toward_frontier_astar,4,25,25,4,367776961,3166742020,1587198119,759788228,1874364848,0,,0.3,0.44,350,False,0.36,3000,3000,,,,,114,0,11886,0.6994219653179191,False,0.0,0,0,0,0,0,0
move_toward_frontier_astar,4,25,25,6,3153149895,4186225163,103425314,3709245926,2617721224,0,,0.3,0.392,380,False,0.2,3000,3000,,,,,73,0,11927,0.7368421052631579,False,0.0,0,0,0,0,0,0
move_toward_frontier_astar,4,25,25,3,819382448,1645421708,3451799802,118549108,2613022947,0,,0.3,0.4336,354,False,0.5734463276836158,3000,3000,63,,,,368,0,11632,0.9565217391304348,False,0.0,0,0,0,0,0,0
move_toward_frontier_astar,4,25,25,7,1201125462,3618983171,3831650445,3842200183,1369798745,0,,0.3,0.4208,362,False,0.44751381215469616,3000,3000,,,,,190,0,11810,0.8091286307053942,False,0.0,0,0,0,0,0,0
move_toward_frontier_astar,8,25,25,0,3757552657,673228719,3241444873,3685993406,2968811710,0,,0.3,0.3856,384,False,0.484375,3000,3000,,,,,279,0,23721,0.9225352112676056,False,0.0,0,0,0,0,0,0
move_toward_frontier_astar,8,25,25,2,2001025171,2240297063,1311118443,2854122131,3141116543,0,,0.3,0.4048,372,False,0.40053763440860213,3000,3000,,,,,199,0,23801,1.1921397379912664,False,0.0,0,0,0,0,0,0
move_toward_unknown_bfs,1,25,25,0,3757552657,673228719,3241444873,3685993406,2968811710,0,,0.3,0.3856,384,True,1.0,479,3000,217,358,384,479,479,0,0,0.0,False,0.0,0,0,0,0,0,0
move_toward_unknown_bfs,1,25,25,1,1641411168,1454127163,2749604155,3056722145,3964924996,0,,0.3,0.5376,289,True,1.0,396,3000,140,327,341,396,396,0,0,0.0,False,0.0,0,0,0,0,0,0
move_toward_frontier_astar,8,25,25,4,367776961,3166742020,1587198119,759788228,1874364848,0,,0.3,0.44,350,False,0.43142857142857144,3000,3000,,,,,176,0,23824,0.7729257641921398,False,0.0,0,0,0,0,0,0
move_toward_frontier_astar,8,25,25,1,1641411168,1454127163,2749604155,3056722145,3964924996,0,,0.3,0.5376,289,False,0.903114186851211,3000,3000,17,145,,,440,0,23560,0.755868544600939,False,0.0,0,0,0,0,0,0
move_toward_unknown_bfs,1,25,25,2,2001025171,2240297063,1311118443,2854122131,3141116543,0,,0.3,0.4048,372,True,1.0,476,3000,168,333,360,476,476,0,0,0.0,False,0.0,0,0,0,0,0,0
move_toward_unknown_bfs,1,25,25,3,819382448,1645421708,3451799802,118549108,2613022947,0,,0.3,0.4336,354,True,1.0,464,3000,179,396,411,464,464,0,0,0.0,False,0.0,0,0,0,0,0,0
move_toward_unknown_bfs,1,25,25,5,803261128,3767054407,3210010690,2928346150,161328693,0,,0.3,0.4992,313,True,1.0,374,3000,178,328,349,374,374,0,0,0.0,False,0.0,0,0,0,0,0,0
move_toward_unknown_bfs,1,25,25,4,367776961,3166742020,1587198119,759788228,1874364848,0,,0.3,0.44,350,True,1.0,448,3000,138,334,387,448,448,0,0,0.0,False,0.0,0,0,0,0,0,0
move_toward_unknown_bfs,1,25,25,6,3153149895,4186225163,103425314,3709245926,2617721224,0,,0.3,0.392,380,True,1.0,475,3000,158,338,403,475,475,0,0,0.0,False,0.0,0,0,0,0,0,0
move_toward_frontier_astar,8,25,25,5,803261128,3767054407,3210010690,2928346150,161328693,0,,0.3,0.4992,313,False,0.7284345047923323,3000,3000,21,,,,256,0,23744,0.48563218390804597,False,0.0,0,0,0,0,0,0
move_toward_frontier_astar,8,25,25,3,819382448,1645421708,3451799802,118549108,2613022947,0,,0.3,0.4336,354,False,0.6299435028248588,3000,3000,33,,,,249,0,23751,0.6480938416422287,False,0.0,0,0,0,0,0,0
move_toward_unknown_bfs,1,25,25,7,1201125462,3618983171,3831650445,3842200183,1369798745,0,,0.3,0.4208,362,True,1.0,400,3000,162,337,379,400,400,0,0,0.0,False,0.0,0,0,0,0,0,0
move_toward_unknown_bfs,2,25,25,1,1641411168,1454127163,2749604155,3056722145,3964924996,0,,0.3,0.5376,289,True,1.0,349,3000,85,173,185,349,698,0,0,0.9503105590062112,False,0.0,0,0,0,0,0,0
move_toward_unknown_bfs,2,25,25,4,367776961,3166742020,1587198119,759788228,1874364848,0,,0.3,0.44,350,True,1.0,379,3000,86,271,345,379,758,0,0,0.8840304182509505,False,0.0,0,0,0,0,0,0
move_toward_unknown_bfs,2,25,25,6,3153149895,4186225163,103425314,3709245926,2617721224,0,,0.3,0.392,380,True,1.0,457,3000,103,287,324,457,914,0,0,0.9575971731448764,False,0.0,0,0,0,0,0,0
move_toward_frontier_astar,8,25,25,6,3153149895,4186225163,103425314,3709245926,2617721224,0,,0.3,0.392,380,False,0.42894736842105263,3000,3000,,,,,175,0,23825,0.832,False,0.0,0,0,0,0,0,0
move_toward_unknown_bfs,4,25,25,0,3757552657,673228719,3241444873,3685993406,2968811710,0,,0.3,0.3856,384,True,1.0,433,3000,107,336,386,433,583,0,1149,0.48747913188647746,False,0.0,0,0,0,0,0,0
move_toward_unknown_bfs,2,25,25,3,819382448,1645421708,3451799802,118549108,2613022947,0,,0.3,0.4336,354,False,0.1864406779661017,3000,3000,,,,,68,0,5932,0.8,False,0.0,0,0,0,0,0,0
move_toward_unknown_bfs,2,25,25,2,2001025171,2240297063,1311118443,2854122131,3141116543,0,,0.3,0.4048,372,False,0.26344086021505375,3000,3000,,,,,80,0,5920,0.2971014492753623,False,0.0,0,0,0,0,0,0
move_toward_unknown_bfs,2,25,25,0,3757552657,673228719,3241444873,3685993406,2968811710,0,,0.3,0.3856,384,False,0.4453125,3000,3000,,,,,276,0,5724,0.5949820788530465,False,0.0,0,0,0,0,0,0
move_toward_unknown_bfs,2,25,25,5,803261128,3767054407,3210010690,2928346150,161328693,0,,0.3,0.4992,313,False,0.5718849840255591,3000,3000,93,,,,284,0,5716,0.4533333333333333,False,0.0,0,0,0,0,0,0
move_toward_unknown_bfs,4,25,25,2,2001025171,2240297063,1311118443,2854122131,3141116543,0,,0.3,0.4048,372,False,0.1693548387096774,3000,3000,,,,,58,0,11942,0.872093023255814,False,0.0,0,0,0,0,0,0
move_toward_unknown_bfs,4,25,25,1,1641411168,1454127163,2749604155,3056722145,3964924996,0,,0.3,0.5376,289,False,0.48788927335640137,3000,3000,,,,,223,0,11777,0.7350427350427351,False,0.0,0,0,0,0,0,0
move_toward_frontier_astar,8,25,25,7,1201125462,3618983171,3831650445,3842200183,1369798745,0,,0.3,0.4208,362,False,0.6988950276243094,3000,3000,82,,,,318,0,23682,0.6853333333333333,False,0.0,0,0,0,0,0,0
move_toward_unknown_bfs,2,25,25,7,1201125462,3618983171,3831650445,3842200183,1369798745,0,,0.3,0.4208,362,False,0.5414364640883977,3000,3000,67,,,,190,0,5810,0.13268608414239483,False,0.0,0,0,0,0,0,0
move_toward_unknown_bfs,4,25,25,3,819382448,1645421708,3451799802,118549108,2613022947,0,,0.3,0.4336,354,False,0.864406779661017,3000,3000,74,,,,679,0,11321,0.8875255623721882,False,0.0,0,0,0,0,0,0
move_toward_unknown_bfs,4,25,25,5,803261128,3767054407,3210010690,2928346150,161328693,0,,0.3,0.4992,313,False,0.7827476038338658,3000,3000,34,,,,302,0,11698,0.35883905013192613,False,0.0,0,0,0,0,0,0
move_toward_unknown_bfs,4,25,25,4,367776961,3166742020,1587198119,759788228,1874364848,0,,0.3,0.44,350,False,0.9171428571428571,3000,3000,42,183,,,468,0,11532,0.7088607594936709,False,0.0,0,0,0,0,0,0
move_toward_unknown_bfs,4,25,25,6,3153149895,4186225163,103425314,3709245926,2617721224,0,,0.3,0.392,380,False,0.2,3000,3000,,,,,80,0,11920,0.7641509433962265,False,0.0,0,0,0,0,0,0
move_toward_unknown_bfs,4,25,25,7,1201125462,3618983171,3831650445,3842200183,1369798745,0,,0.3,0.4208,362,False,0.494475138121547,3000,3000,,,,,214,0,11786,0.7462121212121212,False,0.0,0,0,0,0,0,0
move_toward_unknown_bfs,8,25,25,0,3757552657,673228719,3241444873,3685993406,2968811710,0,,0.3,0.3856,384,False,0.8385416666666666,3000,3000,34,,,,594,0,23406,1.2545824847250509,False,0.0,0,0,0,0,0,0
move_toward_unknown_bfs,8,25,25,3,819382448,1645421708,3451799802,118549108,2613022947,0,,0.3,0.4336,354,False,0.827683615819209,3000,3000,17,,,,370,0,23630,0.5573033707865168,False,0.0,0,0,0,0,0,0
move_toward_unknown_bfs,8,25,25,1,1641411168,1454127163,2749604155,3056722145,3964924996,0,,0.3,0.5376,289,False,0.7612456747404844,3000,3000,18,,,,252,0,23748,0.2801120448179272,False,0.0,0,0,0,0,0,0
move_toward_unknown_bfs,8,25,25,2,2001025171,2240297063,1311118443,2854122131,3141116543,0,,0.3,0.4048,372,False,0.8494623655913979,3000,3000,67,,,,390,0,23610,0.5527426160337553,False,0.0,0,0,0,0,0,0
move_toward_unknown_bfs,8,25,25,5,803261128,3767054407,3210010690,2928346150,161328693,0,,0.3,0.4992,313,False,0.8817891373801917,3000,3000,25,,,,534,0,23466,1.0972222222222223,False,0.0,0,0,0,0,0,0
coordinated_frontier_greedy,1,25,25,0,3757552657,673228719,3241444873,3685993406,2968811710,0,,0.3,0.3856,384,True,1.0,485,3000,174,385,411,485,485,0,0,0.0,False,0.0,0,0,0,0,0,0
coordinated_frontier_greedy,1,25,25,1,1641411168,1454127163,2749604155,3056722145,3964924996,0,,0.3,0.5376,289,True,1.0,398,3000,165,308,321,398,398,0,0,0.0,False,0.0,0,0,0,0,0,0
move_toward_unknown_bfs,8,25,25,7,1201125462,3618983171,3831650445,3842200183,1369798745,0,,0.3,0.4208,362,False,0.9337016574585635,3000,3000,20,105,,,619,0,23381,1.164,False,0.0,0,0,0,0,0,0
coordinated_frontier_greedy,1,25,25,3,819382448,1645421708,3451799802,118549108,2613022947,0,,0.3,0.4336,354,True,1.0,415,3000,164,386,401,415,415,0,0,0.0,False,0.0,0,0,0,0,0,0
move_toward_unknown_bfs,8,25,25,6,3153149895,4186225163,103425314,3709245926,2617721224,0,,0.3,0.392,380,False,0.5078947368421053,3000,3000,62,,,,230,0,23770,0.6020761245674741,False,0.0,0,0,0,0,0,0
coordinated_frontier_greedy,1,25,25,2,2001025171,2240297063,1311118443,2854122131,3141116543,0,,0.3,0.4048,372,True,1.0,494,3000,174,344,398,494,494,0,0,0.0,False,0.0,0,0,0,0,0,0
coordinated_frontier_greedy,1,25,25,4,367776961,3166742020,1587198119,759788228,1874364848,0,,0.3,0.44,350,True,1.0,430,3000,162,295,328,430,430,0,0,0.0,False,0.0,0,0,0,0,0,0
coordinated_frontier_greedy,1,25,25,5,803261128,3767054407,3210010690,2928346150,161328693,0,,0.3,0.4992,313,True,1.0,394,3000,152,291,325,394,394,0,0,0.0,False,0.0,0,0,0,0,0,0
coordinated_frontier_greedy,1,25,25,6,3153149895,4186225163,103425314,3709245926,2617721224,0,,0.3,0.392,380,True,1.0,418,3000,189,322,338,418,418,0,0,0.0,False,0.0,0,0,0,0,0,0
coordinated_frontier_greedy,1,25,25,7,1201125462,3618983171,3831650445,3842200183,1369798745,0,,0.3,0.4208,362,True,1.0,437,3000,193,387,406,437,437,0,0,0.0,False,0.0,0,0,0,0,0,0
move_toward_unknown_bfs,8,25,25,4,367776961,3166742020,1587198119,759788228,1874364848,0,,0.3,0.44,350,False,0.9571428571428572,3000,3000,22,314,339,,865,0,23135,1.5595238095238095,False,0.0,0,0,0,0,0,0
coordinated_frontier_greedy,2,25,25,1,1641411168,1454127163,2749604155,3056722145,3964924996,0,,0.3,0.5376,289,True,1.0,377,3000,81,217,244,377,754,0,0,0.9213250517598344,False,0.0,0,0,0,0,0,0
coordinated_frontier_greedy,2,25,25,0,3757552657,673228719,3241444873,3685993406,2968811710,0,,0.3,0.3856,384,True,1.0,434,3000,172,388,407,434,868,0,0,0.9165275459098498,False,0.0,0,0,0,0,0,0
coordinated_frontier_greedy,2,25,25,6,3153149895,4186225163,103425314,3709245926,2617721224,0,,0.3,0.392,380,True,1.0,404,3000,180,324,354,404,808,0,0,0.9544658493870403,False,0.0,0,0,0,0,0,0
coordinated_frontier_greedy,2,25,25,7,1201125462,3618983171,3831650445,3842200183,1369798745,0,,0.3,0.4208,362,True,1.0,405,3000,122,264,279,405,810,0,0,0.9690909090909091,False,0.0,0,0,0,0,0,0
coordinated_frontier_greedy,4,25,25,1,1641411168,1454127163,2749604155,3056722145,3964924996,0,,0.3,0.5376,289,True,1.0,375,3000,91,273,313,375,1280,0,220,2.5553235908141962,False,0.0,0,0,0,0,0,0
coordinated_frontier_greedy,2,25,25,3,819382448,1645421708,3451799802,118549108,2613022947,0,,0.3,0.4336,354,False,0.18361581920903955,3000,3000,,,,,60,0,5940,0.7840909090909091,False,0.0,0,0,0,0,0,0
coordinated_frontier_greedy,4,25,25,3,819382448,1645421708,3451799802,118549108,2613022947,0,,0.3,0.4336,354,True,1.0,405,3000,92,318,334,405,1032,0,588,1.6081560283687943,False,0.0,0,0,0,0,0,0
coordinated_frontier_greedy,2,25,25,4,367776961,3166742020,1587198119,759788228,1874364848,0,,0.3,0.44,350,False,0.36857142857142855,3000,3000,,,,,192,0,5808,0.8131868131868132,False,0.0,0,0,0,0,0,0
coordinated_frontier_greedy,2,25,25,5,803261128,3767054407,3210010690,2928346150,161328693,0,,0.3,0.4992,313,False,0.8881789137380192,3000,3000,88,,,,580,0,5420,0.9336384439359268,False,0.0,0,0,0,0,0,0
coordinated_frontier_greedy,2,25,25,2,2001025171,2240297063,1311118443,2854122131,3141116543,0,,0.3,0.4048,372,False,0.9005376344086021,3000,3000,127,306,,,612,0,5388,0.8974358974358975,False,0.0,0,0,0,0,0,0
coordinated_frontier_greedy,4,25,25,5,803261128,3767054407,3210010690,2928346150,161328693,0,,0.3,0.4992,313,True,1.0,384,3000,60,272,350,384,936,0,600,1.5318725099601593,False,0.0,0,0,0,0,0,0
coordinated_frontier_greedy,4,25,25,6,3153149895,4186225163,103425314,3709245926,2617721224,0,,0.3,0.392,380,True,1.0,385,3000,147,311,333,385,1208,0,332,2.0998248686514884,False,0.0,0,0,0,0,0,0
coordinated_frontier_greedy,8,25,25,1,1641411168,1454127163,2749604155,3056722145,3964924996,0,,0.3,0.5376,289,True,1.0,197,3000,15,128,135,197,916,0,660,1.9479166666666667,False,0.0,0,0,0,0,0,0
coordinated_frontier_greedy,8,25,25,0,3757552657,673228719,3241444873,3685993406,2968811710,0,,0.3,0.3856,384,True,1.0,321,3000,45,266,286,321,1565,0,1003,2.7796327212020033,False,0.0,0,0,0,0,0,0
coordinated_frontier_greedy,8,25,25,2,2001025171,2240297063,1311118443,2854122131,3141116543,0,,0.3,0.4048,372,True,1.0,343,3000,52,192,211,343,2172,0,572,4.810671256454389,False,0.0,0,0,0,0,0,0
coordinated_frontier_greedy,8,25,25,3,819382448,1645421708,3451799802,118549108,2613022947,0,,0.3,0.4336,354,True,1.0,284,3000,28,192,221,284,1195,0,1077,2.295575221238938,False,0.0,0,0,0,0,0,0
coordinated_frontier_greedy,4,25,25,0,3757552657,673228719,3241444873,3685993406,2968811710,0,,0.3,0.3856,384,False,0.6927083333333334,3000,3000,83,,,,436,0,11564,0.8771929824561403,False,0.0,0,0,0,0,0,0
coordinated_frontier_greedy,4,25,25,2,2001025171,2240297063,1311118443,2854122131,3141116543,0,,0.3,0.4048,372,False,0.9274193548387096,3000,3000,103,198,,,1204,0,10796,2.625239005736138,False,0.0,0,0,0,0,0,0
coordinated_frontier_hungarian,1,25,25,0,3757552657,673228719,3241444873,3685993406,2968811710,0,,0.3,0.3856,384,True,1.0,485,3000,174,385,411,485,485,0,0,0.0,False,0.0,0,0,0,0,0,0
coordinated_frontier_hungarian,1,25,25,1,1641411168,1454127163,2749604155,3056722145,3964924996,0,,0.3,0.5376,289,True,1.0,398,3000,165,308,321,398,398,0,0,0.0,False,0.0,0,0,0,0,0,0
coordinated_frontier_greedy,8,25,25,4,367776961,3166742020,1587198119,759788228,1874364848,0,,0.3,0.44,350,True,1.0,317,3000,50,240,307,317,1589,0,947,3.622137404580153,False,0.0,0,0,0,0,0,0
coordinated_frontier_hungarian,1,25,25,2,2001025171,2240297063,1311118443,2854122131,3141116543,0,,0.3,0.4048,372,True,1.0,494,3000,174,344,398,494,494,0,0,0.0,False,0.0,0,0,0,0,0,0
coordinated_frontier_hungarian,1,25,25,3,819382448,1645421708,3451799802,118549108,2613022947,0,,0.3,0.4336,354,True,1.0,415,3000,164,386,401,415,415,0,0,0.0,False,0.0,0,0,0,0,0,0
coordinated_frontier_hungarian,1,25,25,4,367776961,3166742020,1587198119,759788228,1874364848,0,,0.3,0.44,350,True,1.0,430,3000,162,295,328,430,430,0,0,0.0,False,0.0,0,0,0,0,0,0
coordinated_frontier_hungarian,1,25,25,5,803261128,3767054407,3210010690,2928346150,161328693,0,,0.3,0.4992,313,True,1.0,394,3000,152,291,325,394,394,0,0,0.0,False,0.0,0,0,0,0,0,0
coordinated_frontier_hungarian,1,25,25,6,3153149895,4186225163,103425314,3709245926,2617721224,0,,0.3,0.392,380,True,1.0,418,3000,189,322,338,418,418,0,0,0.0,False,0.0,0,0,0,0,0,0
coordinated_frontier_hungarian,1,25,25,7,1201125462,3618983171,3831650445,3842200183,1369798745,0,,0.3,0.4208,362,True,1.0,437,3000,193,387,406,437,437,0,0,0.0,False,0.0,0,0,0,0,0,0
coordinated_frontier_hungarian,2,25,25,1,1641411168,1454127163,2749604155,3056722145,3964924996,0,,0.3,0.5376,289,True,1.0,361,3000,61,152,201,361,722,0,0,0.9047619047619048,False,0.0,0,0,0,0,0,0
coordinated_frontier_hungarian,2,25,25,0,3757552657,673228719,3241444873,3685993406,2968811710,0,,0.3,0.3856,384,True,1.0,463,3000,94,334,356,463,926,0,0,0.9798994974874372,False,0.0,0,0,0,0,0,0
coordinated_frontier_hungarian,2,25,25,2,2001025171,2240297063,1311118443,2854122131,3141116543,0,,0.3,0.4048,372,True,1.0,410,3000,91,230,357,410,820,0,0,0.8900343642611683,False,0.0,0,0,0,0,0,0
coordinated_frontier_greedy,4,25,25,7,1201125462,3618983171,3831650445,3842200183,1369798745,0,,0.3,0.4208,362,False,0.430939226519337,3000,3000,,,,,148,0,11852,0.3432203389830508,False,0.0,0,0,0,0,0,0
coordinated_frontier_greedy,4,25,25,4,367776961,3166742020,1587198119,759788228,1874364848,0,,0.3,0.44,350,False,0.4828571428571429,3000,3000,,,,,300,0,11700,1.3291139240506329,False,0.0,0,0,0,0,0,0
coordinated_frontier_hungarian,2,25,25,4,367776961,3166742020,1587198119,759788228,1874364848,0,,0.3,0.44,350,True,1.0,397,3000,67,289,303,397,794,0,0,0.96045197740113,False,0.0,0,0,0,0,0,0
coordinated_frontier_hungarian,2,25,25,5,803261128,3767054407,3210010690,2928346150,161328693,0,,0.3,0.4992,313,True,1.0,358,3000,74,266,296,358,716,0,0,0.9184890656063618,False,0.0,0,0,0,0,0,0
coordinated_frontier_hungarian,2,25,25,6,3153149895,4186225163,103425314,3709245926,2617721224,0,,0.3,0.392,380,True,1.0,406,3000,98,324,356,406,812,0,0,0.9404553415061296,False,0.0,0,0,0,0,0,0
coordinated_frontier_hungarian,2,25,25,7,1201125462,3618983171,3831650445,3842200183,1369798745,0,,0.3,0.4208,362,True,1.0,334,3000,78,281,302,334,668,0,0,0.7463503649635036,False,0.0,0,0,0,0,0,0
coordinated_frontier_hungarian,4,25,25,0,3757552657,673228719,3241444873,3685993406,2968811710,0,,0.3,0.3856,384,True,1.0,192,3000,41,158,171,192,768,0,0,0.8564273789649416,False,0.0,0,0,0,0,0,0
coordinated_frontier_hungarian,4,25,25,1,1641411168,1454127163,2749604155,3056722145,3964924996,0,,0.3,0.5376,289,True,1.0,319,3000,36,133,150,319,1136,0,140,2.06875,False,0.0,0,0,0,0,0,0
coordinated_frontier_hungarian,4,25,25,3,819382448,1645421708,3451799802,118549108,2613022947,0,,0.3,0.4336,354,True,1.0,199,3000,43,157,178,199,796,0,0,0.9504424778761061,False,0.0,0,0,0,0,0,0
coordinated_frontier_hungarian,4,25,25,2,2001025171,2240297063,1311118443,2854122131,3141116543,0,,0.3,0.4048,372,True,1.0,331,3000,44,192,200,331,1324,0,0,2.274914089347079,False,0.0,0,0,0,0,0,0
coordinated_frontier_hungarian,4,25,25,5,803261128,3767054407,3210010690,2928346150,161328693,0,,0.3,0.4992,313,True,1.0,160,3000,32,98,105,160,640,0,0,0.9520958083832335,False,0.0,0,0,0,0,0,0
coordinated_frontier_hungarian,4,25,25,4,367776961,3166742020,1587198119,759788228,1874364848,0,,0.3,0.44,350,True,1.0,244,3000,36,93,163,244,946,0,30,1.6944971537001898,False,0.0,0,0,0,0,0,0
coordinated_frontier_hungarian,2,25,25,3,819382448,1645421708,3451799802,118549108,2613022947,0,,0.3,0.4336,354,False,0.8418079096045198,3000,3000,80,,,,686,0,5314,0.8987603305785123,False,0.0,0,0,0,0,0,0
coordinated_frontier_hungarian,4,25,25,6,3153149895,4186225163,103425314,3709245926,2617721224,0,,0.3,0.392,380,True,1.0,295,3000,59,144,195,295,1180,0,0,2.203866432337434,False,0.0,0,0,0,0,0,0
coordinated_frontier_hungarian,8,25,25,1,1641411168,1454127163,2749604155,3056722145,3964924996,0,,0.3,0.5376,289,True,1.0,89,3000,13,55,71,89,712,0,0,1.2655601659751037,False,0.0,0,0,0,0,0,0
coordinated_frontier_hungarian,8,25,25,0,3757552657,673228719,3241444873,3685993406,2968811710,0,,0.3,0.3856,384,True,1.0,153,3000,23,82,129,153,1190,0,34,2.045,False,0.0,0,0,0,0,0,0
coordinated_frontier_hungarian,8,25,25,2,2001025171,2240297063,1311118443,2854122131,3141116543,0,,0.3,0.4048,372,True,1.0,147,3000,21,74,101,147,1026,0,150,1.5593803786574871,False,0.0,0,0,0,0,0,0
coordinated_frontier_hungarian,8,25,25,5,803261128,3767054407,3210010690,2928346150,161328693,0,,0.3,0.4992,313,True,1.0,75,3000,15,40,53,75,600,0,0,0.8605577689243028,False,0.0,0,0,0,0,0,0
coordinated_frontier_hungarian,8,25,25,3,819382448,1645421708,3451799802,118549108,2613022947,0,,0.3,0.4336,354,True,1.0,175,3000,16,77,91,175,1332,0,68,2.2296819787985864,False,0.0,0,0,0,0,0,0
coordinated_frontier_hungarian,8,25,25,4,367776961,3166742020,1587198119,759788228,1874364848,0,,0.3,0.44,350,True,1.0,154,3000,17,56,79,154,1232,0,0,2.3572778827977316,False,0.0,0,0,0,0,0,0
move_toward_frontier_astar,4,25,25,0,3757552657,673228719,3241444873,3685993406,2968811710,0,,0.3,0.3856,384,False,0.3828125,3000,3000,,,,,162,0,11838,0.43243243243243246,False,0.0,0,0,0,0,0,0
coordinated_frontier_hungarian,8,25,25,7,1201125462,3618983171,3831650445,3842200183,1369798745,0,,0.3,0.4208,362,True,1.0,103,3000,17,73,84,103,802,0,22,1.206896551724138,False,0.0,0,0,0,0,0,0
move_toward_frontier_astar,4,25,25,1,1641411168,1454127163,2749604155,3056722145,3964924996,0,,0.3,0.5376,289,True,1.0,399,3000,85,296,339,399,534,0,1062,0.5767634854771784,False,0.0,0,0,0,0,0,0
move_toward_frontier_astar,4,25,25,2,2001025171,2240297063,1311118443,2854122131,3141116543,0,,0.3,0.4048,372,False,0.3629032258064516,3000,3000,,,,,198,0,11802,1.0966183574879227,False,0.0,0,0,0,0,0,0
move_toward_frontier_astar,4,25,25,3,819382448,1645421708,3451799802,118549108,2613022947,0,,0.3,0.4336,354,False,0.5734463276836158,3000,3000,63,,,,368,0,11632,0.9565217391304348,False,0.0,0,0,0,0,0,0
move_toward_frontier_astar,4,25,25,5,803261128,3767054407,3210010690,2928346150,161328693,0,,0.3,0.4992,313,True,1.0,406,3000,88,303,337,406,531,0,1093,0.4731610337972167,False,0.0,0,0,0,0,0,0
move_toward_frontier_astar,4,25,25,4,367776961,3166742020,1587198119,759788228,1874364848,0,,0.3,0.44,350,False,0.36,3000,3000,,,,,114,0,11886,0.6994219653179191,False,0.0,0,0,0,0,0,0
coordinated_frontier_hungarian,8,25,25,6,3153149895,4186225163,103425314,3709245926,2617721224,0,,0.3,0.392,380,True,1.0,236,3000,27,83,106,236,1766,0,122,3.36077057793345,False,0.0,0,0,0,0,0,0
move_toward_frontier_astar,4,25,25,6,3153149895,4186225163,103425314,3709245926,2617721224,0,,0.3,0.392,380,False,0.2,3000,3000,,,,,73,0,11927,0.7368421052631579,False,0.0,0,0,0,0,0,0
move_toward_frontier_astar,4,25,25,8,3257320810,631391383,1558974550,2103456034,3026431988,0,,0.3,0.4784,326,False,0.3803680981595092,3000,3000,,,,,113,0,11887,0.5405405405405406,False,0.0,0,0,0,0,0,0
move_toward_frontier_astar,4,25,25,9,747784396,4053640108,1988026542,219603630,2214077229,0,,0.3,0.4048,372,False,0.25806451612903225,3000,3000,,,,,75,0,11925,0.39072847682119205,False,0.0,0,0,0,0,0,0
move_toward_frontier_astar,4,25,25,7,1201125462,3618983171,3831650445,3842200183,1369798745,0,,0.3,0.4208,362,False,0.44751381215469616,3000,3000,,,,,190,0,11810,0.8091286307053942,False,0.0,0,0,0,0,0,0
coordinated_frontier_greedy,4,25,25,1,1641411168,1454127163,2749604155,3056722145,3964924996,0,,0.3,0.5376,289,True,1.0,375,3000,91,273,313,375,1280,0,220,2.5553235908141962,False,0.0,0,0,0,0,0,0
coordinated_frontier_greedy,4,25,25,3,819382448,1645421708,3451799802,118549108,2613022947,0,,0.3,0.4336,354,True,1.0,405,3000,92,318,334,405,1032,0,588,1.6081560283687943,False,0.0,0,0,0,0,0,0
coordinated_frontier_hungarian,4,25,25,7,1201125462,3618983171,3831650445,3842200183,1369798745,0,,0.3,0.4208,362,False,0.9613259668508287,3000,3000,40,155,171,,1160,0,10840,2.106060606060606,False,0.0,0,0,0,0,0,0
coordinated_frontier_greedy,4,25,25,5,803261128,3767054407,3210010690,2928346150,161328693,0,,0.3,0.4992,313,True,1.0,384,3000,60,272,350,384,936,0,600,1.5318725099601593,False,0.0,0,0,0,0,0,0
coordinated_frontier_greedy,4,25,25,6,3153149895,4186225163,103425314,3709245926,2617721224,0,,0.3,0.392,380,True,1.0,385,3000,147,311,333,385,1208,0,332,2.0998248686514884,False,0.0,0,0,0,0,0,0
coordinated_frontier_greedy,4,25,25,0,3757552657,673228719,3241444873,3685993406,2968811710,0,,0.3,0.3856,384,False,0.6927083333333334,3000,3000,83,,,,436,0,11564,0.8771929824561403,False,0.0,0,0,0,0,0,0
coordinated_frontier_greedy,4,25,25,2,2001025171,2240297063,1311118443,2854122131,3141116543,0,,0.3,0.4048,372,False,0.9274193548387096,3000,3000,103,198,,,1204,0,10796,2.625239005736138,False,0.0,0,0,0,0,0,0
coordinated_frontier_greedy,4,25,25,8,3257320810,631391383,1558974550,2103456034,3026431988,0,,0.3,0.4784,326,True,1.0,341,3000,77,189,246,341,778,0,586,1.2690058479532165,False,0.0,0,0,0,0,0,0
coordinated_frontier_hungarian,4,25,25,0,3757552657,673228719,3241444873,3685993406,2968811710,0,,0.3,0.3856,384,True,1.0,192,3000,41,158,171,192,768,0,0,0.8564273789649416,False,0.0,0,0,0,0,0,0
coordinated_frontier_greedy,4,25,25,4,367776961,3166742020,1587198119,759788228,1874364848,0,,0.3,0.44,350,False,0.4828571428571429,3000,3000,,,,,300,0,11700,1.3291139240506329,False,0.0,0,0,0,0,0,0
coordinated_frontier_hungarian,4,25,25,1,1641411168,1454127163,2749604155,3056722145,3964924996,0,,0.3,0.5376,289,True,1.0,319,3000,36,133,150,319,1136,0,140,2.06875,False,0.0,0,0,0,0,0,0
coordinated_frontier_hungarian,4,25,25,3,819382448,1645421708,3451799802,118549108,2613022947,0,,0.3,0.4336,354,True,1.0,199,3000,43,157,178,199,796,0,0,0.9504424778761061,False,0.0,0,0,0,0,0,0
coordinated_frontier_hungarian,4,25,25,2,2001025171,2240297063,1311118443,2854122131,3141116543,0,,0.3,0.4048,372,True,1.0,331,3000,44,192,200,331,1324,0,0,2.274914089347079,False,0.0,0,0,0,0,0,0
coordinated_frontier_hungarian,4,25,25,5,803261128,3767054407,3210010690,2928346150,161328693,0,,0.3,0.4992,313,True,1.0,160,3000,32,98,105,160,640,0,0,0.9520958083832335,False,0.0,0,0,0,0,0,0
coordinated_frontier_hungarian,4,25,25,4,367776961,3166742020,1587198119,759788228,1874364848,0,,0.3,0.44,350,True,1.0,244,3000,36,93,163,244,946,0,30,1.6944971537001898,False,0.0,0,0,0,0,0,0
coordinated_frontier_greedy,4,25,25,7,1201125462,3618983171,3831650445,3842200183,1369798745,0,,0.3,0.4208,362,False,0.430939226519337,3000,3000,,,,,148,0,11852,0.3432203389830508,False,0.0,0,0,0,0,0,0
coordinated_frontier_hungarian,4,25,25,6,3153149895,4186225163,103425314,3709245926,2617721224,0,,0.3,0.392,380,True,1.0,295,3000,59,144,195,295,1180,0,0,2.203866432337434,False,0.0,0,0,0,0,0,0
coordinated_frontier_hungarian,4,25,25,8,3257320810,631391383,1558974550,2103456034,3026431988,0,,0.3,0.4784,326,True,1.0,272,3000,30,94,110,272,1024,0,64,2.1442495126705654,False,0.0,0,0,0,0,0,0
coordinated_frontier_hungarian,4,25,25,9,747784396,4053640108,1988026542,219603630,2214077229,0,,0.3,0.4048,372,True,1.0,241,3000,47,186,215,241,964,0,0,1.2902097902097902,False,0.0,0,0,0,0,0,0
move_toward_frontier_astar,4,25,25,1,1641411168,1454127163,2749604155,3056722145,3964924996,0,,0.3,0.5376,289,False,0.9896193771626297,3000,3000,68,161,182,,486,0,11514,0.6617954070981211,True,0.0,744,744,0,8658,8658,0
move_toward_frontier_astar,4,25,25,0,3757552657,673228719,3241444873,3685993406,2968811710,0,,0.3,0.3856,384,False,0.8203125,3000,3000,45,,,,406,0,11594,0.560081466395112,True,0.0,780,780,0,8910,8910,0
coordinated_frontier_greedy,4,25,25,9,747784396,4053640108,1988026542,219603630,2214077229,0,,0.3,0.4048,372,False,0.5456989247311828,3000,3000,98,,,,240,0,11760,0.36217948717948717,False,0.0,0,0,0,0,0,0
move_toward_frontier_astar,4,25,25,2,2001025171,2240297063,1311118443,2854122131,3141116543,0,,0.3,0.4048,372,False,0.8870967741935484,3000,3000,41,,,,409,0,11591,0.6036217303822937,True,0.0,774,774,0,9018,9018,0
move_toward_frontier_astar,4,25,25,5,803261128,3767054407,3210010690,2928346150,161328693,0,,0.3,0.4992,313,True,1.0,217,3000,53,142,190,217,486,0,382,0.47105788423153694,True,0.0,813,813,0,9018,9018,0
move_toward_frontier_astar,4,25,25,6,3153149895,4186225163,103425314,3709245926,2617721224,0,,0.3,0.392,380,True,1.0,181,3000,51,104,123,181,496,0,228,0.5341506129597198,True,0.0,939,939,0,10422,10422,0
move_toward_frontier_astar,4,25,25,3,819382448,1645421708,3451799802,118549108,2613022947,0,,0.3,0.4336,354,False,0.9971751412429378,3000,3000,43,148,165,,495,0,11505,0.34513274336283184,True,0.0,915,915,0,10170,10170,0
move_toward_frontier_astar,4,25,25,7,1201125462,3618983171,3831650445,3842200183,1369798745,0,,0.3,0.4208,362,True,1.0,249,3000,32,140,165,249,526,0,470,0.5579710144927537,True,0.0,903,903,0,10080,10080,0
move_toward_frontier_astar,4,25,25,4,367776961,3166742020,1587198119,759788228,1874364848,0,,0.3,0.44,350,False,0.9971428571428571,3000,3000,36,117,136,,501,0,11499,0.6515151515151515,True,0.0,873,873,0,9594,9594,0
coordinated_frontier_greedy,8,25,25,5,803261128,3767054407,3210010690,2928346150,161328693,0,,0.3,0.4992,313,False,0.8881789137380192,3000,3000,21,,,,1250,0,22750,3.6666666666666665,False,0.0,0,0,0,0,0,0
move_toward_frontier_astar,4,25,25,9,747784396,4053640108,1988026542,219603630,2214077229,0,,0.3,0.4048,372,False,0.7526881720430108,3000,3000,83,,,,274,0,11726,0.06521739130434782,True,0.0,660,660,0,7506,7506,0
move_toward_frontier_astar,4,25,25,8,3257320810,631391383,1558974550,2103456034,3026431988,0,,0.3,0.4784,326,False,0.9754601226993865,3000,3000,34,121,130,,368,0,11632,0.2804123711340206,True,0.0,747,747,0,8802,8802,0
coordinated_frontier_greedy,4,25,25,1,1641411168,1454127163,2749604155,3056722145,3964924996,0,,0.3,0.5376,289,True,1.0,297,3000,72,214,241,297,400,0,788,0.2375,True,0.0,762,762,0,8676,8676,0
coordinated_frontier_greedy,4,25,25,3,819382448,1645421708,3451799802,118549108,2613022947,0,,0.3,0.4336,354,True,1.0,118,3000,43,97,110,118,472,0,0,0.44107142857142856,True,0.0,900,900,0,10134,10134,0
coordinated_frontier_greedy,4,25,25,4,367776961,3166742020,1587198119,759788228,1874364848,0,,0.3,0.44,350,True,1.0,101,3000,33,88,93,101,404,0,0,0.2944550669216061,True,0.0,843,843,0,9522,9522,0
coordinated_frontier_greedy,4,25,25,5,803261128,3767054407,3210010690,2928346150,161328693,0,,0.3,0.4992,313,True,1.0,109,3000,37,91,97,109,426,0,10,0.37649402390438247,True,0.0,837,837,0,9072,9072,0
coordinated_frontier_hungarian,4,25,25,7,1201125462,3618983171,3831650445,3842200183,1369798745,0,,0.3,0.4208,362,False,0.9613259668508287,3000,3000,40,155,171,,1160,0,10840,2.106060606060606,False,0.0,0,0,0,0,0,0
coordinated_frontier_greedy,4,25,25,6,3153149895,4186225163,103425314,3709245926,2617721224,0,,0.3,0.392,380,True,1.0,117,3000,47,91,98,117,458,0,10,0.4238178633975482,True,0.0,939,939,0,10368,10368,0
coordinated_frontier_greedy,8,25,25,7,1201125462,3618983171,3831650445,3842200183,1369798745,0,,0.3,0.4208,362,False,0.9558011049723757,3000,3000,29,269,285,,1686,0,22314,3.86046511627907,False,0.0,0,0,0,0,0,0
coordinated_frontier_greedy,8,25,25,6,3153149895,4186225163,103425314,3709245926,2617721224,0,,0.3,0.392,380,False,0.95,3000,3000,38,233,333,,837,0,23163,1.4878504672897197,False,0.0,0,0,0,0,0,0
coordinated_frontier_hungarian,4,25,25,0,3757552657,673228719,3241444873,3685993406,2968811710,0,,0.3,0.3856,384,True,1.0,143,3000,45,101,123,143,572,0,0,0.6060100166944908,True,0.0,939,939,0,10782,10782,0
coordinated_frontier_hungarian,4,25,25,2,2001025171,2240297063,1311118443,2854122131,3141116543,0,,0.3,0.4048,372,True,1.0,113,3000,39,93,102,113,452,0,0,0.40344827586206894,True,0.0,921,921,0,10494,10494,0
coordinated_frontier_hungarian,4,25,25,3,819382448,1645421708,3451799802,118549108,2613022947,0,,0.3,0.4336,354,True,1.0,129,3000,43,98,106,129,516,0,0,0.5097345132743363,True,0.0,903,903,0,10188,10188,0
coordinated_frontier_hungarian,4,25,25,4,367776961,3166742020,1587198119,759788228,1874364848,0,,0.3,0.44,350,True,1.0,99,3000,33,89,92,99,396,0,0,0.25287356321839083,True,0.0,831,831,0,9486,9486,0
coordinated_frontier_greedy,4,25,25,2,2001025171,2240297063,1311118443,2854122131,3141116543,0,,0.3,0.4048,372,False,0.9973118279569892,3000,3000,38,97,104,,493,0,11507,0.4532871972318339,True,0.0,942,942,0,10512,10512,0
coordinated_frontier_hungarian,4,25,25,1,1641411168,1454127163,2749604155,3056722145,3964924996,0,,0.3,0.5376,289,False,0.9965397923875432,3000,3000,45,80,87,,438,0,11562,0.6299376299376299,True,0.0,732,732,0,8712,8712,0
coordinated_frontier_greedy,4,25,25,0,3757552657,673228719,3241444873,3685993406,2968811710,0,,0.3,0.3856,384,False,0.6770833333333334,3000,3000,45,,,,275,0,11725,0.32575757575757575,True,0.0,597,597,0,7128,7128,0
coordinated_frontier_greedy,4,25,25,8,3257320810,631391383,1558974550,2103456034,3026431988,0,,0.3,0.4784,326,False,0.9969325153374233,3000,3000,34,118,122,,442,0,11558,0.5107632093933464,True,0.0,783,783,0,9234,9234,0
coordinated_frontier_hungarian,4,25,25,6,3153149895,4186225163,103425314,3709245926,2617721224,0,,0.3,0.392,380,True,1.0,124,3000,49,92,97,124,496,0,0,0.47285464098073554,True,0.0,945,945,0,10404,10404,0
coordinated_frontier_hungarian,4,25,25,8,3257320810,631391383,1558974550,2103456034,3026431988,0,,0.3,0.4784,326,True,1.0,105,3000,34,89,94,105,420,0,0,0.46534653465346537,True,0.0,789,789,0,9252,9252,0
coordinated_frontier_hungarian,4,25,25,7,1201125462,3618983171,3831650445,3842200183,1369798745,0,,0.3,0.4208,362,True,1.0,116,3000,33,90,101,116,464,0,0,0.5027522935779817,True,0.0,879,879,0,9918,9918,0
coordinated_frontier_hungarian,4,25,25,9,747784396,4053640108,1988026542,219603630,2214077229,0,,0.3,0.4048,372,True,1.0,135,3000,37,107,116,135,534,0,6,0.5348432055749129,True,0.0,939,939,0,10440,10440,0
move_toward_frontier_astar,4,25,25,1,1641411168,1454127163,2749604155,3056722145,3964924996,0,,0.3,0.5376,289,False,0.4083044982698962,3000,3000,,,,,108,0,11892,0.17525773195876287,True,0.3,279,192,87,3762,2550,1212
coordinated_frontier_greedy,4,25,25,9,747784396,4053640108,1988026542,219603630,2214077229,0,,0.3,0.4048,372,False,0.978494623655914,3000,3000,52,155,169,,470,0,11530,0.30892857142857144,True,0.0,948,948,0,10224,10224,0
coordinated_frontier_greedy,4,25,25,7,1201125462,3618983171,3831650445,3842200183,1369798745,0,,0.3,0.4208,362,False,0.9475138121546961,3000,3000,32,112,,,418,0,11582,0.3784313725490196,True,0.0,840,840,0,9378,9378,0
move_toward_frontier_astar,4,25,25,0,3757552657,673228719,3241444873,3685993406,2968811710,0,,0.3,0.3856,384,False,0.5703125,3000,3000,94,,,,342,0,11658,0.9756838905775076,True,0.3,735,527,208,8010,5784,2226
move_toward_frontier_astar,4,25,25,7,1201125462,3618983171,3831650445,3842200183,1369798745,0,,0.3,0.4208,362,True,1.0,178,3000,33,126,140,178,596,0,116,0.8363636363636363,True,0.3,1197,842,355,12726,9066,3660
move_toward_frontier_astar,4,25,25,4,367776961,3166742020,1587198119,759788228,1874364848,0,,0.3,0.44,350,False,0.3514285714285714,3000,3000,,,,,80,0,11920,0.22807017543859648,True,0.3,234,158,76,3402,2286,1116
coordinated_frontier_hungarian,4,25,25,5,803261128,3767054407,3210010690,2928346150,161328693,0,,0.3,0.4992,313,False,0.9936102236421726,3000,3000,36,83,91,,422,0,11578,0.44488977955911824,True,0.0,798,798,0,9054,9054,0
move_toward_frontier_astar,4,25,25,3,819382448,1645421708,3451799802,118549108,2613022947,0,,0.3,0.4336,354,False,0.8248587570621468,3000,3000,48,,,,482,0,11518,0.7356076759061834,True,0.3,960,673,287,10584,7380,3204
coordinated_frontier_greedy,4,25,25,0,3757552657,673228719,3241444873,3685993406,2968811710,0,,0.3,0.3856,384,True,1.0,146,3000,55,117,125,146,584,0,0,0.6616666666666666,True,0.3,1209,853,356,13176,9330,3846
move_toward_frontier_astar,4,25,25,5,803261128,3767054407,3210010690,2928346150,161328693,0,,0.3,0.4992,313,False,0.597444089456869,3000,3000,59,,,,312,0,11688,0.975177304964539,True,0.3,606,418,188,6786,4638,2148
move_toward_frontier_astar,4,25,25,2,2001025171,2240297063,1311118443,2854122131,3141116543,0,,0.3,0.4048,372,False,0.9758064516129032,3000,3000,54,149,165,,667,0,11333,1.1932021466905187,True,0.3,1398,997,401,14382,10260,4122
move_toward_frontier_astar,4,25,25,9,747784396,4053640108,1988026542,219603630,2214077229,0,,0.3,0.4048,372,False,0.32526881720430106,3000,3000,,,,,92,0,11908,0.36666666666666664,True,0.3,264,185,79,3672,2592,1080
move_toward_frontier_astar,4,25,25,6,3153149895,4186225163,103425314,3709245926,2617721224,0,,0.3,0.392,380,False,0.5605263157894737,3000,3000,83,,,,252,0,11748,0.4294294294294294,True,0.3,600,407,193,6930,4608,2322
move_toward_frontier_astar,4,25,25,8,3257320810,631391383,1558974550,2103456034,3026431988,0,,0.3,0.4784,326,False,0.5153374233128835,3000,3000,43,,,,174,0,11826,0.41568627450980394,True,0.3,435,290,145,5562,3708,1854
coordinated_frontier_greedy,4,25,25,4,367776961,3166742020,1587198119,759788228,1874364848,0,,0.3,0.44,350,True,1.0,187,3000,37,146,152,187,748,0,0,1.6363636363636365,True,0.3,1446,1032,414,14832,10524,4308
coordinated_frontier_greedy,4,25,25,3,819382448,1645421708,3451799802,118549108,2613022947,0,,0.3,0.4336,354,True,1.0,296,3000,53,148,167,296,840,0,344,1.3120567375886525,True,0.3,1422,997,425,14634,10176,4458
coordinated_frontier_greedy,4,25,25,6,3153149895,4186225163,103425314,3709245926,2617721224,0,,0.3,0.392,380,True,1.0,270,3000,80,196,209,270,580,0,500,0.7513134851138353,True,0.3,1227,861,366,13140,9054,4086
coordinated_frontier_greedy,4,25,25,5,803261128,3767054407,3210010690,2928346150,161328693,0,,0.3,0.4992,313,True,1.0,371,3000,71,286,352,371,588,0,896,0.9582504970178927,True,0.3,1134,798,336,12204,8622,3582
coordinated_frontier_greedy,4,25,25,8,3257320810,631391383,1558974550,2103456034,3026431988,0,,0.3,0.4784,326,True,1.0,269,3000,72,168,220,269,674,0,402,1.1796875,True,0.3,1245,862,383,13482,9228,4254
coordinated_frontier_greedy,4,25,25,9,747784396,4053640108,1988026542,219603630,2214077229,0,,0.3,0.4048,372,True,1.0,362,3000,66,151,191,362,865,0,583,1.314878892733564,True,0.3,1512,1065,447,14958,10704,4254
coordinated_frontier_hungarian,4,25,25,1,1641411168,1454127163,2749604155,3056722145,3964924996,0,,0.3,0.5376,289,True,1.0,182,3000,59,132,152,182,540,0,188,0.9376299376299376,True,0.3,1026,702,324,11340,7800,3540
coordinated_frontier_hungarian,4,25,25,0,3757552657,673228719,3241444873,3685993406,2968811710,0,,0.3,0.3856,384,True,1.0,146,3000,55,117,127,146,584,0,0,0.6649916247906198,True,0.3,1209,853,356,13158,9270,3888
coordinated_frontier_hungarian,4,25,25,4,367776961,3166742020,1587198119,759788228,1874364848,0,,0.3,0.44,350,True,1.0,175,3000,37,143,149,175,700,0,0,1.3825757575757576,True,0.3,1389,999,390,14292,10260,4032
coordinated_frontier_hungarian,4,25,25,5,803261128,3767054407,3210010690,2928346150,161328693,0,,0.3,0.4992,313,True,1.0,219,3000,56,165,173,219,762,0,114,1.5548902195608783,True,0.3,1374,971,403,14058,9900,4158
coordinated_frontier_hungarian,4,25,25,6,3153149895,4186225163,103425314,3709245926,2617721224,0,,0.3,0.392,380,True,1.0,237,3000,72,155,165,237,948,0,0,1.851138353765324,True,0.3,1695,1182,513,17136,11832,5304
coordinated_frontier_hungarian,4,25,25,3,819382448,1645421708,3451799802,118549108,2613022947,0,,0.3,0.4336,354,True,1.0,340,3000,41,251,293,340,774,0,586,1.2243816254416962,True,0.3,1350,939,411,14418,9954,4464
coordinated_frontier_hungarian,4,25,25,7,1201125462,3618983171,3831650445,3842200183,1369798745,0,,0.3,0.4208,362,True,1.0,184,3000,33,130,147,184,736,0,0,1.1806569343065694,True,0.3,1293,919,374,13626,9780,3846
move_toward_frontier_astar,4,25,25,0,3757552657,673228719,3241444873,3685993406,2968811710,0,,0.3,0.3856,384,False,0.3802083333333333,3000,3000,,,,,172,0,11828,0.45701357466063347,True,0.7,405,126,279,5202,1572,3630
coordinated_frontier_greedy,4,25,25,1,1641411168,1454127163,2749604155,3056722145,3964924996,0,,0.3,0.5376,289,False,0.9757785467128027,3000,3000,61,191,199,,560,0,11440,0.8978723404255319,True,0.3,1005,686,319,11232,7638,3594
move_toward_frontier_astar,4,25,25,1,1641411168,1454127163,2749604155,3056722145,3964924996,0,,0.3,0.5376,289,False,0.4117647058823529,3000,3000,,,,,127,0,11873,0.3333333333333333,True,0.7,333,105,228,4374,1368,3006
move_toward_frontier_astar,4,25,25,3,819382448,1645421708,3451799802,118549108,2613022947,0,,0.3,0.4336,354,True,1.0,298,3000,52,189,209,298,772,0,420,1.1026548672566372,True,0.7,1611,482,1129,17946,5424,12522
move_toward_frontier_astar,4,25,25,4,367776961,3166742020,1587198119,759788228,1874364848,0,,0.3,0.44,350,True,1.0,385,3000,51,261,278,385,664,0,876,0.943502824858757,True,0.7,1446,409,1037,15786,4410,11376
move_toward_frontier_astar,4,25,25,2,2001025171,2240297063,1311118443,2854122131,3141116543,0,,0.3,0.4048,372,False,0.49193548387096775,3000,3000,,,,,187,0,11813,0.3655913978494624,True,0.7,522,149,373,6480,1818,4662
move_toward_frontier_astar,4,25,25,6,3153149895,4186225163,103425314,3709245926,2617721224,0,,0.3,0.392,380,True,1.0,387,3000,152,299,323,387,537,0,1011,0.45709281961471104,True,0.7,1227,371,856,13752,4092,9660
coordinated_frontier_greedy,4,25,25,2,2001025171,2240297063,1311118443,2854122131,3141116543,0,,0.3,0.4048,372,False,0.5672043010752689,3000,3000,70,,,,240,0,11760,0.490625,True,0.3,585,423,162,6840,5028,1812
coordinated_frontier_greedy,4,25,25,7,1201125462,3618983171,3831650445,3842200183,1369798745,0,,0.3,0.4208,362,False,0.9861878453038674,3000,3000,33,160,176,,764,0,11236,1.167587476979742,True,0.3,1317,936,381,13806,9798,4008
coordinated_frontier_hungarian,4,25,25,9,747784396,4053640108,1988026542,219603630,2214077229,0,,0.3,0.4048,372,True,1.0,301,3000,63,161,174,301,996,0,208,1.773747841105354,True,0.3,1674,1182,492,16974,11952,5022
move_toward_frontier_astar,4,25,25,5,803261128,3767054407,3210010690,2928346150,161328693,0,,0.3,0.4992,313,False,0.5271565495207667,3000,3000,72,,,,232,0,11768,0.6090225563909775,True,0.7,558,168,390,6462,1956,4506
move_toward_frontier_astar,4,25,25,9,747784396,4053640108,1988026542,219603630,2214077229,0,,0.3,0.4048,372,False,0.27419354838709675,3000,3000,,,,,83,0,11917,0.39622641509433965,True,0.7,237,68,169,3672,1074,2598
move_toward_frontier_astar,4,25,25,8,3257320810,631391383,1558974550,2103456034,3026431988,0,,0.3,0.4784,326,False,0.40797546012269936,3000,3000,,,,,117,0,11883,0.49230769230769234,True,0.7,339,82,257,4932,1152,3780
coordinated_frontier_greedy,4,25,25,1,1641411168,1454127163,2749604155,3056722145,3964924996,0,,0.3,0.5376,289,True,1.0,164,3000,54,145,155,164,656,0,0,1.2147368421052631,True,0.7,1329,407,922,15246,4722,10524
coordinated_frontier_greedy,4,25,25,0,3757552657,673228719,3241444873,3685993406,2968811710,0,,0.3,0.3856,384,True,1.0,370,3000,61,261,352,370,1058,0,422,1.6293823038397328,True,0.7,2106,648,1458,21978,6762,15216
move_toward_frontier_astar,4,25,25,7,1201125462,3618983171,3831650445,3842200183,1369798745,0,,0.3,0.4208,362,False,0.9834254143646409,3000,3000,33,288,336,,547,0,11453,0.6501831501831502,True,0.7,1212,380,832,13932,4410,9522
coordinated_frontier_greedy,4,25,25,4,367776961,3166742020,1587198119,759788228,1874364848,0,,0.3,0.44,350,True,1.0,248,3000,62,188,195,248,992,0,0,2.036259541984733,True,0.7,2124,590,1534,21960,6126,15834
coordinated_frontier_greedy,4,25,25,5,803261128,3767054407,3210010690,2928346150,161328693,0,,0.3,0.4992,313,True,1.0,347,3000,69,233,315,347,782,0,606,1.1491053677932406,True,0.7,1527,472,1055,16470,5100,11370
coordinated_frontier_greedy,4,25,25,6,3153149895,4186225163,103425314,3709245926,2617721224,0,,0.3,0.392,380,True,1.0,401,3000,68,218,231,401,1170,0,434,2.2031523642732047,True,0.7,2397,695,1702,24894,7158,17736
coordinated_frontier_greedy,4,25,25,8,3257320810,631391383,1558974550,2103456034,3026431988,0,,0.3,0.4784,326,True,1.0,340,3000,68,174,218,340,746,0,614,1.232421875,True,0.7,1542,431,1111,17406,4854,12552
coordinated_frontier_greedy,4,25,25,9,747784396,4053640108,1988026542,219603630,2214077229,0,,0.3,0.4048,372,True,1.0,276,3000,96,223,250,276,1104,0,0,1.8834782608695653,True,0.7,2265,652,1613,23292,6798,16494
coordinated_frontier_hungarian,4,25,25,0,3757552657,673228719,3241444873,3685993406,2968811710,0,,0.3,0.3856,384,True,1.0,255,3000,61,191,205,255,760,0,260,1.1335559265442403,True,0.7,1704,532,1172,19008,6024,12984
coordinated_frontier_hungarian,4,25,25,1,1641411168,1454127163,2749604155,3056722145,3964924996,0,,0.3,0.5376,289,True,1.0,249,3000,47,171,198,249,564,0,432,0.6854166666666667,True,0.7,1170,363,807,12852,4026,8826
coordinated_frontier_hungarian,4,25,25,8,3257320810,631391383,1558974550,2103456034,3026431988,0,,0.3,0.4784,326,True,1.0,407,3000,95,275,309,407,476,0,1152,0.3125,True,0.3,888,600,288,10404,7026,3378
coordinated_frontier_hungarian,4,25,25,3,819382448,1645421708,3451799802,118549108,2613022947,0,,0.3,0.4336,354,True,1.0,235,3000,55,199,217,235,940,0,0,1.661319073083779,True,0.7,2001,620,1381,20988,6408,14580
coordinated_frontier_hungarian,4,25,25,2,2001025171,2240297063,1311118443,2854122131,3141116543,0,,0.3,0.4048,372,True,1.0,296,3000,65,217,240,296,1184,0,0,2.2564543889845097,True,0.7,2412,736,1676,24660,7488,17172
coordinated_frontier_hungarian,4,25,25,5,803261128,3767054407,3210010690,2928346150,161328693,0,,0.3,0.4992,313,True,1.0,292,3000,44,223,247,292,872,0,296,1.658051689860835,True,0.7,1758,548,1210,18846,5868,12978
coordinated_frontier_hungarian,4,25,25,4,367776961,3166742020,1587198119,759788228,1874364848,0,,0.3,0.44,350,True,1.0,232,3000,52,168,187,232,854,0,74,1.635673624288425,True,0.7,1851,513,1338,19800,5580,14220
coordinated_frontier_hungarian,4,25,25,6,3153149895,4186225163,103425314,3709245926,2617721224,0,,0.3,0.392,380,True,1.0,378,3000,91,223,263,378,1134,0,378,2.0350262697022767,True,0.7,2259,653,1606,23724,6846,16878
coordinated_frontier_greedy,4,25,25,2,2001025171,2240297063,1311118443,2854122131,3141116543,0,,0.3,0.4048,372,False,0.6048387096774194,3000,3000,84,,,,290,0,11710,0.501466275659824,True,0.7,711,208,503,8208,2370,5838
move_toward_frontier_astar,2,10,10,0,3757552657,673228719,3241444873,3685993406,2968811710,0,empty,0.0,0.0,100,True,1.0,84,1500,35,74,79,84,168,0,0,0.98,False,0.0,0,0,0,0,0,0
move_toward_frontier_astar,2,10,10,1,1641411168,1454127163,2749604155,3056722145,3964924996,0,empty,0.0,0.0,100,True,1.0,76,1500,27,66,71,76,152,0,0,0.89,False,0.0,0,0,0,0,0,0
move_toward_frontier_astar,2,10,10,2,2001025171,2240297063,1311118443,2854122131,3141116543,0,empty,0.0,0.0,100,False,0.39,1500,1500,,,,,20,0,2980,0.05128205128205128,False,0.0,0,0,0,0,0,0
coordinated_frontier_greedy,4,25,25,3,819382448,1645421708,3451799802,118549108,2613022947,0,,0.3,0.4336,354,False,0.8022598870056498,3000,3000,60,,,,584,0,11416,1.1142857142857143,True,0.7,1302,392,910,14418,4368,10050
move_toward_frontier_astar,2,10,10,3,819382448,1645421708,3451799802,118549108,2613022947,0,empty,0.0,0.0,100,False,0.58,1500,1500,7,,,,18,0,2982,0.017241379310344827,False,0.0,0,0,0,0,0,0
move_toward_frontier_astar,4,10,10,0,3757552657,673228719,3241444873,3685993406,2968811710,0,empty,0.0,0.0,100,True,1.0,78,1500,7,54,73,78,136,0,176,0.97,False,0.0,0,0,0,0,0,0
move_toward_frontier_astar,2,10,10,4,367776961,3166742020,1587198119,759788228,1874364848,0,empty,0.0,0.0,100,False,0.46,1500,1500,,,,,16,0,2984,0.043478260869565216,False,0.0,0,0,0,0,0,0
move_toward_frontier_astar,4,10,10,2,2001025171,2240297063,1311118443,2854122131,3141116543,0,empty,0.0,0.0,100,False,0.61,1500,1500,5,,,,20,0,5980,0.13114754098360656,False,0.0,0,0,0,0,0,0
move_toward_frontier_astar,4,10,10,1,1641411168,1454127163,2749604155,3056722145,3964924996,0,empty,0.0,0.0,100,False,0.9,1500,1500,5,52,,,173,0,5827,1.7222222222222223,False,0.0,0,0,0,0,0,0
move_toward_frontier_astar,4,10,10,3,819382448,1645421708,3451799802,118549108,2613022947,0,empty,0.0,0.0,100,False,0.72,1500,1500,5,,,,69,0,5931,0.7083333333333334,False,0.0,0,0,0,0,0,0
move_toward_unknown_bfs,2,10,10,0,3757552657,673228719,3241444873,3685993406,2968811710,0,empty,0.0,0.0,100,True,1.0,52,1500,11,42,47,52,104,0,0,0.42,False,0.0,0,0,0,0,0,0
move_toward_unknown_bfs,2,10,10,1,1641411168,1454127163,2749604155,3056722145,3964924996,0,empty,0.0,0.0,100,True,1.0,76,1500,8,42,47,76,152,0,0,0.9,False,0.0,0,0,0,0,0,0
move_toward_unknown_bfs,2,10,10,2,2001025171,2240297063,1311118443,2854122131,3141116543,0,empty,0.0,0.0,100,True,1.0,39,1500,10,29,34,39,78,0,0,0.12,False,0.0,0,0,0,0,0,0
move_toward_unknown_bfs,2,10,10,3,819382448,1645421708,3451799802,118549108,2613022947,0,empty,0.0,0.0,100,False,0.6,1500,1500,7,,,,38,0,2962,0.3333333333333333,False,0.0,0,0,0,0,0,0
move_toward_frontier_astar,4,10,10,4,367776961,3166742020,1587198119,759788228,1874364848,0,empty,0.0,0.0,100,False,0.79,1500,1500,4,,,,34,0,5966,0.27848101265822783,False,0.0,0,0,0,0,0,0
move_toward_unknown_bfs,2,10,10,4,367776961,3166742020,1587198119,759788228,1874364848,0,empty,0.0,0.0,100,False,0.96,1500,1500,11,25,34,,72,0,2928,0.20833333333333334,False,0.0,0,0,0,0,0,0
move_toward_unknown_bfs,4,10,10,0,3757552657,673228719,3241444873,3685993406,2968811710,0,empty,0.0,0.0,100,False,0.94,1500,1500,9,33,,,79,0,5921,0.48936170212765956,False,0.0,0,0,0,0,0,0
move_toward_unknown_bfs,4,10,10,1,1641411168,1454127163,2749604155,3056722145,3964924996,0,empty,0.0,0.0,100,False,0.77,1500,1500,10,,,,52,0,5948,0.3116883116883117,False,0.0,0,0,0,0,0,0
move_toward_unknown_bfs,4,10,10,3,819382448,1645421708,3451799802,118549108,2613022947,0,empty,0.0,0.0,100,True,1.0,47,1500,5,37,42,47,85,0,103,0.48,False,0.0,0,0,0,0,0,0
move_toward_unknown_bfs,4,10,10,4,367776961,3166742020,1587198119,759788228,1874364848,0,empty,0.0,0.0,100,True,1.0,16,1500,4,13,14,16,64,0,0,0.41,False,0.0,0,0,0,0,0,0
move_toward_unknown_bfs,4,10,10,2,2001025171,2240297063,1311118443,2854122131,3141116543,0,empty,0.0,0.0,100,False,0.98,1500,1500,3,12,16,,112,0,5888,0.8979591836734694,False,0.0,0,0,0,0,0,0
coordinated_frontier_greedy,2,10,10,1,1641411168,1454127163,2749604155,3056722145,3964924996,0,empty,0.0,0.0,100,True,1.0,67,1500,25,61,64,67,134,0,0,0.84,False,0.0,0,0,0,0,0,0
coordinated_frontier_greedy,2,10,10,0,3757552657,673228719,3241444873,3685993406,2968811710,0,empty,0.0,0.0,100,False,0.31,1500,1500,,,,,20,0,2980,0.41935483870967744,False,0.0,0,0,0,0,0,0
coordinated_frontier_greedy,2,10,10,3,819382448,1645421708,3451799802,118549108,2613022947,0,empty,0.0,0.0,100,True,1.0,65,1500,7,46,60,65,130,0,0,0.87,False,0.0,0,0,0,0,0,0
coordinated_frontier_greedy,2,10,10,4,367776961,3166742020,1587198119,759788228,1874364848,0,empty,0.0,0.0,100,True,1.0,71,1500,10,60,64,71,142,0,0,0.95,False,0.0,0,0,0,0,0,0
coordinated_frontier_greedy,4,10,10,0,3757552657,673228719,3241444873,3685993406,2968811710,0,empty,0.0,0.0,100,True,1.0,40,1500,7,35,37,40,160,0,0,1.39,False,0.0,0,0,0,0,0,0
coordinated_frontier_greedy,4,10,10,1,1641411168,1454127163,2749604155,3056722145,3964924996,0,empty,0.0,0.0,100,True,1.0,68,1500,4,43,63,68,188,0,84,1.62,False,0.0,0,0,0,0,0,0
coordinated_frontier_greedy,2,10,10,2,2001025171,2240297063,1311118443,2854122131,3141116543,0,empty,0.0,0.0,100,False,0.52,1500,1500,26,,,,54,0,2946,0.6538461538461539,False,0.0,0,0,0,0,0,0
coordinated_frontier_greedy,4,10,10,2,2001025171,2240297063,1311118443,2854122131,3141116543,0,empty,0.0,0.0,100,True,1.0,59,1500,4,22,25,59,236,0,0,2.55,False,0.0,0,0,0,0,0,0
coordinated_frontier_greedy,4,10,10,3,819382448,1645421708,3451799802,118549108,2613022947,0,empty,0.0,0.0,100,True,1.0,70,1500,5,56,64,70,125,0,155,1.01,False,0.0,0,0,0,0,0,0
coordinated_frontier_greedy,4,10,10,4,367776961,3166742020,1587198119,759788228,1874364848,0,empty,0.0,0.0,100,True,1.0,45,1500,4,21,24,45,180,0,0,1.76,False,0.0,0,0,0,0,0,0
coordinated_frontier_hungarian,2,10,10,0,3757552657,673228719,3241444873,3685993406,2968811710,0,empty,0.0,0.0,100,True,1.0,50,1500,13,45,47,50,100,0,0,0.61,False,0.0,0,0,0,0,0,0
coordinated_frontier_hungarian,2,10,10,1,1641411168,1454127163,2749604155,3056722145,3964924996,0,empty,0.0,0.0,100,True,1.0,34,1500,10,28,31,34,68,0,0,0.08,False,0.0,0,0,0,0,0,0
coordinated_frontier_hungarian,2,10,10,2,2001025171,2240297063,1311118443,2854122131,3141116543,0,empty,0.0,0.0,100,True,1.0,44,1500,9,32,35,44,88,0,0,0.43,False,0.0,0,0,0,0,0,0
coordinated_frontier_hungarian,2,10,10,4,367776961,3166742020,1587198119,759788228,1874364848,0,empty,0.0,0.0,100,True,1.0,38,1500,14,33,36,38,76,0,0,0.0,False,0.0,0,0,0,0,0,0
coordinated_frontier_hungarian,2,10,10,3,819382448,1645421708,3451799802,118549108,2613022947,0,empty,0.0,0.0,100,True,1.0,44,1500,7,36,40,44,88,0,0,0.41,False,0.0,0,0,0,0,0,0
coordinated_frontier_hungarian,4,10,10,1,1641411168,1454127163,2749604155,3056722145,3964924996,0,empty,0.0,0.0,100,True,1.0,21,1500,4,14,15,21,84,0,0,0.45,False,0.0,0,0,0,0,0,0
coordinated_frontier_hungarian,4,10,10,0,3757552657,673228719,3241444873,3685993406,2968811710,0,empty,0.0,0.0,100,True,1.0,28,1500,5,18,22,28,112,0,0,0.96,False,0.0,0,0,0,0,0,0
coordinated_frontier_hungarian,4,10,10,2,2001025171,2240297063,1311118443,2854122131,3141116543,0,empty,0.0,0.0,100,True,1.0,17,1500,5,14,15,17,68,0,0,0.32,False,0.0,0,0,0,0,0,0
coordinated_frontier_hungarian,4,10,10,3,819382448,1645421708,3451799802,118549108,2613022947,0,empty,0.0,0.0,100,True,1.0,29,1500,6,21,22,29,108,0,8,0.79,False,0.0,0,0,0,0,0,0
coordinated_frontier_hungarian,4,10,10,4,367776961,3166742020,1587198119,759788228,1874364848,0,empty,0.0,0.0,100,True,1.0,33,1500,4,20,22,33,132,0,0,1.16,False,0.0,0,0,0,0,0,0
move_toward_frontier_astar,2,10,10,0,3757552657,673228719,3241444873,3685993406,2968811710,0,bordered_room,0.36,0.36,64,False,0.765625,1500,1500,17,,,,70,0,2930,0.9104477611940298,False,0.0,0,0,0,0,0,0
move_toward_frontier_astar,2,10,10,1,1641411168,1454127163,2749604155,3056722145,3964924996,0,bordered_room,0.36,0.36,64,False,0.953125,1500,1500,12,32,46,,92,0,2908,0.8390804597701149,False,0.0,0,0,0,0,0,0
move_toward_frontier_astar,2,10,10,3,819382448,1645421708,3451799802,118549108,2613022947,0,bordered_room,0.36,0.36,64,True,1.0,48,1500,7,38,41,48,96,0,0,0.946236559139785,False,0.0,0,0,0,0,0,0
move_toward_frontier_astar,2,10,10,4,367776961,3166742020,1587198119,759788228,1874364848,0,bordered_room,0.36,0.36,64,False,0.484375,1500,1500,,,,,12,0,2988,0.047619047619047616,False,0.0,0,0,0,0,0,0
move_toward_frontier_astar,2,10,10,2,2001025171,2240297063,1311118443,2854122131,3141116543,0,bordered_room,0.36,0.36,64,False,0.96875,1500,1500,10,28,45,,90,0,2910,0.8202247191011236,False,0.0,0,0,0,0,0,0
coordinated_frontier_greedy,4,25,25,7,1201125462,3618983171,3831650445,3842200183,1369798745,0,,0.3,0.4208,362,False,0.9530386740331491,3000,3000,34,237,257,,666,0,11334,1.028957528957529,True,0.7,1425,444,981,15804,4914,10890
move_toward_frontier_astar,4,10,10,0,3757552657,673228719,3241444873,3685993406,2968811710,0,bordered_room,0.36,0.36,64,False,0.734375,1500,1500,4,,,,38,0,5962,0.5970149253731343,False,0.0,0,0,0,0,0,0
move_toward_frontier_astar,4,10,10,2,2001025171,2240297063,1311118443,2854122131,3141116543,0,bordered_room,0.36,0.36,64,False,0.6875,1500,1500,3,,,,12,0,5988,0.12244897959183673,False,0.0,0,0,0,0,0,0
move_toward_frontier_astar,4,10,10,1,1641411168,1454127163,2749604155,3056722145,3964924996,0,bordered_room,0.36,0.36,64,False,0.859375,1500,1500,2,,,,76,0,5924,1.2875,False,0.0,0,0,0,0,0,0
move_toward_frontier_astar,4,10,10,3,819382448,1645421708,3451799802,118549108,2613022947,0,bordered_room,0.36,0.36,64,False,0.609375,1500,1500,3,,,,31,0,5969,0.6296296296296297,False,0.0,0,0,0,0,0,0
move_toward_unknown_bfs,2,10,10,1,1641411168,1454127163,2749604155,3056722145,3964924996,0,bordered_room,0.36,0.36,64,False,0.296875,1500,1500,,,,,4,0,2996,0.1,False,0.0,0,0,0,0,0,0
move_toward_frontier_astar,4,10,10,4,367776961,3166742020,1587198119,759788228,1874364848,0,bordered_room,0.36,0.36,64,False,0.6875,1500,1500,2,,,,22,0,5978,0.38333333333333336,False,0.0,0,0,0,0,0,0
move_toward_unknown_bfs,2,10,10,0,3757552657,673228719,3241444873,3685993406,2968811710,0,bordered_room,0.36,0.36,64,False,0.625,1500,1500,22,,,,56,0,2944,0.9821428571428571,False,0.0,0,0,0,0,0,0
move_toward_unknown_bfs,2,10,10,2,2001025171,2240297063,1311118443,2854122131,3141116543,0,bordered_room,0.36,0.36,64,False,0.75,1500,1500,8,,,,74,0,2926,0.8484848484848485,False,0.0,0,0,0,0,0,0
move_toward_unknown_bfs,2,10,10,4,367776961,3166742020,1587198119,759788228,1874364848,0,bordered_room,0.36,0.36,64,False,0.828125,1500,1500,7,,,,42,0,2958,0.19718309859154928,False,0.0,0,0,0,0,0,0
move_toward_unknown_bfs,4,10,10,1,1641411168,1454127163,2749604155,3056722145,3964924996,0,bordered_room,0.36,0.36,64,True,1.0,13,1500,2,9,10,13,52,0,0,0.6625,False,0.0,0,0,0,0,0,0
move_toward_unknown_bfs,4,10,10,0,3757552657,673228719,3241444873,3685993406,2968811710,0,bordered_room,0.36,0.36,64,True,1.0,47,1500,6,29,36,47,56,0,132,0.32954545454545453,False,0.0,0,0,0,0,0,0
move_toward_unknown_bfs,4,10,10,3,819382448,1645421708,3451799802,118549108,2613022947,0,bordered_room,0.36,0.36,64,True,1.0,55,1500,2,49,52,55,98,0,122,1.2325581395348837,False,0.0,0,0,0,0,0,0
move_toward_unknown_bfs,4,10,10,4,367776961,3166742020,1587198119,759788228,1874364848,0,bordered_room,0.36,0.36,64,True,1.0,12,1500,2,11,11,12,48,0,0,0.5119047619047619,False,0.0,0,0,0,0,0,0
coordinated_frontier_greedy,2,10,10,0,3757552657,673228719,3241444873,3685993406,2968811710,0,bordered_room,0.36,0.36,64,True,1.0,27,1500,10,24,25,27,54,0,0,0.2823529411764706,False,0.0,0,0,0,0,0,0
coordinated_frontier_greedy,2,10,10,1,1641411168,1454127163,2749604155,3056722145,3964924996,0,bordered_room,0.36,0.36,64,True,1.0,54,1500,13,31,32,54,108,0,0,0.9021739130434783,False,0.0,0,0,0,0,0,0
coordinated_frontier_greedy,2,10,10,2,2001025171,2240297063,1311118443,2854122131,3141116543,0,bordered_room,0.36,0.36,64,True,1.0,42,1500,8,31,33,42,84,0,0,0.6344086021505376,False,0.0,0,0,0,0,0,0
coordinated_frontier_greedy,2,10,10,3,819382448,1645421708,3451799802,118549108,2613022947,0,bordered_room,0.36,0.36,64,True,1.0,50,1500,7,38,39,50,100,0,0,0.8817204301075269,False,0.0,0,0,0,0,0,0
move_toward_unknown_bfs,2,10,10,3,819382448,1645421708,3451799802,118549108,2613022947,0,bordered_room,0.36,0.36,64,False,0.75,1500,1500,7,,,,60,0,2940,0.6363636363636364,False,0.0,0,0,0,0,0,0
coordinated_frontier_greedy,2,10,10,4,367776961,3166742020,1587198119,759788228,1874364848,0,bordered_room,0.36,0.36,64,True,1.0,44,1500,7,37,40,44,88,0,0,0.7608695652173914,False,0.0,0,0,0,0,0,0
move_toward_unknown_bfs,4,10,10,2,2001025171,2240297063,1311118443,2854122131,3141116543,0,bordered_room,0.36,0.36,64,False,0.734375,1500,1500,2,,,,41,0,5959,0.873015873015873,False,0.0,0,0,0,0,0,0
coordinated_frontier_greedy,4,10,10,0,3757552657,673228719,3241444873,3685993406,2968811710,0,bordered_room,0.36,0.36,64,True,1.0,44,1500,4,39,41,44,172,0,4,2.10989010989011,False,0.0,0,0,0,0,0,0
coordinated_frontier_greedy,4,10,10,2,2001025171,2240297063,1311118443,2854122131,3141116543,0,bordered_room,0.36,0.36,64,True,1.0,31,1500,2,19,29,31,86,0,38,1.2777777777777777,False,0.0,0,0,0,0,0,0
coordinated_frontier_greedy,4,10,10,4,367776961,3166742020,1587198119,759788228,1874364848,0,bordered_room,0.36,0.36,64,True,1.0,16,1500,2,14,15,16,64,0,0,0.8850574712643678,False,0.0,0,0,0,0,0,0
coordinated_frontier_hungarian,2,10,10,0,3757552657,673228719,3241444873,3685993406,2968811710,0,bordered_room,0.36,0.36,64,True,1.0,27,1500,7,24,25,27,54,0,0,0.21176470588235294,False,0.0,0,0,0,0,0,0
coordinated_frontier_greedy,4,10,10,3,819382448,1645421708,3451799802,118549108,2613022947,0,bordered_room,0.36,0.36,64,True,1.0,38,1500,3,30,32,38,152,0,0,1.9042553191489362,False,0.0,0,0,0,0,0,0
coordinated_frontier_hungarian,2,10,10,1,1641411168,1454127163,2749604155,3056722145,3964924996,0,bordered_room,0.36,0.36,64,True,1.0,26,1500,8,20,23,26,52,0,0,0.07865168539325842,False,0.0,0,0,0,0,0,0
coordinated_frontier_hungarian,2,10,10,2,2001025171,2240297063,1311118443,2854122131,3141116543,0,bordered_room,0.36,0.36,64,True,1.0,28,1500,9,18,22,28,56,0,0,0.42391304347826086,False,0.0,0,0,0,0,0,0
coordinated_frontier_hungarian,2,10,10,3,819382448,1645421708,3451799802,118549108,2613022947,0,bordered_room,0.36,0.36,64,True,1.0,23,1500,7,19,21,23,46,0,0,0.16304347826086957,False,0.0,0,0,0,0,0,0
coordinated_frontier_hungarian,2,10,10,4,367776961,3166742020,1587198119,759788228,1874364848,0,bordered_room,0.36,0.36,64,True,1.0,40,1500,9,21,30,40,80,0,0,0.7865168539325843,False,0.0,0,0,0,0,0,0
coordinated_frontier_hungarian,4,10,10,0,3757552657,673228719,3241444873,3685993406,2968811710,0,bordered_room,0.36,0.36,64,True,1.0,15,1500,3,11,12,15,60,0,0,0.5578947368421052,False,0.0,0,0,0,0,0,0
coordinated_frontier_hungarian,4,10,10,1,1641411168,1454127163,2749604155,3056722145,3964924996,0,bordered_room,0.36,0.36,64,True,1.0,16,1500,2,9,13,16,64,0,0,0.5851063829787234,False,0.0,0,0,0,0,0,0
coordinated_frontier_hungarian,4,10,10,2,2001025171,2240297063,1311118443,2854122131,3141116543,0,bordered_room,0.36,0.36,64,True,1.0,23,1500,2,9,10,23,92,0,0,1.1157894736842104,False,0.0,0,0,0,0,0,0
coordinated_frontier_hungarian,4,10,10,4,367776961,3166742020,1587198119,759788228,1874364848,0,bordered_room,0.36,0.36,64,True,1.0,14,1500,3,11,12,14,56,0,0,0.44086021505376344,False,0.0,0,0,0,0,0,0
coordinated_frontier_hungarian,4,10,10,3,819382448,1645421708,3451799802,118549108,2613022947,0,bordered_room,0.36,0.36,64,True,1.0,25,1500,3,18,21,25,88,0,12,1.0208333333333333,False,0.0,0,0,0,0,0,0
move_toward_frontier_astar,2,10,10,1,1641411168,1454127163,2749604155,3056722145,3964924996,0,single_corridor,0.9,0.9,10,False,0.8,1500,1500,0,,,,4,0,2996,0.05,False,0.0,0,0,0,0,0,0
move_toward_frontier_astar,2,10,10,0,3757552657,673228719,3241444873,3685993406,2968811710,0,single_corridor,0.9,0.9,10,False,0.5,1500,1500,1,,,,4,0,2996,0.6153846153846154,False,0.0,0,0,0,0,0,0
move_toward_frontier_astar,2,10,10,3,819382448,1645421708,3451799802,118549108,2613022947,0,single_corridor,0.9,0.9,10,True,1.0,6,1500,1,5,6,6,12,0,0,0.6071428571428571,False,0.0,0,0,0,0,0,0
move_toward_frontier_astar,2,10,10,4,367776961,3166742020,1587198119,759788228,1874364848,0,single_corridor,0.9,0.9,10,True,1.0,4,1500,0,3,4,4,8,0,0,0.17857142857142858,False,0.0,0,0,0,0,0,0
move_toward_frontier_astar,4,10,10,0,3757552657,673228719,3241444873,3685993406,2968811710,0,single_corridor,0.9,0.9,10,True,1.0,1,1500,0,0,0,0,4,0,0,0.15384615384615385,False,0.0,0,0,0,0,0,0
move_toward_frontier_astar,2,10,10,2,2001025171,2240297063,1311118443,2854122131,3141116543,0,single_corridor,0.9,0.9,10,False,0.9,1500,1500,0,2,,,6,0,2994,0.08,False,0.0,0,0,0,0,0,0
move_toward_frontier_astar,4,10,10,2,2001025171,2240297063,1311118443,2854122131,3141116543,0,single_corridor,0.9,0.9,10,True,1.0,2,1500,0,1,2,2,8,0,0,0.5,False,0.0,0,0,0,0,0,0
move_toward_frontier_astar,4,10,10,1,1641411168,1454127163,2749604155,3056722145,3964924996,0,single_corridor,0.9,0.9,10,False,0.8,1500,1500,0,,,,4,0,5996,0.55,False,0.0,0,0,0,0,0,0
move_toward_frontier_astar,4,10,10,4,367776961,3166742020,1587198119,759788228,1874364848,0,single_corridor,0.9,0.9,10,True,1.0,3,1500,0,2,3,3,12,0,0,0.9642857142857143,False,0.0,0,0,0,0,0,0
move_toward_unknown_bfs,2,10,10,0,3757552657,673228719,3241444873,3685993406,2968811710,0,single_corridor,0.9,0.9,10,False,0.5,1500,1500,1,,,,4,0,2996,0.6153846153846154,False,0.0,0,0,0,0,0,0
move_toward_frontier_astar,4,10,10,3,819382448,1645421708,3451799802,118549108,2613022947,0,single_corridor,0.9,0.9,10,False,0.9,1500,1500,0,0,,,7,0,5993,0.6,False,0.0,0,0,0,0,0,0
move_toward_unknown_bfs,2,10,10,1,1641411168,1454127163,2749604155,3056722145,3964924996,0,single_corridor,0.9,0.9,10,False,0.8,1500,1500,0,,,,4,0,2996,0.05,False,0.0,0,0,0,0,0,0
move_toward_unknown_bfs,2,10,10,3,819382448,1645421708,3451799802,118549108,2613022947,0,single_corridor,0.9,0.9,10,True,1.0,6,1500,1,5,6,6,12,0,0,0.6071428571428571,False,0.0,0,0,0,0,0,0
move_toward_unknown_bfs,2,10,10,4,367776961,3166742020,1587198119,759788228,1874364848,0,single_corridor,0.9,0.9,10,True,1.0,4,1500,0,3,4,4,8,0,0,0.17857142857142858,False,0.0,0,0,0,0,0,0
move_toward_unknown_bfs,4,10,10,0,3757552657,673228719,3241444873,3685993406,2968811710,0,single_corridor,0.9,0.9,10,True,1.0,1,1500,0,0,0,0,4,0,0,0.15384615384615385,False,0.0,0,0,0,0,0,0
move_toward_unknown_bfs,2,10,10,2,2001025171,2240297063,1311118443,2854122131,3141116543,0,single_corridor,0.9,0.9,10,False,0.9,1500,1500,0,2,,,6,0,2994,0.08,False,0.0,0,0,0,0,0,0
move_toward_unknown_bfs,4,10,10,2,2001025171,2240297063,1311118443,2854122131,3141116543,0,single_corridor,0.9,0.9,10,True,1.0,2,1500,0,1,2,2,8,0,0,0.5,False,0.0,0,0,0,0,0,0
move_toward_unknown_bfs,4,10,10,1,1641411168,1454127163,2749604155,3056722145,3964924996,0,single_corridor,0.9,0.9,10,False,0.8,1500,1500,0,,,,4,0,5996,0.55,False,0.0,0,0,0,0,0,0
move_toward_unknown_bfs,4,10,10,4,367776961,3166742020,1587198119,759788228,1874364848,0,single_corridor,0.9,0.9,10,True,1.0,3,1500,0,2,3,3,12,0,0,0.9642857142857143,False,0.0,0,0,0,0,0,0
coordinated_frontier_greedy,2,10,10,0,3757552657,673228719,3241444873,3685993406,2968811710,0,single_corridor,0.9,0.9,10,True,1.0,5,1500,1,4,5,5,10,0,0,0.17857142857142858,False,0.0,0,0,0,0,0,0
coordinated_frontier_greedy,2,10,10,1,1641411168,1454127163,2749604155,3056722145,3964924996,0,single_corridor,0.9,0.9,10,True,1.0,6,1500,0,5,6,6,12,0,0,0.39285714285714285,False,0.0,0,0,0,0,0,0
coordinated_frontier_greedy,2,10,10,2,2001025171,2240297063,1311118443,2854122131,3141116543,0,single_corridor,0.9,0.9,10,True,1.0,7,1500,0,2,7,7,14,0,0,0.5,False,0.0,0,0,0,0,0,0
coordinated_frontier_greedy,2,10,10,3,819382448,1645421708,3451799802,118549108,2613022947,0,single_corridor,0.9,0.9,10,True,1.0,6,1500,1,5,6,6,12,0,0,0.6071428571428571,False,0.0,0,0,0,0,0,0
coordinated_frontier_greedy,2,10,10,4,367776961,3166742020,1587198119,759788228,1874364848,0,single_corridor,0.9,0.9,10,True,1.0,4,1500,0,3,4,4,8,0,0,0.17857142857142858,False,0.0,0,0,0,0,0,0
coordinated_frontier_greedy,4,10,10,0,3757552657,673228719,3241444873,3685993406,2968811710,0,single_corridor,0.9,0.9,10,True,1.0,1,1500,0,0,0,0,4,0,0,0.15384615384615385,False,0.0,0,0,0,0,0,0
coordinated_frontier_greedy,4,10,10,1,1641411168,1454127163,2749604155,3056722145,3964924996,0,single_corridor,0.9,0.9,10,True,1.0,2,1500,0,1,2,2,6,0,2,0.32142857142857145,False,0.0,0,0,0,0,0,0
coordinated_frontier_greedy,4,10,10,2,2001025171,2240297063,1311118443,2854122131,3141116543,0,single_corridor,0.9,0.9,10,True,1.0,2,1500,0,1,2,2,8,0,0,0.5,False,0.0,0,0,0,0,0,0
coordinated_frontier_greedy,4,10,10,3,819382448,1645421708,3451799802,118549108,2613022947,0,single_corridor,0.9,0.9,10,True,1.0,1,1500,0,0,1,1,4,0,0,0.19230769230769232,False,0.0,0,0,0,0,0,0
coordinated_frontier_greedy,4,10,10,4,367776961,3166742020,1587198119,759788228,1874364848,0,single_corridor,0.9,0.9,10,True,1.0,3,1500,0,2,3,3,12,0,0,0.9642857142857143,False,0.0,0,0,0,0,0,0
move_toward_unknown_bfs,4,10,10,3,819382448,1645421708,3451799802,118549108,2613022947,0,single_corridor,0.9,0.9,10,False,0.9,1500,1500,0,0,,,7,0,5993,0.6,False,0.0,0,0,0,0,0,0
coordinated_frontier_hungarian,2,10,10,0,3757552657,673228719,3241444873,3685993406,2968811710,0,single_corridor,0.9,0.9,10,True,1.0,5,1500,1,4,5,5,10,0,0,0.17857142857142858,False,0.0,0,0,0,0,0,0
coordinated_frontier_hungarian,2,10,10,1,1641411168,1454127163,2749604155,3056722145,3964924996,0,single_corridor,0.9,0.9,10,True,1.0,3,1500,0,2,3,3,6,0,0,0.0,False,0.0,0,0,0,0,0,0
coordinated_frontier_hungarian,2,10,10,2,2001025171,2240297063,1311118443,2854122131,3141116543,0,single_corridor,0.9,0.9,10,True,1.0,4,1500,0,3,4,4,8,0,0,0.0,False,0.0,0,0,0,0,0,0
coordinated_frontier_hungarian,2,10,10,4,367776961,3166742020,1587198119,759788228,1874364848,0,single_corridor,0.9,0.9,10,True,1.0,4,1500,0,3,4,4,8,0,0,0.17857142857142858,False,0.0,0,0,0,0,0,0
coordinated_frontier_hungarian,2,10,10,3,819382448,1645421708,3451799802,118549108,2613022947,0,single_corridor,0.9,0.9,10,True,1.0,6,1500,1,5,6,6,12,0,0,0.6071428571428571,False,0.0,0,0,0,0,0,0
coordinated_frontier_hungarian,4,10,10,0,3757552657,673228719,3241444873,3685993406,2968811710,0,single_corridor,0.9,0.9,10,True,1.0,1,1500,0,0,0,0,4,0,0,0.15384615384615385,False,0.0,0,0,0,0,0,0
coordinated_frontier_hungarian,4,10,10,1,1641411168,1454127163,2749604155,3056722145,3964924996,0,single_corridor,0.9,0.9,10,True,1.0,2,1500,0,1,2,2,6,0,2,0.32142857142857145,False,0.0,0,0,0,0,0,0
coordinated_frontier_hungarian,4,10,10,2,2001025171,2240297063,1311118443,2854122131,3141116543,0,single_corridor,0.9,0.9,10,True,1.0,2,1500,0,1,2,2,8,0,0,0.5,False,0.0,0,0,0,0,0,0
coordinated_frontier_hungarian,4,10,10,3,819382448,1645421708,3451799802,118549108,2613022947,0,single_corridor,0.9,0.9,10,True,1.0,1,1500,0,0,1,1,4,0,0,0.19230769230769232,False,0.0,0,0,0,0,0,0
coordinated_frontier_hungarian,4,10,10,4,367776961,3166742020,1587198119,759788228,1874364848,0,single_corridor,0.9,0.9,10,True,1.0,3,1500,0,2,3,3,12,0,0,0.9642857142857143,False,0.0,0,0,0,0,0,0
move_toward_frontier_astar,2,10,10,1,1641411168,1454127163,2749604155,3056722145,3964924996,0,bottleneck,0.09,0.09,91,False,0.2967032967032967,1500,1500,,,,,16,0,2984,0.42857142857142855,False,0.0,0,0,0,0,0,0
move_toward_frontier_astar,2,10,10,2,2001025171,2240297063,1311118443,2854122131,3141116543,0,bottleneck,0.09,0.09,91,False,0.3516483516483517,1500,1500,,,,,36,0,2964,0.6944444444444444,False,0.0,0,0,0,0,0,0
move_toward_frontier_astar,2,10,10,0,3757552657,673228719,3241444873,3685993406,2968811710,0,bottleneck,0.09,0.09,91,False,0.8241758241758241,1500,1500,28,,,,112,0,2888,0.9156626506024096,False,0.0,0,0,0,0,0,0
move_toward_frontier_astar,2,10,10,4,367776961,3166742020,1587198119,759788228,1874364848,0,bottleneck,0.09,0.09,91,True,1.0,61,1500,9,54,57,61,122,0,0,0.79,False,0.0,0,0,0,0,0,0
move_toward_frontier_astar,2,10,10,3,819382448,1645421708,3451799802,118549108,2613022947,0,bottleneck,0.09,0.09,91,False,0.43956043956043955,1500,1500,,,,,18,0,2982,0.02040816326530612,False,0.0,0,0,0,0,0,0
move_toward_frontier_astar,4,10,10,1,1641411168,1454127163,2749604155,3056722145,3964924996,0,bottleneck,0.09,0.09,91,True,1.0,60,1500,4,53,56,60,240,0,0,2.32,False,0.0,0,0,0,0,0,0
move_toward_frontier_astar,4,10,10,0,3757552657,673228719,3241444873,3685993406,2968811710,0,bottleneck,0.09,0.09,91,False,0.7582417582417582,1500,1500,7,,,,54,0,5946,0.34615384615384615,False,0.0,0,0,0,0,0,0
move_toward_frontier_astar,4,10,10,2,2001025171,2240297063,1311118443,2854122131,3141116543,0,bottleneck,0.09,0.09,91,False,0.6923076923076923,1500,1500,5,,,,30,0,5970,0.2898550724637681,False,0.0,0,0,0,0,0,0
move_toward_frontier_astar,4,10,10,4,367776961,3166742020,1587198119,759788228,1874364848,0,bottleneck,0.09,0.09,91,True,1.0,66,1500,3,18,56,66,230,0,34,2.49,False,0.0,0,0,0,0,0,0
move_toward_unknown_bfs,2,10,10,0,3757552657,673228719,3241444873,3685993406,2968811710,0,bottleneck,0.09,0.09,91,False,0.5604395604395604,1500,1500,12,,,,46,0,2954,0.38333333333333336,False,0.0,0,0,0,0,0,0
move_toward_frontier_astar,4,10,10,3,819382448,1645421708,3451799802,118549108,2613022947,0,bottleneck,0.09,0.09,91,False,0.8461538461538461,1500,1500,5,,,,99,0,5901,0.8352941176470589,False,0.0,0,0,0,0,0,0
move_toward_unknown_bfs,2,10,10,1,1641411168,1454127163,2749604155,3056722145,3964924996,0,bottleneck,0.09,0.09,91,False,0.4175824175824176,1500,1500,,,,,24,0,2976,0.2978723404255319,False,0.0,0,0,0,0,0,0
move_toward_unknown_bfs,2,10,10,2,2001025171,2240297063,1311118443,2854122131,3141116543,0,bottleneck,0.09,0.09,91,False,0.5604395604395604,1500,1500,12,,,,46,0,2954,0.3333333333333333,False,0.0,0,0,0,0,0,0
move_toward_unknown_bfs,2,10,10,4,367776961,3166742020,1587198119,759788228,1874364848,0,bottleneck,0.09,0.09,91,True,1.0,41,1500,9,21,25,41,82,0,0,0.22,False,0.0,0,0,0,0,0,0
coordinated_frontier_greedy,4,10,10,1,1641411168,1454127163,2749604155,3056722145,3964924996,0,bordered_room,0.36,0.36,64,False,0.640625,1500,1500,2,,,,26,0,5974,0.5172413793103449,False,0.0,0,0,0,0,0,0
move_toward_unknown_bfs,2,10,10,3,819382448,1645421708,3451799802,118549108,2613022947,0,bottleneck,0.09,0.09,91,False,0.45054945054945056,1500,1500,,,,,36,0,2964,0.38,False,0.0,0,0,0,0,0,0
move_toward_unknown_bfs,4,10,10,2,2001025171,2240297063,1311118443,2854122131,3141116543,0,bottleneck,0.09,0.09,91,True,1.0,39,1500,3,32,37,39,88,0,68,0.61,False,0.0,0,0,0,0,0,0
move_toward_unknown_bfs,4,10,10,3,819382448,1645421708,3451799802,118549108,2613022947,0,bottleneck,0.09,0.09,91,True,1.0,42,1500,4,29,34,42,80,0,88,0.5052631578947369,False,0.0,0,0,0,0,0,0
move_toward_unknown_bfs,4,10,10,4,367776961,3166742020,1587198119,759788228,1874364848,0,bottleneck,0.09,0.09,91,True,1.0,20,1500,3,13,14,20,80,0,0,0.6631578947368421,False,0.0,0,0,0,0,0,0
coordinated_frontier_greedy,2,10,10,0,3757552657,673228719,3241444873,3685993406,2968811710,0,bottleneck,0.09,0.09,91,True,1.0,78,1500,26,69,74,78,156,0,0,0.89,False,0.0,0,0,0,0,0,0
coordinated_frontier_greedy,2,10,10,1,1641411168,1454127163,2749604155,3056722145,3964924996,0,bottleneck,0.09,0.09,91,True,1.0,78,1500,25,50,54,78,156,0,0,0.95,False,0.0,0,0,0,0,0,0
move_toward_unknown_bfs,4,10,10,0,3757552657,673228719,3241444873,3685993406,2968811710,0,bottleneck,0.09,0.09,91,False,0.9340659340659341,1500,1500,7,24,,,70,0,5930,0.41304347826086957,False,0.0,0,0,0,0,0,0
coordinated_frontier_greedy,2,10,10,2,2001025171,2240297063,1311118443,2854122131,3141116543,0,bottleneck,0.09,0.09,91,True,1.0,75,1500,21,63,68,75,150,0,0,0.84,False,0.0,0,0,0,0,0,0
coordinated_frontier_greedy,2,10,10,3,819382448,1645421708,3451799802,118549108,2613022947,0,bottleneck,0.09,0.09,91,True,1.0,65,1500,29,58,61,65,130,0,0,0.81,False,0.0,0,0,0,0,0,0
coordinated_frontier_greedy,2,10,10,4,367776961,3166742020,1587198119,759788228,1874364848,0,bottleneck,0.09,0.09,91,True,1.0,61,1500,9,54,57,61,122,0,0,0.79,False,0.0,0,0,0,0,0,0
coordinated_frontier_hungarian,4,25,25,9,747784396,4053640108,1988026542,219603630,2214077229,0,,0.3,0.4048,372,True,1.0,455,3000,108,322,348,455,1376,0,444,2.3420593368237346,True,0.7,2565,737,1828,25866,7428,18438
move_toward_unknown_bfs,4,10,10,1,1641411168,1454127163,2749604155,3056722145,3964924996,0,bottleneck,0.09,0.09,91,False,0.8681318681318682,1500,1500,7,,,,94,0,5906,1.0,False,0.0,0,0,0,0,0,0
coordinated_frontier_greedy,4,10,10,2,2001025171,2240297063,1311118443,2854122131,3141116543,0,bottleneck,0.09,0.09,91,True,1.0,43,1500,4,28,38,43,172,0,0,1.4848484848484849,False,0.0,0,0,0,0,0,0
coordinated_frontier_greedy,4,10,10,1,1641411168,1454127163,2749604155,3056722145,3964924996,0,bottleneck,0.09,0.09,91,True,1.0,55,1500,4,47,51,55,220,0,0,2.09,False,0.0,0,0,0,0,0,0
coordinated_frontier_greedy,4,10,10,0,3757552657,673228719,3241444873,3685993406,2968811710,0,bottleneck,0.09,0.09,91,True,1.0,66,1500,7,54,63,66,144,0,120,1.19,False,0.0,0,0,0,0,0,0
coordinated_frontier_hungarian,2,10,10,0,3757552657,673228719,3241444873,3685993406,2968811710,0,bottleneck,0.09,0.09,91,True,1.0,46,1500,19,38,42,46,92,0,0,0.35,False,0.0,0,0,0,0,0,0
coordinated_frontier_hungarian,2,10,10,1,1641411168,1454127163,2749604155,3056722145,3964924996,0,bottleneck,0.09,0.09,91,True,1.0,59,1500,14,54,57,59,118,0,0,0.65,False,0.0,0,0,0,0,0,0
coordinated_frontier_greedy,4,10,10,3,819382448,1645421708,3451799802,118549108,2613022947,0,bottleneck,0.09,0.09,91,True,1.0,61,1500,5,53,58,61,244,0,0,2.38,False,0.0,0,0,0,0,0,0
coordinated_frontier_hungarian,2,10,10,2,2001025171,2240297063,1311118443,2854122131,3141116543,0,bottleneck,0.09,0.09,91,True,1.0,61,1500,17,55,57,61,122,0,0,0.69,False,0.0,0,0,0,0,0,0
coordinated_frontier_hungarian,2,10,10,4,367776961,3166742020,1587198119,759788228,1874364848,0,bottleneck,0.09,0.09,91,True,1.0,38,1500,13,30,34,38,76,0,0,0.0,False,0.0,0,0,0,0,0,0
coordinated_frontier_hungarian,2,10,10,3,819382448,1645421708,3451799802,118549108,2613022947,0,bottleneck,0.09,0.09,91,True,1.0,51,1500,17,42,47,51,102,0,0,0.47,False,0.0,0,0,0,0,0,0
coordinated_frontier_greedy,4,10,10,4,367776961,3166742020,1587198119,759788228,1874364848,0,bottleneck,0.09,0.09,91,True,1.0,62,1500,3,16,52,62,240,0,8,2.55,False,0.0,0,0,0,0,0,0
coordinated_frontier_hungarian,4,10,10,1,1641411168,1454127163,2749604155,3056722145,3964924996,0,bottleneck,0.09,0.09,91,True,1.0,14,1500,4,11,13,14,56,0,0,0.10101010101010101,False,0.0,0,0,0,0,0,0
coordinated_frontier_hungarian,4,10,10,0,3757552657,673228719,3241444873,3685993406,2968811710,0,bottleneck,0.09,0.09,91,True,1.0,22,1500,5,17,19,22,88,0,0,0.55,False,0.0,0,0,0,0,0,0
coordinated_frontier_hungarian,4,10,10,2,2001025171,2240297063,1311118443,2854122131,3141116543,0,bottleneck,0.09,0.09,91,True,1.0,25,1500,4,15,20,25,94,0,6,0.65,False,0.0,0,0,0,0,0,0
coordinated_frontier_hungarian,4,10,10,4,367776961,3166742020,1587198119,759788228,1874364848,0,bottleneck,0.09,0.09,91,True,1.0,34,1500,4,15,21,34,136,0,0,1.14,False,0.0,0,0,0,0,0,0
coordinated_frontier_hungarian,4,10,10,3,819382448,1645421708,3451799802,118549108,2613022947,0,bottleneck,0.09,0.09,91,True,1.0,35,1500,6,28,33,35,134,0,6,1.1,False,0.0,0,0,0,0,0,0
move_toward_frontier_astar,2,10,10,3,819382448,1645421708,3451799802,118549108,2613022947,0,two_bottlenecks,0.18,0.18,82,True,1.0,72,1500,9,34,38,72,144,0,0,0.95,False,0.0,0,0,0,0,0,0
move_toward_frontier_astar,2,10,10,2,2001025171,2240297063,1311118443,2854122131,3141116543,0,two_bottlenecks,0.18,0.18,82,False,0.43902439024390244,1500,1500,,,,,22,0,2978,0.10869565217391304,False,0.0,0,0,0,0,0,0
move_toward_frontier_astar,2,10,10,0,3757552657,673228719,3241444873,3685993406,2968811710,0,two_bottlenecks,0.18,0.18,82,False,0.6585365853658537,1500,1500,13,,,,40,0,2960,0.12307692307692308,False,0.0,0,0,0,0,0,0
move_toward_frontier_astar,2,10,10,1,1641411168,1454127163,2749604155,3056722145,3964924996,0,two_bottlenecks,0.18,0.18,82,False,0.9146341463414634,1500,1500,13,32,,,80,0,2920,0.25806451612903225,False,0.0,0,0,0,0,0,0
move_toward_frontier_astar,2,10,10,4,367776961,3166742020,1587198119,759788228,1874364848,0,two_bottlenecks,0.18,0.18,82,False,0.7317073170731707,1500,1500,12,,,,42,0,2958,0.08333333333333333,False,0.0,0,0,0,0,0,0
move_toward_frontier_astar,4,10,10,1,1641411168,1454127163,2749604155,3056722145,3964924996,0,two_bottlenecks,0.18,0.18,82,False,0.573170731707317,1500,1500,14,,,,39,0,5961,0.3870967741935484,False,0.0,0,0,0,0,0,0
move_toward_frontier_astar,4,10,10,0,3757552657,673228719,3241444873,3685993406,2968811710,0,two_bottlenecks,0.18,0.18,82,False,0.7682926829268293,1500,1500,5,,,,66,0,5934,0.6623376623376623,False,0.0,0,0,0,0,0,0
move_toward_frontier_astar,4,10,10,3,819382448,1645421708,3451799802,118549108,2613022947,0,two_bottlenecks,0.18,0.18,82,False,0.8536585365853658,1500,1500,4,,,,42,0,5958,0.345679012345679,False,0.0,0,0,0,0,0,0
move_toward_unknown_bfs,2,10,10,1,1641411168,1454127163,2749604155,3056722145,3964924996,0,two_bottlenecks,0.18,0.18,82,True,1.0,41,1500,11,38,40,41,82,0,0,0.4,False,0.0,0,0,0,0,0,0
move_toward_unknown_bfs,2,10,10,0,3757552657,673228719,3241444873,3685993406,2968811710,0,two_bottlenecks,0.18,0.18,82,False,0.9146341463414634,1500,1500,10,30,,,62,0,2938,0.08602150537634409,False,0.0,0,0,0,0,0,0
move_toward_unknown_bfs,2,10,10,3,819382448,1645421708,3451799802,118549108,2613022947,0,two_bottlenecks,0.18,0.18,82,True,1.0,40,1500,9,37,39,40,80,0,0,0.23,False,0.0,0,0,0,0,0,0
move_toward_frontier_astar,4,10,10,2,2001025171,2240297063,1311118443,2854122131,3141116543,0,two_bottlenecks,0.18,0.18,82,False,0.9146341463414634,1500,1500,4,24,,,137,0,5863,1.2580645161290323,False,0.0,0,0,0,0,0,0
move_toward_unknown_bfs,4,10,10,0,3757552657,673228719,3241444873,3685993406,2968811710,0,two_bottlenecks,0.18,0.18,82,True,1.0,17,1500,5,15,16,17,68,0,0,0.494949494949495,False,0.0,0,0,0,0,0,0
move_toward_unknown_bfs,2,10,10,2,2001025171,2240297063,1311118443,2854122131,3141116543,0,two_bottlenecks,0.18,0.18,82,False,0.6341463414634146,1500,1500,10,,,,54,0,2946,0.2571428571428571,False,0.0,0,0,0,0,0,0
move_toward_unknown_bfs,4,10,10,2,2001025171,2240297063,1311118443,2854122131,3141116543,0,two_bottlenecks,0.18,0.18,82,True,1.0,17,1500,3,12,15,17,68,0,0,0.42,False,0.0,0,0,0,0,0,0
move_toward_unknown_bfs,4,10,10,3,819382448,1645421708,3451799802,118549108,2613022947,0,two_bottlenecks,0.18,0.18,82,True,1.0,40,1500,3,36,38,40,67,0,93,0.34,False,0.0,0,0,0,0,0,0
move_toward_unknown_bfs,4,10,10,4,367776961,3166742020,1587198119,759788228,1874364848,0,two_bottlenecks,0.18,0.18,82,True,1.0,15,1500,3,13,14,15,60,0,0,0.36082474226804123,False,0.0,0,0,0,0,0,0
move_toward_unknown_bfs,2,10,10,4,367776961,3166742020,1587198119,759788228,1874364848,0,two_bottlenecks,0.18,0.18,82,False,0.9146341463414634,1500,1500,11,31,,,64,0,2936,0.06451612903225806,False,0.0,0,0,0,0,0,0
coordinated_frontier_greedy,2,10,10,0,3757552657,673228719,3241444873,3685993406,2968811710,0,two_bottlenecks,0.18,0.18,82,True,1.0,63,1500,13,46,59,63,126,0,0,0.68,False,0.0,0,0,0,0,0,0
coordinated_frontier_greedy,2,10,10,1,1641411168,1454127163,2749604155,3056722145,3964924996,0,two_bottlenecks,0.18,0.18,82,True,1.0,47,1500,13,32,43,47,94,0,0,0.35,False,0.0,0,0,0,0,0,0
move_toward_frontier_astar,4,10,10,4,367776961,3166742020,1587198119,759788228,1874364848,0,two_bottlenecks,0.18,0.18,82,False,0.7195121951219512,1500,1500,3,,,,56,0,5944,0.8055555555555556,False,0.0,0,0,0,0,0,0
coordinated_frontier_greedy,2,10,10,2,2001025171,2240297063,1311118443,2854122131,3141116543,0,two_bottlenecks,0.18,0.18,82,True,1.0,68,1500,29,50,64,68,136,0,0,0.85,False,0.0,0,0,0,0,0,0
move_toward_unknown_bfs,4,10,10,1,1641411168,1454127163,2749604155,3056722145,3964924996,0,two_bottlenecks,0.18,0.18,82,False,0.573170731707317,1500,1500,14,,,,38,0,5962,0.4262295081967213,False,0.0,0,0,0,0,0,0
coordinated_frontier_greedy,2,10,10,3,819382448,1645421708,3451799802,118549108,2613022947,0,two_bottlenecks,0.18,0.18,82,True,1.0,72,1500,9,34,38,72,144,0,0,0.95,False,0.0,0,0,0,0,0,0
coordinated_frontier_greedy,2,10,10,4,367776961,3166742020,1587198119,759788228,1874364848,0,two_bottlenecks,0.18,0.18,82,True,1.0,70,1500,12,63,66,70,140,0,0,0.81,False,0.0,0,0,0,0,0,0
coordinated_frontier_greedy,4,10,10,0,3757552657,673228719,3241444873,3685993406,2968811710,0,two_bottlenecks,0.18,0.18,82,True,1.0,49,1500,5,25,44,49,170,0,26,1.39,False,0.0,0,0,0,0,0,0
coordinated_frontier_greedy,4,10,10,1,1641411168,1454127163,2749604155,3056722145,3964924996,0,two_bottlenecks,0.18,0.18,82,True,1.0,63,1500,8,27,39,63,194,0,58,1.75,False,0.0,0,0,0,0,0,0
coordinated_frontier_greedy,4,10,10,3,819382448,1645421708,3451799802,118549108,2613022947,0,two_bottlenecks,0.18,0.18,82,True,1.0,44,1500,4,27,41,44,168,0,8,1.42,False,0.0,0,0,0,0,0,0
coordinated_frontier_greedy,4,10,10,2,2001025171,2240297063,1311118443,2854122131,3141116543,0,two_bottlenecks,0.18,0.18,82,True,1.0,77,1500,4,19,73,77,204,0,104,1.75,False,0.0,0,0,0,0,0,0
coordinated_frontier_hungarian,2,10,10,0,3757552657,673228719,3241444873,3685993406,2968811710,0,two_bottlenecks,0.18,0.18,82,True,1.0,69,1500,14,62,65,69,138,0,0,0.79,False,0.0,0,0,0,0,0,0
coordinated_frontier_hungarian,2,10,10,1,1641411168,1454127163,2749604155,3056722145,3964924996,0,two_bottlenecks,0.18,0.18,82,True,1.0,49,1500,15,32,45,49,98,0,0,0.35,False,0.0,0,0,0,0,0,0
coordinated_frontier_greedy,4,10,10,4,367776961,3166742020,1587198119,759788228,1874364848,0,two_bottlenecks,0.18,0.18,82,True,1.0,61,1500,3,54,57,61,174,0,70,1.61,False,0.0,0,0,0,0,0,0
coordinated_frontier_hungarian,2,10,10,3,819382448,1645421708,3451799802,118549108,2613022947,0,two_bottlenecks,0.18,0.18,82,True,1.0,40,1500,17,33,36,40,80,0,0,0.18,False,0.0,0,0,0,0,0,0
coordinated_frontier_hungarian,2,10,10,2,2001025171,2240297063,1311118443,2854122131,3141116543,0,two_bottlenecks,0.18,0.18,82,True,1.0,52,1500,16,47,48,52,104,0,0,0.52,False,0.0,0,0,0,0,0,0
coordinated_frontier_hungarian,2,10,10,4,367776961,3166742020,1587198119,759788228,1874364848,0,two_bottlenecks,0.18,0.18,82,True,1.0,80,1500,13,36,77,80,160,0,0,0.93,False,0.0,0,0,0,0,0,0
coordinated_frontier_hungarian,4,10,10,1,1641411168,1454127163,2749604155,3056722145,3964924996,0,two_bottlenecks,0.18,0.18,82,True,1.0,29,1500,8,22,25,29,116,0,0,0.95,False,0.0,0,0,0,0,0,0
coordinated_frontier_hungarian,4,10,10,0,3757552657,673228719,3241444873,3685993406,2968811710,0,two_bottlenecks,0.18,0.18,82,True,1.0,32,1500,4,27,30,32,128,0,0,0.99,False,0.0,0,0,0,0,0,0
coordinated_frontier_hungarian,4,10,10,2,2001025171,2240297063,1311118443,2854122131,3141116543,0,two_bottlenecks,0.18,0.18,82,True,1.0,47,1500,4,18,19,47,184,0,4,1.81,False,0.0,0,0,0,0,0,0
coordinated_frontier_hungarian,4,10,10,4,367776961,3166742020,1587198119,759788228,1874364848,0,two_bottlenecks,0.18,0.18,82,True,1.0,21,1500,4,18,19,21,84,0,0,0.4948453608247423,False,0.0,0,0,0,0,0,0
coordinated_frontier_hungarian,4,10,10,3,819382448,1645421708,3451799802,118549108,2613022947,0,two_bottlenecks,0.18,0.18,82,True,1.0,30,1500,5,26,28,30,110,0,10,0.73,False,0.0,0,0,0,0,0,0
move_toward_frontier_astar,2,10,10,1,1641411168,1454127163,2749604155,3056722145,3964924996,0,four_rooms,0.15,0.15,85,True,1.0,74,1500,12,53,69,74,148,0,0,0.9797979797979798,False,0.0,0,0,0,0,0,0
move_toward_frontier_astar,2,10,10,3,819382448,1645421708,3451799802,118549108,2613022947,0,four_rooms,0.15,0.15,85,True,1.0,63,1500,9,51,55,63,126,0,0,0.8888888888888888,False,0.0,0,0,0,0,0,0
move_toward_frontier_astar,2,10,10,2,2001025171,2240297063,1311118443,2854122131,3141116543,0,four_rooms,0.15,0.15,85,True,1.0,75,1500,24,61,71,75,150,0,0,0.9696969696969697,False,0.0,0,0,0,0,0,0
move_toward_frontier_astar,2,10,10,4,367776961,3166742020,1587198119,759788228,1874364848,0,four_rooms,0.15,0.15,85,True,1.0,65,1500,10,53,58,65,130,0,0,0.8787878787878788,False,0.0,0,0,0,0,0,0
move_toward_frontier_astar,4,10,10,0,3757552657,673228719,3241444873,3685993406,2968811710,0,four_rooms,0.15,0.15,85,True,1.0,62,1500,5,31,56,62,169,0,79,1.5757575757575757,False,0.0,0,0,0,0,0,0
move_toward_frontier_astar,4,10,10,1,1641411168,1454127163,2749604155,3056722145,3964924996,0,four_rooms,0.15,0.15,85,False,0.6235294117647059,1500,1500,5,,,,44,0,5956,0.4,False,0.0,0,0,0,0,0,0
move_toward_frontier_astar,4,10,10,2,2001025171,2240297063,1311118443,2854122131,3141116543,0,four_rooms,0.15,0.15,85,False,0.6352941176470588,1500,1500,7,,,,27,0,5973,0.2153846153846154,False,0.0,0,0,0,0,0,0
move_toward_frontier_astar,2,10,10,0,3757552657,673228719,3241444873,3685993406,2968811710,0,four_rooms,0.15,0.15,85,False,0.9411764705882353,1500,1500,26,69,,,144,0,2856,0.9893617021276596,False,0.0,0,0,0,0,0,0
move_toward_frontier_astar,4,10,10,3,819382448,1645421708,3451799802,118549108,2613022947,0,four_rooms,0.15,0.15,85,False,0.6705882352941176,1500,1500,5,,,,62,0,5938,0.8412698412698413,False,0.0,0,0,0,0,0,0
move_toward_unknown_bfs,2,10,10,2,2001025171,2240297063,1311118443,2854122131,3141116543,0,four_rooms,0.15,0.15,85,False,0.4470588235294118,1500,1500,,,,,28,0,2972,0.11363636363636363,False,0.0,0,0,0,0,0,0
move_toward_unknown_bfs,2,10,10,0,3757552657,673228719,3241444873,3685993406,2968811710,0,four_rooms,0.15,0.15,85,False,0.8941176470588236,1500,1500,15,,,,120,0,2880,0.9888888888888889,False,0.0,0,0,0,0,0,0
move_toward_unknown_bfs,2,10,10,1,1641411168,1454127163,2749604155,3056722145,3964924996,0,four_rooms,0.15,0.15,85,False,0.9411764705882353,1500,1500,13,43,,,124,0,2876,0.9148936170212766,False,0.0,0,0,0,0,0,0
move_toward_frontier_astar,4,10,10,4,367776961,3166742020,1587198119,759788228,1874364848,0,four_rooms,0.15,0.15,85,False,0.7764705882352941,1500,1500,5,,,,59,0,5941,0.6753246753246753,False,0.0,0,0,0,0,0,0
move_toward_unknown_bfs,4,10,10,0,3757552657,673228719,3241444873,3685993406,2968811710,0,four_rooms,0.15,0.15,85,True,1.0,80,1500,6,18,55,80,187,0,133,1.7575757575757576,False,0.0,0,0,0,0,0,0
move_toward_unknown_bfs,2,10,10,3,819382448,1645421708,3451799802,118549108,2613022947,0,four_rooms,0.15,0.15,85,False,0.9764705882352941,1500,1500,11,42,76,,154,0,2846,0.9690721649484536,False,0.0,0,0,0,0,0,0
move_toward_unknown_bfs,2,10,10,4,367776961,3166742020,1587198119,759788228,1874364848,0,four_rooms,0.15,0.15,85,False,0.8235294117647058,1500,1500,13,,,,54,0,2946,0.0963855421686747,False,0.0,0,0,0,0,0,0
move_toward_unknown_bfs,4,10,10,4,367776961,3166742020,1587198119,759788228,1874364848,0,four_rooms,0.15,0.15,85,True,1.0,59,1500,8,51,55,59,104,0,132,0.8571428571428571,False,0.0,0,0,0,0,0,0
coordinated_frontier_greedy,2,10,10,0,3757552657,673228719,3241444873,3685993406,2968811710,0,four_rooms,0.15,0.15,85,True,1.0,70,1500,26,61,66,70,140,0,0,0.8383838383838383,False,0.0,0,0,0,0,0,0
move_toward_unknown_bfs,4,10,10,1,1641411168,1454127163,2749604155,3056722145,3964924996,0,four_rooms,0.15,0.15,85,False,0.9529411764705882,1500,1500,5,16,20,,104,0,5896,0.8736842105263158,False,0.0,0,0,0,0,0,0
move_toward_unknown_bfs,4,10,10,2,2001025171,2240297063,1311118443,2854122131,3141116543,0,four_rooms,0.15,0.15,85,False,0.7764705882352941,1500,1500,7,,,,53,0,5947,0.4050632911392405,False,0.0,0,0,0,0,0,0
coordinated_frontier_greedy,2,10,10,1,1641411168,1454127163,2749604155,3056722145,3964924996,0,four_rooms,0.15,0.15,85,True,1.0,74,1500,12,55,69,74,148,0,0,0.9595959595959596,False,0.0,0,0,0,0,0,0
coordinated_frontier_greedy,2,10,10,3,819382448,1645421708,3451799802,118549108,2613022947,0,four_rooms,0.15,0.15,85,True,1.0,61,1500,9,53,56,61,122,0,0,0.8080808080808081,False,0.0,0,0,0,0,0,0
coordinated_frontier_greedy,2,10,10,2,2001025171,2240297063,1311118443,2854122131,3141116543,0,four_rooms,0.15,0.15,85,True,1.0,75,1500,16,61,71,75,150,0,0,0.9696969696969697,False,0.0,0,0,0,0,0,0
move_toward_unknown_bfs,4,10,10,3,819382448,1645421708,3451799802,118549108,2613022947,0,four_rooms,0.15,0.15,85,False,0.6941176470588235,1500,1500,6,,,,56,0,5944,0.6029411764705882,False,0.0,0,0,0,0,0,0
coordinated_frontier_greedy,2,10,10,4,367776961,3166742020,1587198119,759788228,1874364848,0,four_rooms,0.15,0.15,85,True,1.0,69,1500,10,54,58,69,138,0,0,0.8888888888888888,False,0.0,0,0,0,0,0,0
coordinated_frontier_greedy,4,10,10,1,1641411168,1454127163,2749604155,3056722145,3964924996,0,four_rooms,0.15,0.15,85,True,1.0,44,1500,5,35,39,44,112,0,64,0.9090909090909091,False,0.0,0,0,0,0,0,0
coordinated_frontier_greedy,4,10,10,2,2001025171,2240297063,1311118443,2854122131,3141116543,0,four_rooms,0.15,0.15,85,True,1.0,38,1500,6,30,34,38,152,0,0,1.2525252525252526,False,0.0,0,0,0,0,0,0
coordinated_frontier_hungarian,2,10,10,0,3757552657,673228719,3241444873,3685993406,2968811710,0,four_rooms,0.15,0.15,85,True,1.0,53,1500,16,35,36,53,106,0,0,0.5656565656565656,False,0.0,0,0,0,0,0,0
coordinated_frontier_greedy,4,10,10,0,3757552657,673228719,3241444873,3685993406,2968811710,0,four_rooms,0.15,0.15,85,True,1.0,63,1500,5,29,38,63,252,0,0,2.5555555555555554,False,0.0,0,0,0,0,0,0
coordinated_frontier_hungarian,2,10,10,2,2001025171,2240297063,1311118443,2854122131,3141116543,0,four_rooms,0.15,0.15,85,True,1.0,33,1500,13,27,29,33,66,0,0,0.08080808080808081,False,0.0,0,0,0,0,0,0
coordinated_frontier_greedy,4,10,10,3,819382448,1645421708,3451799802,118549108,2613022947,0,four_rooms,0.15,0.15,85,True,1.0,66,1500,5,35,62,66,264,0,0,2.585858585858586,False,0.0,0,0,0,0,0,0
coordinated_frontier_hungarian,2,10,10,1,1641411168,1454127163,2749604155,3056722145,3964924996,0,four_rooms,0.15,0.15,85,True,1.0,70,1500,14,62,64,70,140,0,0,0.8686868686868687,False,0.0,0,0,0,0,0,0
coordinated_frontier_hungarian,2,10,10,4,367776961,3166742020,1587198119,759788228,1874364848,0,four_rooms,0.15,0.15,85,True,1.0,56,1500,12,48,51,56,112,0,0,0.7272727272727273,False,0.0,0,0,0,0,0,0
coordinated_frontier_hungarian,2,10,10,3,819382448,1645421708,3451799802,118549108,2613022947,0,four_rooms,0.15,0.15,85,True,1.0,67,1500,10,28,30,67,134,0,0,0.9090909090909091,False,0.0,0,0,0,0,0,0
coordinated_frontier_hungarian,4,10,10,0,3757552657,673228719,3241444873,3685993406,2968811710,0,four_rooms,0.15,0.15,85,True,1.0,25,1500,5,15,16,25,100,0,0,0.8080808080808081,False,0.0,0,0,0,0,0,0
coordinated_frontier_greedy,4,10,10,4,367776961,3166742020,1587198119,759788228,1874364848,0,four_rooms,0.15,0.15,85,True,1.0,76,1500,5,33,55,76,298,0,6,2.757575757575758,False,0.0,0,0,0,0,0,0
coordinated_frontier_hungarian,4,10,10,2,2001025171,2240297063,1311118443,2854122131,3141116543,0,four_rooms,0.15,0.15,85,True,1.0,19,1500,5,14,16,19,76,0,0,0.21649484536082475,False,0.0,0,0,0,0,0,0
coordinated_frontier_hungarian,4,10,10,1,1641411168,1454127163,2749604155,3056722145,3964924996,0,four_rooms,0.15,0.15,85,True,1.0,30,1500,4,22,26,30,120,0,0,0.7777777777777778,False,0.0,0,0,0,0,0,0
coordinated_frontier_hungarian,4,10,10,3,819382448,1645421708,3451799802,118549108,2613022947,0,four_rooms,0.15,0.15,85,True,1.0,26,1500,7,21,22,26,100,0,4,0.6767676767676768,False,0.0,0,0,0,0,0,0
coordinated_frontier_hungarian,4,10,10,4,367776961,3166742020,1587198119,759788228,1874364848,0,four_rooms,0.15,0.15,85,True,1.0,25,1500,6,19,21,25,100,0,0,0.6938775510204082,False,0.0,0,0,0,0,0,0
move_toward_frontier_astar,2,10,10,0,3757552657,673228719,3241444873,3685993406,2968811710,0,nested_rooms,0.31,0.31,69,False,0.13043478260869565,1500,1500,,,,,4,0,2996,0.047619047619047616,False,0.0,0,0,0,0,0,0
move_toward_frontier_astar,2,10,10,1,1641411168,1454127163,2749604155,3056722145,3964924996,0,nested_rooms,0.31,0.31,69,False,0.2028985507246377,1500,1500,,,,,8,0,2992,0.047619047619047616,False,0.0,0,0,0,0,0,0
move_toward_frontier_astar,2,10,10,2,2001025171,2240297063,1311118443,2854122131,3141116543,0,nested_rooms,0.31,0.31,69,False,0.4057971014492754,1500,1500,,,,,16,0,2984,0.04878048780487805,False,0.0,0,0,0,0,0,0
move_toward_frontier_astar,2,10,10,4,367776961,3166742020,1587198119,759788228,1874364848,0,nested_rooms,0.31,0.31,69,False,0.2028985507246377,1500,1500,,,,,10,0,2990,0.05555555555555555,False,0.0,0,0,0,0,0,0
move_toward_frontier_astar,2,10,10,3,819382448,1645421708,3451799802,118549108,2613022947,0,nested_rooms,0.31,0.31,69,False,0.7536231884057971,1500,1500,22,,,,80,0,2920,0.9866666666666667,False,0.0,0,0,0,0,0,0
move_toward_frontier_astar,4,10,10,0,3757552657,673228719,3241444873,3685993406,2968811710,0,nested_rooms,0.31,0.31,69,False,0.6811594202898551,1500,1500,4,,,,50,0,5950,0.6666666666666666,False,0.0,0,0,0,0,0,0
move_toward_frontier_astar,4,10,10,1,1641411168,1454127163,2749604155,3056722145,3964924996,0,nested_rooms,0.31,0.31,69,False,0.6376811594202898,1500,1500,4,,,,35,0,5965,0.3709677419354839,False,0.0,0,0,0,0,0,0
move_toward_frontier_astar,4,10,10,2,2001025171,2240297063,1311118443,2854122131,3141116543,0,nested_rooms,0.31,0.31,69,False,0.6811594202898551,1500,1500,6,,,,24,0,5976,0.07352941176470588,False,0.0,0,0,0,0,0,0
move_toward_unknown_bfs,2,10,10,0,3757552657,673228719,3241444873,3685993406,2968811710,0,nested_rooms,0.31,0.31,69,False,0.2318840579710145,1500,1500,,,,,20,0,2980,0.475,False,0.0,0,0,0,0,0,0
move_toward_unknown_bfs,2,10,10,1,1641411168,1454127163,2749604155,3056722145,3964924996,0,nested_rooms,0.31,0.31,69,False,0.2028985507246377,1500,1500,,,,,8,0,2992,0.047619047619047616,False,0.0,0,0,0,0,0,0
move_toward_unknown_bfs,2,10,10,2,2001025171,2240297063,1311118443,2854122131,3141116543,0,nested_rooms,0.31,0.31,69,False,0.7391304347826086,1500,1500,27,,,,62,0,2938,0.5945945945945946,False,0.0,0,0,0,0,0,0
move_toward_unknown_bfs,2,10,10,3,819382448,1645421708,3451799802,118549108,2613022947,0,nested_rooms,0.31,0.31,69,False,0.08695652173913043,1500,1500,,,,,0,0,3000,0.2857142857142857,False,0.0,0,0,0,0,0,0
move_toward_unknown_bfs,4,10,10,0,3757552657,673228719,3241444873,3685993406,2968811710,0,nested_rooms,0.31,0.31,69,True,1.0,57,1500,4,51,54,57,228,0,0,2.63,False,0.0,0,0,0,0,0,0
move_toward_frontier_astar,4,10,10,3,819382448,1645421708,3451799802,118549108,2613022947,0,nested_rooms,0.31,0.31,69,False,0.8840579710144928,1500,1500,11,,,,88,0,5912,0.5494505494505495,False,0.0,0,0,0,0,0,0
move_toward_unknown_bfs,2,10,10,4,367776961,3166742020,1587198119,759788228,1874364848,0,nested_rooms,0.31,0.31,69,False,0.2028985507246377,1500,1500,,,,,10,0,2990,0.05555555555555555,False,0.0,0,0,0,0,0,0
move_toward_frontier_astar,4,10,10,4,367776961,3166742020,1587198119,759788228,1874364848,0,nested_rooms,0.31,0.31,69,False,0.7971014492753623,1500,1500,6,,,,61,0,5939,0.7411764705882353,False,0.0,0,0,0,0,0,0
move_toward_unknown_bfs,4,10,10,3,819382448,1645421708,3451799802,118549108,2613022947,0,nested_rooms,0.31,0.31,69,True,1.0,54,1500,8,52,53,54,77,0,139,0.37,False,0.0,0,0,0,0,0,0
coordinated_frontier_greedy,2,10,10,0,3757552657,673228719,3241444873,3685993406,2968811710,0,nested_rooms,0.31,0.31,69,True,1.0,65,1500,27,59,62,65,130,0,0,0.91,False,0.0,0,0,0,0,0,0
move_toward_unknown_bfs,4,10,10,1,1641411168,1454127163,2749604155,3056722145,3964924996,0,nested_rooms,0.31,0.31,69,False,0.8260869565217391,1500,1500,4,,,,44,0,5956,0.14457831325301204,False,0.0,0,0,0,0,0,0
coordinated_frontier_greedy,2,10,10,2,2001025171,2240297063,1311118443,2854122131,3141116543,0,nested_rooms,0.31,0.31,69,True,1.0,75,1500,15,33,36,75,150,0,0,0.99,False,0.0,0,0,0,0,0,0
move_toward_unknown_bfs,4,10,10,2,2001025171,2240297063,1311118443,2854122131,3141116543,0,nested_rooms,0.31,0.31,69,False,0.6956521739130435,1500,1500,5,,,,43,0,5957,0.4782608695652174,False,0.0,0,0,0,0,0,0
coordinated_frontier_greedy,2,10,10,3,819382448,1645421708,3451799802,118549108,2613022947,0,nested_rooms,0.31,0.31,69,True,1.0,69,1500,22,63,66,69,138,0,0,0.99,False,0.0,0,0,0,0,0,0
move_toward_unknown_bfs,4,10,10,4,367776961,3166742020,1587198119,759788228,1874364848,0,nested_rooms,0.31,0.31,69,False,0.7971014492753623,1500,1500,6,,,,61,0,5939,0.7411764705882353,False,0.0,0,0,0,0,0,0
coordinated_frontier_greedy,2,10,10,4,367776961,3166742020,1587198119,759788228,1874364848,0,nested_rooms,0.31,0.31,69,True,1.0,59,1500,26,47,49,59,118,0,0,0.63,False,0.0,0,0,0,0,0,0
coordinated_frontier_greedy,4,10,10,1,1641411168,1454127163,2749604155,3056722145,3964924996,0,nested_rooms,0.31,0.31,69,True,1.0,32,1500,4,27,30,32,102,0,26,1.21,False,0.0,0,0,0,0,0,0
coordinated_frontier_greedy,4,10,10,0,3757552657,673228719,3241444873,3685993406,2968811710,0,nested_rooms,0.31,0.31,69,True,1.0,57,1500,4,51,54,57,228,0,0,2.47,False,0.0,0,0,0,0,0,0
coordinated_frontier_greedy,4,10,10,4,367776961,3166742020,1587198119,759788228,1874364848,0,nested_rooms,0.31,0.31,69,True,1.0,15,1500,5,10,12,15,60,0,0,0.42,False,0.0,0,0,0,0,0,0
coordinated_frontier_greedy,4,10,10,2,2001025171,2240297063,1311118443,2854122131,3141116543,0,nested_rooms,0.31,0.31,69,True,1.0,71,1500,5,65,68,71,191,0,93,2.23,False,0.0,0,0,0,0,0,0
coordinated_frontier_hungarian,2,10,10,0,3757552657,673228719,3241444873,3685993406,2968811710,0,nested_rooms,0.31,0.31,69,True,1.0,48,1500,20,45,46,48,96,0,0,0.39,False,0.0,0,0,0,0,0,0
coordinated_frontier_hungarian,2,10,10,1,1641411168,1454127163,2749604155,3056722145,3964924996,0,nested_rooms,0.31,0.31,69,True,1.0,44,1500,10,38,41,44,88,0,0,0.44,False,0.0,0,0,0,0,0,0
coordinated_frontier_hungarian,2,10,10,2,2001025171,2240297063,1311118443,2854122131,3141116543,0,nested_rooms,0.31,0.31,69,True,1.0,39,1500,10,30,31,39,78,0,0,0.33,False,0.0,0,0,0,0,0,0
coordinated_frontier_greedy,4,10,10,3,819382448,1645421708,3451799802,118549108,2613022947,0,nested_rooms,0.31,0.31,69,True,1.0,59,1500,7,24,26,59,202,0,34,2.22,False,0.0,0,0,0,0,0,0
coordinated_frontier_hungarian,2,10,10,4,367776961,3166742020,1587198119,759788228,1874364848,0,nested_rooms,0.31,0.31,69,True,1.0,44,1500,18,41,42,44,88,0,0,0.38,False,0.0,0,0,0,0,0,0
coordinated_frontier_hungarian,2,10,10,3,819382448,1645421708,3451799802,118549108,2613022947,0,nested_rooms,0.31,0.31,69,True,1.0,56,1500,17,50,53,56,112,0,0,0.95,False,0.0,0,0,0,0,0,0
coordinated_frontier_hungarian,4,10,10,0,3757552657,673228719,3241444873,3685993406,2968811710,0,nested_rooms,0.31,0.31,69,True,1.0,24,1500,5,19,21,24,96,0,0,0.65,False,0.0,0,0,0,0,0,0
coordinated_frontier_hungarian,4,10,10,1,1641411168,1454127163,2749604155,3056722145,3964924996,0,nested_rooms,0.31,0.31,69,True,1.0,25,1500,5,11,22,25,100,0,0,0.87,False,0.0,0,0,0,0,0,0
coordinated_frontier_hungarian,4,10,10,2,2001025171,2240297063,1311118443,2854122131,3141116543,0,nested_rooms,0.31,0.31,69,True,1.0,33,1500,5,27,30,33,112,0,20,0.86,False,0.0,0,0,0,0,0,0
coordinated_frontier_hungarian,4,10,10,4,367776961,3166742020,1587198119,759788228,1874364848,0,nested_rooms,0.31,0.31,69,True,1.0,22,1500,7,19,20,22,84,0,4,0.74,False,0.0,0,0,0,0,0,0
move_toward_frontier_astar,2,10,10,0,3757552657,673228719,3241444873,3685993406,2968811710,0,comb,0.54,0.54,46,False,0.30434782608695654,1500,1500,,,,,6,0,2994,0.045454545454545456,False,0.0,0,0,0,0,0,0
move_toward_frontier_astar,2,10,10,1,1641411168,1454127163,2749604155,3056722145,3964924996,0,comb,0.54,0.54,46,False,0.45652173913043476,1500,1500,,,,,30,0,2970,0.4666666666666667,False,0.0,0,0,0,0,0,0
move_toward_frontier_astar,2,10,10,2,2001025171,2240297063,1311118443,2854122131,3141116543,0,comb,0.54,0.54,46,False,0.5434782608695652,1500,1500,9,,,,32,0,2968,0.24561403508771928,False,0.0,0,0,0,0,0,0
move_toward_frontier_astar,2,10,10,3,819382448,1645421708,3451799802,118549108,2613022947,0,comb,0.54,0.54,46,False,0.45652173913043476,1500,1500,,,,,16,0,2984,0.17391304347826086,False,0.0,0,0,0,0,0,0
coordinated_frontier_greedy,2,10,10,1,1641411168,1454127163,2749604155,3056722145,3964924996,0,nested_rooms,0.31,0.31,69,False,0.4492753623188406,1500,1500,,,,,48,0,2952,0.8135593220338984,False,0.0,0,0,0,0,0,0
move_toward_frontier_astar,2,10,10,4,367776961,3166742020,1587198119,759788228,1874364848,0,comb,0.54,0.54,46,False,0.34782608695652173,1500,1500,,,,,10,0,2990,0.2,False,0.0,0,0,0,0,0,0
move_toward_frontier_astar,4,10,10,0,3757552657,673228719,3241444873,3685993406,2968811710,0,comb,0.54,0.54,46,False,0.5652173913043478,1500,1500,3,,,,27,0,5973,0.5490196078431373,False,0.0,0,0,0,0,0,0
move_toward_frontier_astar,4,10,10,2,2001025171,2240297063,1311118443,2854122131,3141116543,0,comb,0.54,0.54,46,False,0.5869565217391305,1500,1500,7,,,,19,0,5981,0.16071428571428573,False,0.0,0,0,0,0,0,0
move_toward_frontier_astar,4,10,10,1,1641411168,1454127163,2749604155,3056722145,3964924996,0,comb,0.54,0.54,46,False,0.43478260869565216,1500,1500,,,,,22,0,5978,0.9428571428571428,False,0.0,0,0,0,0,0,0
move_toward_unknown_bfs,2,10,10,0,3757552657,673228719,3241444873,3685993406,2968811710,0,comb,0.54,0.54,46,False,0.4782608695652174,1500,1500,,,,,24,0,2976,0.5681818181818182,False,0.0,0,0,0,0,0,0
move_toward_frontier_astar,4,10,10,3,819382448,1645421708,3451799802,118549108,2613022947,0,comb,0.54,0.54,46,False,0.8043478260869565,1500,1500,4,,,,57,0,5943,0.45569620253164556,False,0.0,0,0,0,0,0,0
move_toward_frontier_astar,4,10,10,4,367776961,3166742020,1587198119,759788228,1874364848,0,comb,0.54,0.54,46,False,0.717391304347826,1500,1500,4,,,,29,0,5971,0.3380281690140845,False,0.0,0,0,0,0,0,0
move_toward_unknown_bfs,2,10,10,1,1641411168,1454127163,2749604155,3056722145,3964924996,0,comb,0.54,0.54,46,False,0.45652173913043476,1500,1500,,,,,26,0,2974,0.4666666666666667,False,0.0,0,0,0,0,0,0
move_toward_unknown_bfs,2,10,10,3,819382448,1645421708,3451799802,118549108,2613022947,0,comb,0.54,0.54,46,False,0.45652173913043476,1500,1500,,,,,16,0,2984,0.17391304347826086,False,0.0,0,0,0,0,0,0
move_toward_unknown_bfs,2,10,10,2,2001025171,2240297063,1311118443,2854122131,3141116543,0,comb,0.54,0.54,46,False,0.717391304347826,1500,1500,8,,,,46,0,2954,0.2537313432835821,False,0.0,0,0,0,0,0,0
move_toward_unknown_bfs,2,10,10,4,367776961,3166742020,1587198119,759788228,1874364848,0,comb,0.54,0.54,46,False,0.34782608695652173,1500,1500,,,,,10,0,2990,0.2,False,0.0,0,0,0,0,0,0
move_toward_unknown_bfs,4,10,10,0,3757552657,673228719,3241444873,3685993406,2968811710,0,comb,0.54,0.54,46,False,0.7391304347826086,1500,1500,3,,,,36,0,5964,0.4714285714285714,False,0.0,0,0,0,0,0,0
move_toward_unknown_bfs,4,10,10,2,2001025171,2240297063,1311118443,2854122131,3141116543,0,comb,0.54,0.54,46,False,0.9565217391304348,1500,1500,5,16,37,,89,0,5911,1.0919540229885059,False,0.0,0,0,0,0,0,0
move_toward_unknown_bfs,4,10,10,3,819382448,1645421708,3451799802,118549108,2613022947,0,comb,0.54,0.54,46,False,0.8478260869565217,1500,1500,6,,,,58,0,5942,0.42105263157894735,False,0.0,0,0,0,0,0,0
move_toward_unknown_bfs,4,10,10,1,1641411168,1454127163,2749604155,3056722145,3964924996,0,comb,0.54,0.54,46,False,0.782608695652174,1500,1500,6,,,,52,0,5948,0.8846153846153846,False,0.0,0,0,0,0,0,0
move_toward_unknown_bfs,4,10,10,4,367776961,3166742020,1587198119,759788228,1874364848,0,comb,0.54,0.54,46,False,0.8913043478260869,1500,1500,4,,,,46,0,5954,0.625,False,0.0,0,0,0,0,0,0
coordinated_frontier_greedy,2,10,10,2,2001025171,2240297063,1311118443,2854122131,3141116543,0,comb,0.54,0.54,46,True,1.0,59,1500,9,36,38,59,118,0,0,0.6413043478260869,False,0.0,0,0,0,0,0,0
coordinated_frontier_greedy,2,10,10,0,3757552657,673228719,3241444873,3685993406,2968811710,0,comb,0.54,0.54,46,False,0.41304347826086957,1500,1500,,,,,26,0,2974,0.5641025641025641,False,0.0,0,0,0,0,0,0
coordinated_frontier_greedy,2,10,10,4,367776961,3166742020,1587198119,759788228,1874364848,0,comb,0.54,0.54,46,True,1.0,81,1500,11,42,79,81,162,0,0,0.9565217391304348,False,0.0,0,0,0,0,0,0
coordinated_frontier_greedy,2,10,10,1,1641411168,1454127163,2749604155,3056722145,3964924996,0,comb,0.54,0.54,46,False,0.45652173913043476,1500,1500,,,,,30,0,2970,0.4666666666666667,False,0.0,0,0,0,0,0,0
coordinated_frontier_greedy,4,10,10,0,3757552657,673228719,3241444873,3685993406,2968811710,0,comb,0.54,0.54,46,True,1.0,23,1500,3,14,16,23,92,0,0,0.7692307692307693,False,0.0,0,0,0,0,0,0
coordinated_frontier_greedy,4,10,10,1,1641411168,1454127163,2749604155,3056722145,3964924996,0,comb,0.54,0.54,46,True,1.0,35,1500,5,31,33,35,132,0,8,1.5108695652173914,False,0.0,0,0,0,0,0,0
coordinated_frontier_greedy,4,10,10,3,819382448,1645421708,3451799802,118549108,2613022947,0,comb,0.54,0.54,46,True,1.0,48,1500,4,44,46,48,114,0,78,0.8695652173913043,False,0.0,0,0,0,0,0,0
coordinated_frontier_greedy,2,10,10,3,819382448,1645421708,3451799802,118549108,2613022947,0,comb,0.54,0.54,46,False,0.9782608695652174,1500,1500,10,21,22,,68,0,2932,0.10989010989010989,False,0.0,0,0,0,0,0,0
coordinated_frontier_hungarian,4,10,10,3,819382448,1645421708,3451799802,118549108,2613022947,0,nested_rooms,0.31,0.31,69,False,0.8260869565217391,1500,1500,4,,,,184,0,5816,2.3214285714285716,False,0.0,0,0,0,0,0,0
coordinated_frontier_hungarian,2,10,10,0,3757552657,673228719,3241444873,3685993406,2968811710,0,comb,0.54,0.54,46,False,0.41304347826086957,1500,1500,,,,,20,0,2980,0.1282051282051282,False,0.0,0,0,0,0,0,0
coordinated_frontier_hungarian,2,10,10,1,1641411168,1454127163,2749604155,3056722145,3964924996,0,comb,0.54,0.54,46,False,0.8260869565217391,1500,1500,12,,,,68,0,2932,0.36904761904761907,False,0.0,0,0,0,0,0,0
coordinated_frontier_hungarian,2,10,10,3,819382448,1645421708,3451799802,118549108,2613022947,0,comb,0.54,0.54,46,True,1.0,41,1500,9,20,21,41,82,0,0,0.20652173913043478,False,0.0,0,0,0,0,0,0
coordinated_frontier_hungarian,2,10,10,4,367776961,3166742020,1587198119,759788228,1874364848,0,comb,0.54,0.54,46,True,1.0,55,1500,17,41,43,55,110,0,0,0.5604395604395604,False,0.0,0,0,0,0,0,0
coordinated_frontier_hungarian,2,10,10,2,2001025171,2240297063,1311118443,2854122131,3141116543,0,comb,0.54,0.54,46,False,0.8260869565217391,1500,1500,11,,,,64,0,2936,0.15476190476190477,False,0.0,0,0,0,0,0,0
coordinated_frontier_hungarian,4,10,10,1,1641411168,1454127163,2749604155,3056722145,3964924996,0,comb,0.54,0.54,46,True,1.0,26,1500,5,22,24,26,85,0,19,0.6413043478260869,False,0.0,0,0,0,0,0,0
coordinated_frontier_hungarian,4,10,10,2,2001025171,2240297063,1311118443,2854122131,3141116543,0,comb,0.54,0.54,46,True,1.0,17,1500,5,14,16,17,68,0,0,0.5652173913043478,False,0.0,0,0,0,0,0,0
coordinated_frontier_greedy,4,10,10,2,2001025171,2240297063,1311118443,2854122131,3141116543,0,comb,0.54,0.54,46,False,0.8043478260869565,1500,1500,4,,,,88,0,5912,0.691358024691358,False,0.0,0,0,0,0,0,0
coordinated_frontier_hungarian,4,10,10,4,367776961,3166742020,1587198119,759788228,1874364848,0,comb,0.54,0.54,46,True,1.0,18,1500,4,15,16,18,72,0,0,0.7717391304347826,False,0.0,0,0,0,0,0,0
coordinated_frontier_hungarian,4,25,25,2,2001025171,2240297063,1311118443,2854122131,3141116543,0,,0.3,0.4048,372,False,0.9973118279569892,3000,3000,53,135,161,,870,0,11130,1.5370051635111877,True,0.3,1539,1102,437,15948,11292,4656
move_toward_frontier_astar,2,10,10,0,3757552657,673228719,3241444873,3685993406,2968811710,0,u_trap,0.16,0.16,84,True,1.0,71,1500,19,31,32,71,142,0,0,0.98,False,0.0,0,0,0,0,0,0
coordinated_frontier_greedy,4,10,10,4,367776961,3166742020,1587198119,759788228,1874364848,0,comb,0.54,0.54,46,False,0.8913043478260869,1500,1500,4,,,,69,0,5931,0.4444444444444444,False,0.0,0,0,0,0,0,0
move_toward_frontier_astar,2,10,10,1,1641411168,1454127163,2749604155,3056722145,3964924996,0,u_trap,0.16,0.16,84,False,0.9880952380952381,1500,1500,23,58,59,,120,0,2880,0.6161616161616161,False,0.0,0,0,0,0,0,0
move_toward_frontier_astar,2,10,10,3,819382448,1645421708,3451799802,118549108,2613022947,0,u_trap,0.16,0.16,84,False,0.7976190476190477,1500,1500,17,,,,84,0,2916,0.925,False,0.0,0,0,0,0,0,0
move_toward_frontier_astar,2,10,10,2,2001025171,2240297063,1311118443,2854122131,3141116543,0,u_trap,0.16,0.16,84,False,0.9880952380952381,1500,1500,16,63,64,,130,0,2870,0.7777777777777778,False,0.0,0,0,0,0,0,0
move_toward_frontier_astar,4,10,10,0,3757552657,673228719,3241444873,3685993406,2968811710,0,u_trap,0.16,0.16,84,False,0.6071428571428571,1500,1500,4,,,,23,0,5977,0.2222222222222222,False,0.0,0,0,0,0,0,0
move_toward_frontier_astar,4,10,10,1,1641411168,1454127163,2749604155,3056722145,3964924996,0,u_trap,0.16,0.16,84,False,0.47619047619047616,1500,1500,,,,,17,0,5983,0.2978723404255319,False,0.0,0,0,0,0,0,0
move_toward_frontier_astar,2,10,10,4,367776961,3166742020,1587198119,759788228,1874364848,0,u_trap,0.16,0.16,84,False,0.9880952380952381,1500,1500,18,58,59,,122,0,2878,0.6666666666666666,False,0.0,0,0,0,0,0,0
coordinated_frontier_hungarian,4,10,10,0,3757552657,673228719,3241444873,3685993406,2968811710,0,comb,0.54,0.54,46,False,0.8478260869565217,1500,1500,3,,,,103,0,5897,0.7294117647058823,False,0.0,0,0,0,0,0,0
move_toward_unknown_bfs,2,10,10,0,3757552657,673228719,3241444873,3685993406,2968811710,0,u_trap,0.16,0.16,84,True,1.0,46,1500,12,35,37,46,92,0,0,0.72,False,0.0,0,0,0,0,0,0
move_toward_unknown_bfs,2,10,10,1,1641411168,1454127163,2749604155,3056722145,3964924996,0,u_trap,0.16,0.16,84,True,1.0,48,1500,21,44,46,48,96,0,0,0.66,False,0.0,0,0,0,0,0,0
move_toward_unknown_bfs,2,10,10,2,2001025171,2240297063,1311118443,2854122131,3141116543,0,u_trap,0.16,0.16,84,True,1.0,46,1500,10,39,42,46,92,0,0,0.49,False,0.0,0,0,0,0,0,0
move_toward_frontier_astar,4,10,10,2,2001025171,2240297063,1311118443,2854122131,3141116543,0,u_trap,0.16,0.16,84,False,0.39285714285714285,1500,1500,,,,,19,0,5981,0.6904761904761905,False,0.0,0,0,0,0,0,0
move_toward_unknown_bfs,2,10,10,4,367776961,3166742020,1587198119,759788228,1874364848,0,u_trap,0.16,0.16,84,True,1.0,53,1500,20,51,52,53,106,0,0,0.57,False,0.0,0,0,0,0,0,0
move_toward_frontier_astar,4,10,10,3,819382448,1645421708,3451799802,118549108,2613022947,0,u_trap,0.16,0.16,84,False,0.5238095238095238,1500,1500,6,,,,35,0,5965,0.9019607843137255,False,0.0,0,0,0,0,0,0
move_toward_unknown_bfs,2,10,10,3,819382448,1645421708,3451799802,118549108,2613022947,0,u_trap,0.16,0.16,84,False,0.7380952380952381,1500,1500,22,,,,80,0,2920,0.935064935064935,False,0.0,0,0,0,0,0,0
move_toward_unknown_bfs,4,10,10,0,3757552657,673228719,3241444873,3685993406,2968811710,0,u_trap,0.16,0.16,84,False,0.6666666666666666,1500,1500,4,,,,48,0,5952,0.6571428571428571,False,0.0,0,0,0,0,0,0
move_toward_frontier_astar,4,10,10,4,367776961,3166742020,1587198119,759788228,1874364848,0,u_trap,0.16,0.16,84,False,0.7619047619047619,1500,1500,4,,,,28,0,5972,0.23684210526315788,False,0.0,0,0,0,0,0,0
move_toward_unknown_bfs,4,10,10,1,1641411168,1454127163,2749604155,3056722145,3964924996,0,u_trap,0.16,0.16,84,False,0.4523809523809524,1500,1500,,,,,12,0,5988,0.06818181818181818,False,0.0,0,0,0,0,0,0
coordinated_frontier_greedy,2,10,10,0,3757552657,673228719,3241444873,3685993406,2968811710,0,u_trap,0.16,0.16,84,True,1.0,74,1500,23,48,50,74,148,0,0,0.99,False,0.0,0,0,0,0,0,0
coordinated_frontier_hungarian,4,10,10,3,819382448,1645421708,3451799802,118549108,2613022947,0,comb,0.54,0.54,46,False,0.9782608695652174,1500,1500,4,38,40,,112,0,5888,0.8021978021978022,False,0.0,0,0,0,0,0,0
move_toward_unknown_bfs,4,10,10,2,2001025171,2240297063,1311118443,2854122131,3141116543,0,u_trap,0.16,0.16,84,False,0.6190476190476191,1500,1500,5,,,,64,0,5936,1.2622950819672132,False,0.0,0,0,0,0,0,0
coordinated_frontier_greedy,2,10,10,2,2001025171,2240297063,1311118443,2854122131,3141116543,0,u_trap,0.16,0.16,84,True,1.0,52,1500,16,45,47,52,104,0,0,0.49,False,0.0,0,0,0,0,0,0
move_toward_unknown_bfs,4,10,10,4,367776961,3166742020,1587198119,759788228,1874364848,0,u_trap,0.16,0.16,84,False,0.8571428571428571,1500,1500,6,,,,47,0,5953,0.4166666666666667,False,0.0,0,0,0,0,0,0
coordinated_frontier_greedy,2,10,10,4,367776961,3166742020,1587198119,759788228,1874364848,0,u_trap,0.16,0.16,84,True,1.0,71,1500,13,25,27,71,142,0,0,0.98,False,0.0,0,0,0,0,0,0
coordinated_frontier_greedy,4,10,10,0,3757552657,673228719,3241444873,3685993406,2968811710,0,u_trap,0.16,0.16,84,True,1.0,30,1500,4,27,28,30,118,0,2,1.06,False,0.0,0,0,0,0,0,0
coordinated_frontier_greedy,4,10,10,1,1641411168,1454127163,2749604155,3056722145,3964924996,0,u_trap,0.16,0.16,84,True,1.0,31,1500,15,26,27,31,108,0,16,0.74,False,0.0,0,0,0,0,0,0
move_toward_unknown_bfs,4,10,10,3,819382448,1645421708,3451799802,118549108,2613022947,0,u_trap,0.16,0.16,84,False,0.9166666666666666,1500,1500,9,22,,,116,0,5884,1.5806451612903225,False,0.0,0,0,0,0,0,0
coordinated_frontier_greedy,4,10,10,2,2001025171,2240297063,1311118443,2854122131,3141116543,0,u_trap,0.16,0.16,84,True,1.0,66,1500,8,31,35,66,202,0,62,1.89,False,0.0,0,0,0,0,0,0
coordinated_frontier_greedy,4,10,10,3,819382448,1645421708,3451799802,118549108,2613022947,0,u_trap,0.16,0.16,84,True,1.0,60,1500,6,34,36,60,164,0,76,1.92,False,0.0,0,0,0,0,0,0
coordinated_frontier_hungarian,2,10,10,0,3757552657,673228719,3241444873,3685993406,2968811710,0,u_trap,0.16,0.16,84,True,1.0,69,1500,17,33,35,69,138,0,0,0.99,False,0.0,0,0,0,0,0,0
coordinated_frontier_hungarian,2,10,10,2,2001025171,2240297063,1311118443,2854122131,3141116543,0,u_trap,0.16,0.16,84,True,1.0,67,1500,14,35,64,67,134,0,0,0.95,False,0.0,0,0,0,0,0,0
coordinated_frontier_greedy,2,10,10,1,1641411168,1454127163,2749604155,3056722145,3964924996,0,u_trap,0.16,0.16,84,False,0.34523809523809523,1500,1500,,,,,16,0,2984,0.1111111111111111,False,0.0,0,0,0,0,0,0
coordinated_frontier_hungarian,2,10,10,4,367776961,3166742020,1587198119,759788228,1874364848,0,u_trap,0.16,0.16,84,True,1.0,55,1500,11,31,33,55,110,0,0,0.79,False,0.0,0,0,0,0,0,0
coordinated_frontier_hungarian,4,10,10,0,3757552657,673228719,3241444873,3685993406,2968811710,0,u_trap,0.16,0.16,84,True,1.0,21,1500,7,18,19,21,76,0,8,0.4444444444444444,False,0.0,0,0,0,0,0,0
coordinated_frontier_hungarian,4,10,10,1,1641411168,1454127163,2749604155,3056722145,3964924996,0,u_trap,0.16,0.16,84,True,1.0,25,1500,5,12,13,25,82,0,18,0.32,False,0.0,0,0,0,0,0,0
coordinated_frontier_hungarian,4,10,10,2,2001025171,2240297063,1311118443,2854122131,3141116543,0,u_trap,0.16,0.16,84,True,1.0,38,1500,4,23,35,38,144,0,8,1.36,False,0.0,0,0,0,0,0,0
coordinated_frontier_hungarian,4,10,10,3,819382448,1645421708,3451799802,118549108,2613022947,0,u_trap,0.16,0.16,84,True,1.0,28,1500,6,19,21,28,112,0,0,1.06,False,0.0,0,0,0,0,0,0
coordinated_frontier_hungarian,4,10,10,4,367776961,3166742020,1587198119,759788228,1874364848,0,u_trap,0.16,0.16,84,True,1.0,20,1500,5,17,18,20,80,0,0,0.37373737373737376,False,0.0,0,0,0,0,0,0
coordinated_frontier_greedy,2,10,10,3,819382448,1645421708,3451799802,118549108,2613022947,0,u_trap,0.16,0.16,84,False,0.5357142857142857,1500,1500,17,,,,38,0,2962,0.8703703703703703,False,0.0,0,0,0,0,0,0
move_toward_frontier_astar,2,10,10,0,3757552657,673228719,3241444873,3685993406,2968811710,0,central_block,0.16,0.16,84,False,0.21428571428571427,1500,1500,,,,,16,0,2984,0.7894736842105263,False,0.0,0,0,0,0,0,0
move_toward_frontier_astar,2,10,10,1,1641411168,1454127163,2749604155,3056722145,3964924996,0,central_block,0.16,0.16,84,False,0.34523809523809523,1500,1500,,,,,12,0,2988,0.06060606060606061,False,0.0,0,0,0,0,0,0
coordinated_frontier_hungarian,2,10,10,3,819382448,1645421708,3451799802,118549108,2613022947,0,u_trap,0.16,0.16,84,False,0.8095238095238095,1500,1500,10,,,,88,0,2912,0.8928571428571429,False,0.0,0,0,0,0,0,0
coordinated_frontier_hungarian,2,10,10,1,1641411168,1454127163,2749604155,3056722145,3964924996,0,u_trap,0.16,0.16,84,False,0.9880952380952381,1500,1500,13,30,32,,120,0,2880,0.9696969696969697,False,0.0,0,0,0,0,0,0
move_toward_frontier_astar,2,10,10,4,367776961,3166742020,1587198119,759788228,1874364848,0,central_block,0.16,0.16,84,False,0.25,1500,1500,,,,,10,0,2990,0.5714285714285714,False,0.0,0,0,0,0,0,0
move_toward_frontier_astar,2,10,10,3,819382448,1645421708,3451799802,118549108,2613022947,0,central_block,0.16,0.16,84,False,0.5119047619047619,1500,1500,21,,,,44,0,2956,0.8571428571428571,False,0.0,0,0,0,0,0,0
move_toward_frontier_astar,4,10,10,0,3757552657,673228719,3241444873,3685993406,2968811710,0,central_block,0.16,0.16,84,False,0.6666666666666666,1500,1500,5,,,,23,0,5977,0.2631578947368421,False,0.0,0,0,0,0,0,0
move_toward_frontier_astar,2,10,10,2,2001025171,2240297063,1311118443,2854122131,3141116543,0,central_block,0.16,0.16,84,False,0.9880952380952381,1500,1500,14,53,57,,120,0,2880,0.9473684210526315,False,0.0,0,0,0,0,0,0
move_toward_frontier_astar,4,10,10,2,2001025171,2240297063,1311118443,2854122131,3141116543,0,central_block,0.16,0.16,84,False,0.4880952380952381,1500,1500,,,,,19,0,5981,0.48936170212765956,False,0.0,0,0,0,0,0,0
move_toward_frontier_astar,4,10,10,1,1641411168,1454127163,2749604155,3056722145,3964924996,0,central_block,0.16,0.16,84,False,0.6190476190476191,1500,1500,4,,,,21,0,5979,0.25,False,0.0,0,0,0,0,0,0
move_toward_unknown_bfs,2,10,10,1,1641411168,1454127163,2749604155,3056722145,3964924996,0,central_block,0.16,0.16,84,False,0.40476190476190477,1500,1500,,,,,16,0,2984,0.02564102564102564,False,0.0,0,0,0,0,0,0
move_toward_frontier_astar,4,10,10,4,367776961,3166742020,1587198119,759788228,1874364848,0,central_block,0.16,0.16,84,False,0.6547619047619048,1500,1500,6,,,,34,0,5966,0.4262295081967213,False,0.0,0,0,0,0,0,0
move_toward_unknown_bfs,2,10,10,0,3757552657,673228719,3241444873,3685993406,2968811710,0,central_block,0.16,0.16,84,False,0.9285714285714286,1500,1500,26,46,,,102,0,2898,0.9886363636363636,False,0.0,0,0,0,0,0,0
move_toward_frontier_astar,4,10,10,3,819382448,1645421708,3451799802,118549108,2613022947,0,central_block,0.16,0.16,84,False,0.7976190476190477,1500,1500,5,,,,79,0,5921,1.2077922077922079,False,0.0,0,0,0,0,0,0
move_toward_unknown_bfs,2,10,10,3,819382448,1645421708,3451799802,118549108,2613022947,0,central_block,0.16,0.16,84,False,0.5595238095238095,1500,1500,21,,,,62,0,2938,0.9444444444444444,False,0.0,0,0,0,0,0,0
move_toward_unknown_bfs,2,10,10,2,2001025171,2240297063,1311118443,2854122131,3141116543,0,central_block,0.16,0.16,84,False,0.8809523809523809,1500,1500,22,,,,98,0,2902,0.9651162790697675,False,0.0,0,0,0,0,0,0
move_toward_unknown_bfs,2,10,10,4,367776961,3166742020,1587198119,759788228,1874364848,0,central_block,0.16,0.16,84,False,0.25,1500,1500,,,,,10,0,2990,0.5714285714285714,False,0.0,0,0,0,0,0,0
move_toward_unknown_bfs,4,10,10,0,3757552657,673228719,3241444873,3685993406,2968811710,0,central_block,0.16,0.16,84,False,0.8809523809523809,1500,1500,5,,,,48,0,5952,0.2976190476190476,False,0.0,0,0,0,0,0,0
move_toward_unknown_bfs,4,10,10,4,367776961,3166742020,1587198119,759788228,1874364848,0,central_block,0.16,0.16,84,True,1.0,28,1500,6,22,26,28,112,0,0,0.8947368421052632,False,0.0,0,0,0,0,0,0
move_toward_unknown_bfs,4,10,10,1,1641411168,1454127163,2749604155,3056722145,3964924996,0,central_block,0.16,0.16,84,False,0.75,1500,1500,3,,,,63,0,5937,0.8767123287671232,False,0.0,0,0,0,0,0,0
move_toward_unknown_bfs,4,10,10,2,2001025171,2240297063,1311118443,2854122131,3141116543,0,central_block,0.16,0.16,84,False,0.5595238095238095,1500,1500,3,,,,43,0,5957,0.9433962264150944,False,0.0,0,0,0,0,0,0
coordinated_frontier_greedy,2,10,10,0,3757552657,673228719,3241444873,3685993406,2968811710,0,central_block,0.16,0.16,84,True,1.0,46,1500,25,42,44,46,92,0,0,0.4583333333333333,False,0.0,0,0,0,0,0,0
move_toward_unknown_bfs,4,10,10,3,819382448,1645421708,3451799802,118549108,2613022947,0,central_block,0.16,0.16,84,False,0.6547619047619048,1500,1500,5,,,,67,0,5933,1.3225806451612903,False,0.0,0,0,0,0,0,0
coordinated_frontier_greedy,2,10,10,2,2001025171,2240297063,1311118443,2854122131,3141116543,0,central_block,0.16,0.16,84,True,1.0,66,1500,15,45,54,66,132,0,0,0.9791666666666666,False,0.0,0,0,0,0,0,0
coordinated_frontier_greedy,2,10,10,3,819382448,1645421708,3451799802,118549108,2613022947,0,central_block,0.16,0.16,84,True,1.0,51,1500,15,34,42,51,102,0,0,0.7395833333333334,False,0.0,0,0,0,0,0,0
coordinated_frontier_greedy,4,10,10,1,1641411168,1454127163,2749604155,3056722145,3964924996,0,central_block,0.16,0.16,84,True,1.0,50,1500,4,27,35,50,196,0,4,2.1770833333333335,False,0.0,0,0,0,0,0,0
coordinated_frontier_greedy,4,10,10,0,3757552657,673228719,3241444873,3685993406,2968811710,0,central_block,0.16,0.16,84,True,1.0,61,1500,4,55,57,61,216,0,28,2.4479166666666665,False,0.0,0,0,0,0,0,0
coordinated_frontier_greedy,4,10,10,2,2001025171,2240297063,1311118443,2854122131,3141116543,0,central_block,0.16,0.16,84,True,1.0,42,1500,4,29,33,42,168,0,0,1.6979166666666667,False,0.0,0,0,0,0,0,0
coordinated_frontier_greedy,4,10,10,3,819382448,1645421708,3451799802,118549108,2613022947,0,central_block,0.16,0.16,84,True,1.0,65,1500,4,29,31,65,168,0,92,1.8645833333333333,False,0.0,0,0,0,0,0,0
coordinated_frontier_hungarian,2,10,10,0,3757552657,673228719,3241444873,3685993406,2968811710,0,central_block,0.16,0.16,84,True,1.0,62,1500,12,53,57,62,124,0,0,0.9166666666666666,False,0.0,0,0,0,0,0,0
coordinated_frontier_greedy,4,10,10,4,367776961,3166742020,1587198119,759788228,1874364848,0,central_block,0.16,0.16,84,True,1.0,62,1500,5,45,50,62,242,0,6,2.65625,False,0.0,0,0,0,0,0,0
coordinated_frontier_hungarian,2,10,10,1,1641411168,1454127163,2749604155,3056722145,3964924996,0,central_block,0.16,0.16,84,True,1.0,57,1500,12,50,53,57,114,0,0,0.78125,False,0.0,0,0,0,0,0,0
coordinated_frontier_hungarian,2,10,10,2,2001025171,2240297063,1311118443,2854122131,3141116543,0,central_block,0.16,0.16,84,True,1.0,59,1500,10,52,57,59,118,0,0,0.8541666666666666,False,0.0,0,0,0,0,0,0
coordinated_frontier_hungarian,2,10,10,3,819382448,1645421708,3451799802,118549108,2613022947,0,central_block,0.16,0.16,84,True,1.0,42,1500,9,26,33,42,84,0,0,0.5638297872340425,False,0.0,0,0,0,0,0,0
coordinated_frontier_hungarian,2,10,10,4,367776961,3166742020,1587198119,759788228,1874364848,0,central_block,0.16,0.16,84,True,1.0,57,1500,15,43,45,57,114,0,0,0.8125,False,0.0,0,0,0,0,0,0
coordinated_frontier_greedy,4,10,10,4,367776961,3166742020,1587198119,759788228,1874364848,0,u_trap,0.16,0.16,84,False,0.9880952380952381,1500,1500,4,25,27,,151,0,5849,1.6868686868686869,False,0.0,0,0,0,0,0,0
coordinated_frontier_hungarian,4,10,10,0,3757552657,673228719,3241444873,3685993406,2968811710,0,central_block,0.16,0.16,84,True,1.0,49,1500,4,14,17,49,162,0,34,1.6989247311827957,False,0.0,0,0,0,0,0,0
coordinated_frontier_hungarian,4,10,10,1,1641411168,1454127163,2749604155,3056722145,3964924996,0,central_block,0.16,0.16,84,True,1.0,35,1500,3,14,21,35,98,0,42,0.631578947368421,False,0.0,0,0,0,0,0,0
coordinated_frontier_hungarian,4,10,10,2,2001025171,2240297063,1311118443,2854122131,3141116543,0,central_block,0.16,0.16,84,True,1.0,22,1500,3,11,18,22,88,0,0,0.7872340425531915,False,0.0,0,0,0,0,0,0
coordinated_frontier_hungarian,4,10,10,3,819382448,1645421708,3451799802,118549108,2613022947,0,central_block,0.16,0.16,84,True,1.0,22,1500,5,12,18,22,86,0,2,0.9230769230769231,False,0.0,0,0,0,0,0,0
coordinated_frontier_hungarian,4,10,10,4,367776961,3166742020,1587198119,759788228,1874364848,0,central_block,0.16,0.16,84,True,1.0,22,1500,4,16,18,22,88,0,0,0.43617021276595747,False,0.0,0,0,0,0,0,0
move_toward_frontier_astar,2,10,10,0,3757552657,673228719,3241444873,3685993406,2968811710,0,pillars,0.09,0.09,91,True,1.0,62,1500,24,57,60,62,124,0,0,0.93,False,0.0,0,0,0,0,0,0
move_toward_frontier_astar,2,10,10,1,1641411168,1454127163,2749604155,3056722145,3964924996,0,pillars,0.09,0.09,91,True,1.0,66,1500,21,46,48,66,132,0,0,0.99,False,0.0,0,0,0,0,0,0
coordinated_frontier_greedy,2,10,10,4,367776961,3166742020,1587198119,759788228,1874364848,0,central_block,0.16,0.16,84,False,0.4642857142857143,1500,1500,,,,,34,0,2966,0.6666666666666666,False,0.0,0,0,0,0,0,0
move_toward_frontier_astar,4,10,10,0,3757552657,673228719,3241444873,3685993406,2968811710,0,pillars,0.09,0.09,91,True,1.0,70,1500,21,60,65,70,122,0,158,1.1,False,0.0,0,0,0,0,0,0
move_toward_frontier_astar,2,10,10,2,2001025171,2240297063,1311118443,2854122131,3141116543,0,pillars,0.09,0.09,91,False,0.7582417582417582,1500,1500,21,,,,78,0,2922,0.6973684210526315,False,0.0,0,0,0,0,0,0
coordinated_frontier_greedy,2,10,10,1,1641411168,1454127163,2749604155,3056722145,3964924996,0,central_block,0.16,0.16,84,False,0.8571428571428571,1500,1500,13,,,,96,0,2904,0.8571428571428571,False,0.0,0,0,0,0,0,0
move_toward_frontier_astar,2,10,10,3,819382448,1645421708,3451799802,118549108,2613022947,0,pillars,0.09,0.09,91,False,0.989010989010989,1500,1500,19,55,59,,122,0,2878,0.9595959595959596,False,0.0,0,0,0,0,0,0
move_toward_frontier_astar,2,10,10,4,367776961,3166742020,1587198119,759788228,1874364848,0,pillars,0.09,0.09,91,False,0.989010989010989,1500,1500,16,57,59,,120,0,2880,0.8888888888888888,False,0.0,0,0,0,0,0,0
move_toward_unknown_bfs,2,10,10,0,3757552657,673228719,3241444873,3685993406,2968811710,0,pillars,0.09,0.09,91,False,0.21978021978021978,1500,1500,,,,,8,0,2992,0.2727272727272727,False,0.0,0,0,0,0,0,0
move_toward_frontier_astar,4,10,10,2,2001025171,2240297063,1311118443,2854122131,3141116543,0,pillars,0.09,0.09,91,False,0.5714285714285714,1500,1500,7,,,,23,0,5977,0.17543859649122806,False,0.0,0,0,0,0,0,0
move_toward_frontier_astar,4,10,10,1,1641411168,1454127163,2749604155,3056722145,3964924996,0,pillars,0.09,0.09,91,False,0.5824175824175825,1500,1500,15,,,,47,0,5953,0.8833333333333333,False,0.0,0,0,0,0,0,0
move_toward_unknown_bfs,2,10,10,2,2001025171,2240297063,1311118443,2854122131,3141116543,0,pillars,0.09,0.09,91,False,0.7032967032967034,1500,1500,30,,,,74,0,2926,0.7285714285714285,False,0.0,0,0,0,0,0,0
move_toward_unknown_bfs,2,10,10,4,367776961,3166742020,1587198119,759788228,1874364848,0,pillars,0.09,0.09,91,True,1.0,37,1500,13,25,27,37,74,0,0,0.25,False,0.0,0,0,0,0,0,0
move_toward_frontier_astar,4,10,10,3,819382448,1645421708,3451799802,118549108,2613022947,0,pillars,0.09,0.09,91,False,0.6813186813186813,1500,1500,6,,,,43,0,5957,0.5072463768115942,False,0.0,0,0,0,0,0,0
move_toward_unknown_bfs,2,10,10,3,819382448,1645421708,3451799802,118549108,2613022947,0,pillars,0.09,0.09,91,False,0.5054945054945055,1500,1500,19,,,,40,0,2960,0.5576923076923077,False,0.0,0,0,0,0,0,0
move_toward_unknown_bfs,4,10,10,2,2001025171,2240297063,1311118443,2854122131,3141116543,0,pillars,0.09,0.09,91,True,1.0,28,1500,4,23,26,28,63,0,49,0.27,False,0.0,0,0,0,0,0,0
move_toward_unknown_bfs,4,10,10,3,819382448,1645421708,3451799802,118549108,2613022947,0,pillars,0.09,0.09,91,True,1.0,60,1500,28,55,58,60,98,0,142,0.97,False,0.0,0,0,0,0,0,0
move_toward_unknown_bfs,4,10,10,4,367776961,3166742020,1587198119,759788228,1874364848,0,pillars,0.09,0.09,91,True,1.0,21,1500,5,12,15,21,84,0,0,0.81,False,0.0,0,0,0,0,0,0
move_toward_frontier_astar,4,10,10,4,367776961,3166742020,1587198119,759788228,1874364848,0,pillars,0.09,0.09,91,False,0.7692307692307693,1500,1500,4,,,,37,0,5963,0.3717948717948718,False,0.0,0,0,0,0,0,0
coordinated_frontier_greedy,2,10,10,1,1641411168,1454127163,2749604155,3056722145,3964924996,0,pillars,0.09,0.09,91,True,1.0,50,1500,21,46,48,50,100,0,0,0.62,False,0.0,0,0,0,0,0,0
coordinated_frontier_greedy,2,10,10,2,2001025171,2240297063,1311118443,2854122131,3141116543,0,pillars,0.09,0.09,91,True,1.0,68,1500,14,46,53,68,136,0,0,0.99,False,0.0,0,0,0,0,0,0
move_toward_unknown_bfs,4,10,10,0,3757552657,673228719,3241444873,3685993406,2968811710,0,pillars,0.09,0.09,91,False,0.2967032967032967,1500,1500,,,,,17,0,5983,0.90625,False,0.0,0,0,0,0,0,0
move_toward_unknown_bfs,2,10,10,1,1641411168,1454127163,2749604155,3056722145,3964924996,0,pillars,0.09,0.09,91,False,0.989010989010989,1500,1500,10,59,60,,126,0,2874,0.8484848484848485,False,0.0,0,0,0,0,0,0
move_toward_unknown_bfs,4,10,10,1,1641411168,1454127163,2749604155,3056722145,3964924996,0,pillars,0.09,0.09,91,False,0.38461538461538464,1500,1500,,,,,16,0,5984,0.575,False,0.0,0,0,0,0,0,0
coordinated_frontier_greedy,2,10,10,3,819382448,1645421708,3451799802,118549108,2613022947,0,pillars,0.09,0.09,91,True,1.0,62,1500,19,55,57,62,124,0,0,0.93,False,0.0,0,0,0,0,0,0
coordinated_frontier_greedy,2,10,10,4,367776961,3166742020,1587198119,759788228,1874364848,0,pillars,0.09,0.09,91,True,1.0,69,1500,16,52,55,69,138,0,0,0.91,False,0.0,0,0,0,0,0,0
coordinated_frontier_greedy,4,10,10,0,3757552657,673228719,3241444873,3685993406,2968811710,0,pillars,0.09,0.09,91,True,1.0,63,1500,7,33,52,63,228,0,24,2.43,False,0.0,0,0,0,0,0,0
coordinated_frontier_greedy,4,10,10,1,1641411168,1454127163,2749604155,3056722145,3964924996,0,pillars,0.09,0.09,91,True,1.0,56,1500,8,36,54,56,198,0,26,2.19,False,0.0,0,0,0,0,0,0
coordinated_frontier_greedy,4,10,10,2,2001025171,2240297063,1311118443,2854122131,3141116543,0,pillars,0.09,0.09,91,True,1.0,49,1500,5,33,47,49,196,0,0,2.08,False,0.0,0,0,0,0,0,0
coordinated_frontier_hungarian,2,10,10,1,1641411168,1454127163,2749604155,3056722145,3964924996,0,pillars,0.09,0.09,91,True,1.0,29,1500,10,22,26,29,58,0,0,0.06060606060606061,False,0.0,0,0,0,0,0,0
coordinated_frontier_greedy,4,10,10,3,819382448,1645421708,3451799802,118549108,2613022947,0,pillars,0.09,0.09,91,True,1.0,58,1500,5,41,56,58,232,0,0,2.43,False,0.0,0,0,0,0,0,0
coordinated_frontier_hungarian,2,10,10,2,2001025171,2240297063,1311118443,2854122131,3141116543,0,pillars,0.09,0.09,91,True,1.0,39,1500,10,22,33,39,78,0,0,0.15,False,0.0,0,0,0,0,0,0
coordinated_frontier_hungarian,2,10,10,3,819382448,1645421708,3451799802,118549108,2613022947,0,pillars,0.09,0.09,91,True,1.0,44,1500,9,27,39,44,88,0,0,0.55,False,0.0,0,0,0,0,0,0
coordinated_frontier_hungarian,2,10,10,4,367776961,3166742020,1587198119,759788228,1874364848,0,pillars,0.09,0.09,91,True,1.0,36,1500,15,33,35,36,72,0,0,0.13,False,0.0,0,0,0,0,0,0
coordinated_frontier_greedy,4,10,10,4,367776961,3166742020,1587198119,759788228,1874364848,0,pillars,0.09,0.09,91,True,1.0,49,1500,4,36,44,49,196,0,0,2.28,False,0.0,0,0,0,0,0,0
coordinated_frontier_hungarian,4,10,10,1,1641411168,1454127163,2749604155,3056722145,3964924996,0,pillars,0.09,0.09,91,True,1.0,21,1500,6,18,20,21,84,0,0,0.58,False,0.0,0,0,0,0,0,0
coordinated_frontier_hungarian,4,10,10,0,3757552657,673228719,3241444873,3685993406,2968811710,0,pillars,0.09,0.09,91,True,1.0,31,1500,4,19,22,31,96,0,28,0.75,False,0.0,0,0,0,0,0,0
coordinated_frontier_hungarian,4,10,10,2,2001025171,2240297063,1311118443,2854122131,3141116543,0,pillars,0.09,0.09,91,True,1.0,34,1500,5,18,21,34,134,0,2,1.29,False,0.0,0,0,0,0,0,0
coordinated_frontier_hungarian,4,10,10,4,367776961,3166742020,1587198119,759788228,1874364848,0,pillars,0.09,0.09,91,True,1.0,22,1500,5,16,18,22,88,0,0,0.65,False,0.0,0,0,0,0,0,0
coordinated_frontier_hungarian,4,10,10,3,819382448,1645421708,3451799802,118549108,2613022947,0,pillars,0.09,0.09,91,True,1.0,36,1500,5,19,29,36,144,0,0,1.404040404040404,False,0.0,0,0,0,0,0,0
move_toward_frontier_astar,2,10,10,1,1641411168,1454127163,2749604155,3056722145,3964924996,0,dense_pillars,0.25,0.25,75,False,0.38666666666666666,1500,1500,,,,,18,0,2982,0.07142857142857142,False,0.0,0,0,0,0,0,0
move_toward_frontier_astar,2,10,10,0,3757552657,673228719,3241444873,3685993406,2968811710,0,dense_pillars,0.25,0.25,75,False,0.36,1500,1500,,,,,22,0,2978,0.15789473684210525,False,0.0,0,0,0,0,0,0
move_toward_frontier_astar,2,10,10,3,819382448,1645421708,3451799802,118549108,2613022947,0,dense_pillars,0.25,0.25,75,False,0.5466666666666666,1500,1500,8,,,,24,0,2976,0.09836065573770492,False,0.0,0,0,0,0,0,0
move_toward_frontier_astar,2,10,10,2,2001025171,2240297063,1311118443,2854122131,3141116543,0,dense_pillars,0.25,0.25,75,False,0.9866666666666667,1500,1500,23,60,64,,134,0,2866,0.9797979797979798,False,0.0,0,0,0,0,0,0
move_toward_frontier_astar,2,10,10,4,367776961,3166742020,1587198119,759788228,1874364848,0,dense_pillars,0.25,0.25,75,False,0.8666666666666667,1500,1500,17,,,,98,0,2902,0.7333333333333333,False,0.0,0,0,0,0,0,0
coordinated_frontier_greedy,2,10,10,0,3757552657,673228719,3241444873,3685993406,2968811710,0,pillars,0.09,0.09,91,False,0.978021978021978,1500,1500,21,53,67,,136,0,2864,0.9081632653061225,False,0.0,0,0,0,0,0,0
move_toward_frontier_astar,4,10,10,0,3757552657,673228719,3241444873,3685993406,2968811710,0,dense_pillars,0.25,0.25,75,False,0.8533333333333334,1500,1500,13,,,,60,0,5940,0.3068181818181818,False,0.0,0,0,0,0,0,0
move_toward_frontier_astar,4,10,10,1,1641411168,1454127163,2749604155,3056722145,3964924996,0,dense_pillars,0.25,0.25,75,False,0.8533333333333334,1500,1500,14,,,,52,0,5948,0.13636363636363635,False,0.0,0,0,0,0,0,0
move_toward_unknown_bfs,2,10,10,0,3757552657,673228719,3241444873,3685993406,2968811710,0,dense_pillars,0.25,0.25,75,True,1.0,56,1500,13,24,53,56,112,0,0,0.9,False,0.0,0,0,0,0,0,0
move_toward_unknown_bfs,2,10,10,1,1641411168,1454127163,2749604155,3056722145,3964924996,0,dense_pillars,0.25,0.25,75,True,1.0,55,1500,9,52,54,55,110,0,0,0.9,False,0.0,0,0,0,0,0,0
move_toward_unknown_bfs,2,10,10,2,2001025171,2240297063,1311118443,2854122131,3141116543,0,dense_pillars,0.25,0.25,75,True,1.0,60,1500,15,39,42,60,120,0,0,0.99,False,0.0,0,0,0,0,0,0
move_toward_frontier_astar,4,10,10,2,2001025171,2240297063,1311118443,2854122131,3141116543,0,dense_pillars,0.25,0.25,75,False,0.5333333333333333,1500,1500,5,,,,31,0,5969,0.4406779661016949,False,0.0,0,0,0,0,0,0
coordinated_frontier_hungarian,2,10,10,0,3757552657,673228719,3241444873,3685993406,2968811710,0,pillars,0.09,0.09,91,False,0.8791208791208791,1500,1500,14,,,,96,0,2904,0.797752808988764,False,0.0,0,0,0,0,0,0
move_toward_frontier_astar,4,10,10,3,819382448,1645421708,3451799802,118549108,2613022947,0,dense_pillars,0.25,0.25,75,False,0.6,1500,1500,6,,,,32,0,5968,0.2698412698412698,False,0.0,0,0,0,0,0,0
move_toward_unknown_bfs,2,10,10,3,819382448,1645421708,3451799802,118549108,2613022947,0,dense_pillars,0.25,0.25,75,False,0.5466666666666666,1500,1500,8,,,,24,0,2976,0.09836065573770492,False,0.0,0,0,0,0,0,0
move_toward_unknown_bfs,2,10,10,4,367776961,3166742020,1587198119,759788228,1874364848,0,dense_pillars,0.25,0.25,75,False,0.8133333333333334,1500,1500,12,,,,46,0,2954,0.2,False,0.0,0,0,0,0,0,0
move_toward_frontier_astar,4,10,10,4,367776961,3166742020,1587198119,759788228,1874364848,0,dense_pillars,0.25,0.25,75,False,0.6933333333333334,1500,1500,4,,,,40,0,5960,0.5,False,0.0,0,0,0,0,0,0
move_toward_unknown_bfs,4,10,10,1,1641411168,1454127163,2749604155,3056722145,3964924996,0,dense_pillars,0.25,0.25,75,False,0.84,1500,1500,14,,,,45,0,5955,0.08139534883720931,False,0.0,0,0,0,0,0,0
move_toward_unknown_bfs,4,10,10,0,3757552657,673228719,3241444873,3685993406,2968811710,0,dense_pillars,0.25,0.25,75,False,0.8533333333333334,1500,1500,13,,,,52,0,5948,0.21839080459770116,False,0.0,0,0,0,0,0,0
move_toward_unknown_bfs,4,10,10,2,2001025171,2240297063,1311118443,2854122131,3141116543,0,dense_pillars,0.25,0.25,75,False,0.84,1500,1500,5,,,,36,0,5964,0.19540229885057472,False,0.0,0,0,0,0,0,0
coordinated_frontier_greedy,2,10,10,0,3757552657,673228719,3241444873,3685993406,2968811710,0,dense_pillars,0.25,0.25,75,True,1.0,69,1500,33,61,64,69,138,0,0,0.96,False,0.0,0,0,0,0,0,0
coordinated_frontier_greedy,2,10,10,1,1641411168,1454127163,2749604155,3056722145,3964924996,0,dense_pillars,0.25,0.25,75,True,1.0,73,1500,27,60,66,73,146,0,0,0.95,False,0.0,0,0,0,0,0,0
coordinated_frontier_greedy,2,10,10,2,2001025171,2240297063,1311118443,2854122131,3141116543,0,dense_pillars,0.25,0.25,75,True,1.0,70,1500,23,51,56,70,140,0,0,0.99,False,0.0,0,0,0,0,0,0
coordinated_frontier_greedy,2,10,10,3,819382448,1645421708,3451799802,118549108,2613022947,0,dense_pillars,0.25,0.25,75,True,1.0,61,1500,8,32,38,61,122,0,0,0.94,False,0.0,0,0,0,0,0,0
coordinated_frontier_greedy,2,10,10,4,367776961,3166742020,1587198119,759788228,1874364848,0,dense_pillars,0.25,0.25,75,True,1.0,57,1500,17,51,54,57,114,0,0,0.74,False,0.0,0,0,0,0,0,0
coordinated_frontier_greedy,4,10,10,2,2001025171,2240297063,1311118443,2854122131,3141116543,0,dense_pillars,0.25,0.25,75,True,1.0,44,1500,5,37,42,44,154,0,22,1.59,False,0.0,0,0,0,0,0,0
move_toward_unknown_bfs,4,10,10,3,819382448,1645421708,3451799802,118549108,2613022947,0,dense_pillars,0.25,0.25,75,False,0.9866666666666667,1500,1500,4,22,24,,107,0,5893,1.2424242424242424,False,0.0,0,0,0,0,0,0
move_toward_unknown_bfs,4,10,10,4,367776961,3166742020,1587198119,759788228,1874364848,0,dense_pillars,0.25,0.25,75,False,0.88,1500,1500,4,,,,62,0,5938,0.6153846153846154,False,0.0,0,0,0,0,0,0
coordinated_frontier_greedy,4,10,10,1,1641411168,1454127163,2749604155,3056722145,3964924996,0,dense_pillars,0.25,0.25,75,True,1.0,69,1500,5,56,60,69,276,0,0,2.75,False,0.0,0,0,0,0,0,0
coordinated_frontier_greedy,4,10,10,0,3757552657,673228719,3241444873,3685993406,2968811710,0,dense_pillars,0.25,0.25,75,True,1.0,80,1500,13,71,77,80,168,0,152,1.6,False,0.0,0,0,0,0,0,0
coordinated_frontier_hungarian,2,10,10,0,3757552657,673228719,3241444873,3685993406,2968811710,0,dense_pillars,0.25,0.25,75,True,1.0,63,1500,31,56,60,63,126,0,0,0.9,False,0.0,0,0,0,0,0,0
coordinated_frontier_greedy,4,10,10,3,819382448,1645421708,3451799802,118549108,2613022947,0,dense_pillars,0.25,0.25,75,True,1.0,51,1500,5,38,44,51,204,0,0,2.07,False,0.0,0,0,0,0,0,0
coordinated_frontier_hungarian,2,10,10,1,1641411168,1454127163,2749604155,3056722145,3964924996,0,dense_pillars,0.25,0.25,75,True,1.0,66,1500,15,59,63,66,132,0,0,0.91,False,0.0,0,0,0,0,0,0
coordinated_frontier_hungarian,2,10,10,2,2001025171,2240297063,1311118443,2854122131,3141116543,0,dense_pillars,0.25,0.25,75,True,1.0,68,1500,21,55,65,68,136,0,0,0.86,False,0.0,0,0,0,0,0,0
coordinated_frontier_greedy,4,10,10,4,367776961,3166742020,1587198119,759788228,1874364848,0,dense_pillars,0.25,0.25,75,True,1.0,47,1500,4,35,43,47,188,0,0,2.16,False,0.0,0,0,0,0,0,0
coordinated_frontier_hungarian,2,10,10,3,819382448,1645421708,3451799802,118549108,2613022947,0,dense_pillars,0.25,0.25,75,True,1.0,64,1500,8,35,38,64,128,0,0,0.98,False,0.0,0,0,0,0,0,0
coordinated_frontier_hungarian,2,10,10,4,367776961,3166742020,1587198119,759788228,1874364848,0,dense_pillars,0.25,0.25,75,True,1.0,67,1500,14,62,65,67,134,0,0,0.88,False,0.0,0,0,0,0,0,0
coordinated_frontier_hungarian,4,10,10,4,367776961,3166742020,1587198119,759788228,1874364848,0,dense_pillars,0.25,0.25,75,True,1.0,24,1500,6,18,22,24,96,0,0,0.77,False,0.0,0,0,0,0,0,0
move_toward_frontier_astar,2,10,10,0,3757552657,673228719,3241444873,3685993406,2968811710,0,zigzag,0.32,0.32,68,True,1.0,38,1500,11,32,35,38,76,0,0,0.31313131313131315,False,0.0,0,0,0,0,0,0
coordinated_frontier_hungarian,4,10,10,3,819382448,1645421708,3451799802,118549108,2613022947,0,dense_pillars,0.25,0.25,75,True,1.0,35,1500,7,15,32,35,140,0,0,1.19,False,0.0,0,0,0,0,0,0
coordinated_frontier_hungarian,4,10,10,0,3757552657,673228719,3241444873,3685993406,2968811710,0,dense_pillars,0.25,0.25,75,True,1.0,60,1500,5,22,35,60,204,0,36,2.292929292929293,False,0.0,0,0,0,0,0,0
move_toward_frontier_astar,2,10,10,2,2001025171,2240297063,1311118443,2854122131,3141116543,0,zigzag,0.32,0.32,68,True,1.0,69,1500,11,63,66,69,138,0,0,0.8484848484848485,False,0.0,0,0,0,0,0,0
coordinated_frontier_hungarian,4,10,10,1,1641411168,1454127163,2749604155,3056722145,3964924996,0,dense_pillars,0.25,0.25,75,True,1.0,58,1500,5,17,51,58,232,0,0,2.63,False,0.0,0,0,0,0,0,0
move_toward_frontier_astar,4,10,10,0,3757552657,673228719,3241444873,3685993406,2968811710,0,zigzag,0.32,0.32,68,True,1.0,32,1500,4,22,25,32,78,0,50,0.3333333333333333,False,0.0,0,0,0,0,0,0
move_toward_frontier_astar,4,10,10,1,1641411168,1454127163,2749604155,3056722145,3964924996,0,zigzag,0.32,0.32,68,True,1.0,32,1500,5,16,19,32,93,0,35,0.5050505050505051,False,0.0,0,0,0,0,0,0
coordinated_frontier_hungarian,4,10,10,2,2001025171,2240297063,1311118443,2854122131,3141116543,0,dense_pillars,0.25,0.25,75,True,1.0,67,1500,6,15,15,67,234,0,34,2.36,False,0.0,0,0,0,0,0,0
move_toward_frontier_astar,4,10,10,2,2001025171,2240297063,1311118443,2854122131,3141116543,0,zigzag,0.32,0.32,68,False,0.25,1500,1500,,,,,6,0,5994,0.10344827586206896,False,0.0,0,0,0,0,0,0
move_toward_frontier_astar,2,10,10,1,1641411168,1454127163,2749604155,3056722145,3964924996,0,zigzag,0.32,0.32,68,False,0.8529411764705882,1500,1500,12,,,,52,0,2948,0.10112359550561797,False,0.0,0,0,0,0,0,0
move_toward_unknown_bfs,2,10,10,0,3757552657,673228719,3241444873,3685993406,2968811710,0,zigzag,0.32,0.32,68,True,1.0,36,1500,14,30,33,36,72,0,0,0.25510204081632654,False,0.0,0,0,0,0,0,0
move_toward_frontier_astar,2,10,10,4,367776961,3166742020,1587198119,759788228,1874364848,0,zigzag,0.32,0.32,68,False,0.6029411764705882,1500,1500,17,,,,46,0,2954,0.7419354838709677,False,0.0,0,0,0,0,0,0
move_toward_frontier_astar,2,10,10,3,819382448,1645421708,3451799802,118549108,2613022947,0,zigzag,0.32,0.32,68,False,0.9705882352941176,1500,1500,11,29,30,,76,0,2924,0.5833333333333334,False,0.0,0,0,0,0,0,0
move_toward_frontier_astar,4,10,10,3,819382448,1645421708,3451799802,118549108,2613022947,0,zigzag,0.32,0.32,68,False,0.7794117647058824,1500,1500,4,,,,92,0,5908,0.6987951807228916,False,0.0,0,0,0,0,0,0
move_toward_unknown_bfs,2,10,10,1,1641411168,1454127163,2749604155,3056722145,3964924996,0,zigzag,0.32,0.32,68,False,0.8970588235294118,1500,1500,14,,,,52,0,2948,0.0989010989010989,False,0.0,0,0,0,0,0,0
move_toward_unknown_bfs,4,10,10,0,3757552657,673228719,3241444873,3685993406,2968811710,0,zigzag,0.32,0.32,68,True,1.0,24,1500,4,21,23,24,96,0,0,0.6464646464646465,False,0.0,0,0,0,0,0,0
move_toward_unknown_bfs,4,10,10,1,1641411168,1454127163,2749604155,3056722145,3964924996,0,zigzag,0.32,0.32,68,True,1.0,32,1500,5,24,26,32,78,0,50,0.32323232323232326,False,0.0,0,0,0,0,0,0
move_toward_unknown_bfs,2,10,10,2,2001025171,2240297063,1311118443,2854122131,3141116543,0,zigzag,0.32,0.32,68,False,0.7205882352941176,1500,1500,13,,,,44,0,2956,0.1506849315068493,False,0.0,0,0,0,0,0,0
move_toward_unknown_bfs,4,10,10,3,819382448,1645421708,3451799802,118549108,2613022947,0,zigzag,0.32,0.32,68,True,1.0,20,1500,6,15,17,20,70,0,10,0.5050505050505051,False,0.0,0,0,0,0,0,0
move_toward_frontier_astar,4,10,10,4,367776961,3166742020,1587198119,759788228,1874364848,0,zigzag,0.32,0.32,68,False,0.4411764705882353,1500,1500,,,,,24,0,5976,0.4716981132075472,False,0.0,0,0,0,0,0,0
move_toward_unknown_bfs,2,10,10,4,367776961,3166742020,1587198119,759788228,1874364848,0,zigzag,0.32,0.32,68,False,0.17647058823529413,1500,1500,,,,,8,0,2992,0.16666666666666666,False,0.0,0,0,0,0,0,0
coordinated_frontier_greedy,2,10,10,0,3757552657,673228719,3241444873,3685993406,2968811710,0,zigzag,0.32,0.32,68,True,1.0,38,1500,11,32,35,38,76,0,0,0.31313131313131315,False,0.0,0,0,0,0,0,0
coordinated_frontier_greedy,2,10,10,2,2001025171,2240297063,1311118443,2854122131,3141116543,0,zigzag,0.32,0.32,68,True,1.0,69,1500,11,63,66,69,138,0,0,0.7676767676767676,False,0.0,0,0,0,0,0,0
move_toward_unknown_bfs,4,10,10,4,367776961,3166742020,1587198119,759788228,1874364848,0,zigzag,0.32,0.32,68,False,0.5735294117647058,1500,1500,29,,,,44,0,5956,0.3968253968253968,False,0.0,0,0,0,0,0,0
move_toward_unknown_bfs,4,10,10,2,2001025171,2240297063,1311118443,2854122131,3141116543,0,zigzag,0.32,0.32,68,False,0.4117647058823529,1500,1500,,,,,28,0,5972,0.5111111111111111,False,0.0,0,0,0,0,0,0
coordinated_frontier_greedy,2,10,10,4,367776961,3166742020,1587198119,759788228,1874364848,0,zigzag,0.32,0.32,68,True,1.0,72,1500,17,66,69,72,144,0,0,0.9292929292929293,False,0.0,0,0,0,0,0,0
coordinated_frontier_greedy,4,10,10,0,3757552657,673228719,3241444873,3685993406,2968811710,0,zigzag,0.32,0.32,68,True,1.0,32,1500,4,22,25,32,82,0,46,0.3434343434343434,False,0.0,0,0,0,0,0,0
move_toward_unknown_bfs,2,10,10,3,819382448,1645421708,3451799802,118549108,2613022947,0,zigzag,0.32,0.32,68,False,0.9705882352941176,1500,1500,11,37,40,,88,0,2912,0.6666666666666666,False,0.0,0,0,0,0,0,0
coordinated_frontier_greedy,4,10,10,1,1641411168,1454127163,2749604155,3056722145,3964924996,0,zigzag,0.32,0.32,68,True,1.0,32,1500,5,20,22,32,84,0,44,0.3939393939393939,False,0.0,0,0,0,0,0,0
coordinated_frontier_greedy,4,10,10,2,2001025171,2240297063,1311118443,2854122131,3141116543,0,zigzag,0.32,0.32,68,True,1.0,22,1500,7,19,20,22,72,0,16,0.3711340206185567,False,0.0,0,0,0,0,0,0
coordinated_frontier_hungarian,2,10,10,0,3757552657,673228719,3241444873,3685993406,2968811710,0,zigzag,0.32,0.32,68,True,1.0,38,1500,11,32,35,38,76,0,0,0.2828282828282828,False,0.0,0,0,0,0,0,0
coordinated_frontier_hungarian,2,10,10,1,1641411168,1454127163,2749604155,3056722145,3964924996,0,zigzag,0.32,0.32,68,True,1.0,41,1500,10,37,39,41,82,0,0,0.11,False,0.0,0,0,0,0,0,0
coordinated_frontier_greedy,4,10,10,4,367776961,3166742020,1587198119,759788228,1874364848,0,zigzag,0.32,0.32,68,True,1.0,37,1500,21,34,35,37,130,0,18,1.6,False,0.0,0,0,0,0,0,0
coordinated_frontier_greedy,4,10,10,3,819382448,1645421708,3451799802,118549108,2613022947,0,zigzag,0.32,0.32,68,True,1.0,53,1500,4,18,50,53,172,0,40,2.0303030303030303,False,0.0,0,0,0,0,0,0
coordinated_frontier_hungarian,2,10,10,2,2001025171,2240297063,1311118443,2854122131,3141116543,0,zigzag,0.32,0.32,68,True,1.0,44,1500,12,38,41,44,88,0,0,0.37,False,0.0,0,0,0,0,0,0
coordinated_frontier_hungarian,2,10,10,3,819382448,1645421708,3451799802,118549108,2613022947,0,zigzag,0.32,0.32,68,True,1.0,34,1500,11,29,30,34,68,0,0,0.13131313131313133,False,0.0,0,0,0,0,0,0
coordinated_frontier_hungarian,2,10,10,4,367776961,3166742020,1587198119,759788228,1874364848,0,zigzag,0.32,0.32,68,True,1.0,44,1500,12,21,24,44,88,0,0,0.08,False,0.0,0,0,0,0,0,0
coordinated_frontier_hungarian,4,10,10,0,3757552657,673228719,3241444873,3685993406,2968811710,0,zigzag,0.32,0.32,68,True,1.0,27,1500,5,22,24,27,94,0,14,0.66,False,0.0,0,0,0,0,0,0
coordinated_frontier_hungarian,4,10,10,1,1641411168,1454127163,2749604155,3056722145,3964924996,0,zigzag,0.32,0.32,68,True,1.0,28,1500,5,22,25,28,96,0,16,0.75,False,0.0,0,0,0,0,0,0
coordinated_frontier_hungarian,4,10,10,2,2001025171,2240297063,1311118443,2854122131,3141116543,0,zigzag,0.32,0.32,68,True,1.0,33,1500,5,17,30,33,99,0,33,0.7,False,0.0,0,0,0,0,0,0
coordinated_frontier_hungarian,4,10,10,4,367776961,3166742020,1587198119,759788228,1874364848,0,zigzag,0.32,0.32,68,True,1.0,19,1500,7,16,17,19,74,0,2,0.6464646464646465,False,0.0,0,0,0,0,0,0
coordinated_frontier_hungarian,4,10,10,3,819382448,1645421708,3451799802,118549108,2613022947,0,zigzag,0.32,0.32,68,True,1.0,32,1500,4,11,29,32,128,0,0,1.01,False,0.0,0,0,0,0,0,0
move_toward_frontier_astar,2,10,10,0,3757552657,673228719,3241444873,3685993406,2968811710,0,spiral,0.36,0.36,64,False,0.140625,1500,1500,,,,,4,0,2996,0.047619047619047616,False,0.0,0,0,0,0,0,0
move_toward_frontier_astar,2,10,10,3,819382448,1645421708,3451799802,118549108,2613022947,0,spiral,0.36,0.36,64,False,0.09375,1500,1500,,,,,0,0,3000,0.2857142857142857,False,0.0,0,0,0,0,0,0
move_toward_frontier_astar,2,10,10,1,1641411168,1454127163,2749604155,3056722145,3964924996,0,spiral,0.36,0.36,64,False,0.625,1500,1500,13,,,,52,0,2948,0.4594594594594595,False,0.0,0,0,0,0,0,0
move_toward_frontier_astar,2,10,10,2,2001025171,2240297063,1311118443,2854122131,3141116543,0,spiral,0.36,0.36,64,False,0.75,1500,1500,10,,,,58,0,2942,0.5975609756097561,False,0.0,0,0,0,0,0,0
move_toward_frontier_astar,2,10,10,4,367776961,3166742020,1587198119,759788228,1874364848,0,spiral,0.36,0.36,64,False,0.078125,1500,1500,,,,,4,0,2996,0.6153846153846154,False,0.0,0,0,0,0,0,0
coordinated_frontier_greedy,2,10,10,1,1641411168,1454127163,2749604155,3056722145,3964924996,0,zigzag,0.32,0.32,68,False,0.8529411764705882,1500,1500,12,,,,52,0,2948,0.10112359550561797,False,0.0,0,0,0,0,0,0
move_toward_frontier_astar,4,10,10,0,3757552657,673228719,3241444873,3685993406,2968811710,0,spiral,0.36,0.36,64,False,0.578125,1500,1500,6,,,,26,0,5974,0.14285714285714285,False,0.0,0,0,0,0,0,0
move_toward_frontier_astar,4,10,10,1,1641411168,1454127163,2749604155,3056722145,3964924996,0,spiral,0.36,0.36,64,False,0.421875,1500,1500,,,,,16,0,5984,0.22727272727272727,False,0.0,0,0,0,0,0,0
coordinated_frontier_greedy,2,10,10,3,819382448,1645421708,3451799802,118549108,2613022947,0,zigzag,0.32,0.32,68,False,0.9705882352941176,1500,1500,11,29,30,,76,0,2924,0.5833333333333334,False,0.0,0,0,0,0,0,0
move_toward_unknown_bfs,2,10,10,0,3757552657,673228719,3241444873,3685993406,2968811710,0,spiral,0.36,0.36,64,False,0.140625,1500,1500,,,,,4,0,2996,0.047619047619047616,False,0.0,0,0,0,0,0,0
move_toward_frontier_astar,4,10,10,3,819382448,1645421708,3451799802,118549108,2613022947,0,spiral,0.36,0.36,64,False,0.53125,1500,1500,18,,,,42,0,5958,0.8301886792452831,False,0.0,0,0,0,0,0,0
move_toward_frontier_astar,4,10,10,2,2001025171,2240297063,1311118443,2854122131,3141116543,0,spiral,0.36,0.36,64,False,0.640625,1500,1500,14,,,,48,0,5952,0.84,False,0.0,0,0,0,0,0,0
move_toward_unknown_bfs,2,10,10,1,1641411168,1454127163,2749604155,3056722145,3964924996,0,spiral,0.36,0.36,64,False,0.625,1500,1500,13,,,,52,0,2948,0.4594594594594595,False,0.0,0,0,0,0,0,0
move_toward_unknown_bfs,2,10,10,2,2001025171,2240297063,1311118443,2854122131,3141116543,0,spiral,0.36,0.36,64,False,0.765625,1500,1500,14,,,,64,0,2936,0.6867469879518072,False,0.0,0,0,0,0,0,0
move_toward_unknown_bfs,2,10,10,4,367776961,3166742020,1587198119,759788228,1874364848,0,spiral,0.36,0.36,64,False,0.078125,1500,1500,,,,,4,0,2996,0.6153846153846154,False,0.0,0,0,0,0,0,0
move_toward_frontier_astar,4,10,10,4,367776961,3166742020,1587198119,759788228,1874364848,0,spiral,0.36,0.36,64,False,0.859375,1500,1500,8,,,,66,0,5934,0.7362637362637363,False,0.0,0,0,0,0,0,0
move_toward_unknown_bfs,4,10,10,0,3757552657,673228719,3241444873,3685993406,2968811710,0,spiral,0.36,0.36,64,False,0.609375,1500,1500,5,,,,28,0,5972,0.15625,False,0.0,0,0,0,0,0,0
move_toward_unknown_bfs,2,10,10,3,819382448,1645421708,3451799802,118549108,2613022947,0,spiral,0.36,0.36,64,False,0.5625,1500,1500,25,,,,58,0,2942,0.9420289855072463,False,0.0,0,0,0,0,0,0
coordinated_frontier_greedy,2,10,10,0,3757552657,673228719,3241444873,3685993406,2968811710,0,spiral,0.36,0.36,64,True,1.0,64,1500,19,58,61,64,128,0,0,0.98,False,0.0,0,0,0,0,0,0
move_toward_unknown_bfs,4,10,10,1,1641411168,1454127163,2749604155,3056722145,3964924996,0,spiral,0.36,0.36,64,False,0.453125,1500,1500,,,,,18,0,5982,0.21739130434782608,False,0.0,0,0,0,0,0,0
move_toward_unknown_bfs,4,10,10,4,367776961,3166742020,1587198119,759788228,1874364848,0,spiral,0.36,0.36,64,False,0.859375,1500,1500,8,,,,66,0,5934,0.7362637362637363,False,0.0,0,0,0,0,0,0
move_toward_unknown_bfs,4,10,10,2,2001025171,2240297063,1311118443,2854122131,3141116543,0,spiral,0.36,0.36,64,False,0.796875,1500,1500,8,,,,80,0,5920,0.5581395348837209,False,0.0,0,0,0,0,0,0
coordinated_frontier_greedy,2,10,10,3,819382448,1645421708,3451799802,118549108,2613022947,0,spiral,0.36,0.36,64,True,1.0,28,1500,11,24,25,28,56,0,0,0.22,False,0.0,0,0,0,0,0,0
move_toward_unknown_bfs,4,10,10,3,819382448,1645421708,3451799802,118549108,2613022947,0,spiral,0.36,0.36,64,False,0.59375,1500,1500,19,,,,52,0,5948,0.9027777777777778,False,0.0,0,0,0,0,0,0
coordinated_frontier_greedy,2,10,10,4,367776961,3166742020,1587198119,759788228,1874364848,0,spiral,0.36,0.36,64,True,1.0,51,1500,22,45,48,51,102,0,0,0.93,False,0.0,0,0,0,0,0,0
coordinated_frontier_greedy,4,10,10,1,1641411168,1454127163,2749604155,3056722145,3964924996,0,spiral,0.36,0.36,64,True,1.0,45,1500,11,39,42,45,122,0,58,0.94,False,0.0,0,0,0,0,0,0
coordinated_frontier_greedy,4,10,10,2,2001025171,2240297063,1311118443,2854122131,3141116543,0,spiral,0.36,0.36,64,True,1.0,49,1500,7,43,46,49,142,0,54,1.87,False,0.0,0,0,0,0,0,0
coordinated_frontier_greedy,4,10,10,3,819382448,1645421708,3451799802,118549108,2613022947,0,spiral,0.36,0.36,64,True,1.0,23,1500,7,19,20,23,92,0,0,1.07,False,0.0,0,0,0,0,0,0
coordinated_frontier_hungarian,2,10,10,0,3757552657,673228719,3241444873,3685993406,2968811710,0,spiral,0.36,0.36,64,True,1.0,39,1500,14,36,37,39,78,0,0,0.4,False,0.0,0,0,0,0,0,0
coordinated_frontier_greedy,4,10,10,4,367776961,3166742020,1587198119,759788228,1874364848,0,spiral,0.36,0.36,64,True,1.0,26,1500,5,20,23,26,70,0,34,0.64,False,0.0,0,0,0,0,0,0
coordinated_frontier_hungarian,2,10,10,2,2001025171,2240297063,1311118443,2854122131,3141116543,0,spiral,0.36,0.36,64,True,1.0,37,1500,12,33,35,37,74,0,0,0.44,False,0.0,0,0,0,0,0,0
coordinated_frontier_greedy,2,10,10,1,1641411168,1454127163,2749604155,3056722145,3964924996,0,spiral,0.36,0.36,64,False,0.625,1500,1500,13,,,,52,0,2948,0.4594594594594595,False,0.0,0,0,0,0,0,0
coordinated_frontier_hungarian,2,10,10,4,367776961,3166742020,1587198119,759788228,1874364848,0,spiral,0.36,0.36,64,True,1.0,38,1500,22,34,36,38,76,0,0,0.56,False,0.0,0,0,0,0,0,0
coordinated_frontier_hungarian,4,10,10,0,3757552657,673228719,3241444873,3685993406,2968811710,0,spiral,0.36,0.36,64,True,1.0,28,1500,5,15,25,28,112,0,0,0.99,False,0.0,0,0,0,0,0,0
coordinated_frontier_greedy,2,10,10,2,2001025171,2240297063,1311118443,2854122131,3141116543,0,spiral,0.36,0.36,64,False,0.75,1500,1500,10,,,,58,0,2942,0.5975609756097561,False,0.0,0,0,0,0,0,0
coordinated_frontier_hungarian,4,10,10,1,1641411168,1454127163,2749604155,3056722145,3964924996,0,spiral,0.36,0.36,64,True,1.0,20,1500,5,17,18,20,80,0,0,0.49,False,0.0,0,0,0,0,0,0
coordinated_frontier_hungarian,4,10,10,2,2001025171,2240297063,1311118443,2854122131,3141116543,0,spiral,0.36,0.36,64,True,1.0,52,1500,5,46,49,52,204,0,4,2.13,False,0.0,0,0,0,0,0,0
coordinated_frontier_hungarian,4,10,10,3,819382448,1645421708,3451799802,118549108,2613022947,0,spiral,0.36,0.36,64,True,1.0,57,1500,4,51,54,57,228,0,0,2.37,False,0.0,0,0,0,0,0,0
coordinated_frontier_hungarian,2,10,10,1,1641411168,1454127163,2749604155,3056722145,3964924996,0,spiral,0.36,0.36,64,False,0.671875,1500,1500,18,,,,48,0,2952,0.015384615384615385,False,0.0,0,0,0,0,0,0
move_toward_frontier_astar,2,10,10,0,3757552657,673228719,3241444873,3685993406,2968811710,0,ring,0.52,0.52,48,False,0.4375,1500,1500,,,,,30,0,2970,0.8648648648648649,False,0.0,0,0,0,0,0,0
coordinated_frontier_hungarian,2,10,10,3,819382448,1645421708,3451799802,118549108,2613022947,0,spiral,0.36,0.36,64,False,0.671875,1500,1500,10,,,,32,0,2968,0.046875,False,0.0,0,0,0,0,0,0
move_toward_frontier_astar,2,10,10,1,1641411168,1454127163,2749604155,3056722145,3964924996,0,ring,0.52,0.52,48,False,0.6041666666666666,1500,1500,9,,,,30,0,2970,0.64,False,0.0,0,0,0,0,0,0
move_toward_frontier_astar,2,10,10,2,2001025171,2240297063,1311118443,2854122131,3141116543,0,ring,0.52,0.52,48,False,0.625,1500,1500,5,,,,14,0,2986,0.022727272727272728,False,0.0,0,0,0,0,0,0
move_toward_frontier_astar,2,10,10,3,819382448,1645421708,3451799802,118549108,2613022947,0,ring,0.52,0.52,48,False,0.9375,1500,1500,5,10,,,20,0,2980,0.09836065573770492,False,0.0,0,0,0,0,0,0
move_toward_frontier_astar,2,10,10,4,367776961,3166742020,1587198119,759788228,1874364848,0,ring,0.52,0.52,48,False,0.625,1500,1500,5,,,,14,0,2986,0.041666666666666664,False,0.0,0,0,0,0,0,0
move_toward_frontier_astar,4,10,10,0,3757552657,673228719,3241444873,3685993406,2968811710,0,ring,0.52,0.52,48,False,0.8541666666666666,1500,1500,1,,,,31,0,5969,0.6875,False,0.0,0,0,0,0,0,0
move_toward_frontier_astar,4,10,10,2,2001025171,2240297063,1311118443,2854122131,3141116543,0,ring,0.52,0.52,48,False,0.9375,1500,1500,3,9,,,18,0,5982,0.09090909090909091,False,0.0,0,0,0,0,0,0
move_toward_frontier_astar,4,10,10,1,1641411168,1454127163,2749604155,3056722145,3964924996,0,ring,0.52,0.52,48,False,0.9791666666666666,1500,1500,2,20,22,,52,0,5948,0.6,False,0.0,0,0,0,0,0,0
move_toward_frontier_astar,4,10,10,3,819382448,1645421708,3451799802,118549108,2613022947,0,ring,0.52,0.52,48,False,0.4583333333333333,1500,1500,,,,,6,0,5994,0.08823529411764706,False,0.0,0,0,0,0,0,0
move_toward_unknown_bfs,2,10,10,1,1641411168,1454127163,2749604155,3056722145,3964924996,0,ring,0.52,0.52,48,False,0.3958333333333333,1500,1500,,,,,8,0,2992,0.06896551724137931,False,0.0,0,0,0,0,0,0
move_toward_frontier_astar,4,10,10,4,367776961,3166742020,1587198119,759788228,1874364848,0,ring,0.52,0.52,48,False,0.3958333333333333,1500,1500,,,,,16,0,5984,1.125,False,0.0,0,0,0,0,0,0
move_toward_unknown_bfs,2,10,10,0,3757552657,673228719,3241444873,3685993406,2968811710,0,ring,0.52,0.52,48,False,0.9166666666666666,1500,1500,9,39,,,86,0,2914,0.975609756097561,False,0.0,0,0,0,0,0,0
move_toward_unknown_bfs,2,10,10,4,367776961,3166742020,1587198119,759788228,1874364848,0,ring,0.52,0.52,48,True,1.0,36,1500,5,16,34,36,72,0,0,0.8235294117647058,False,0.0,0,0,0,0,0,0
move_toward_unknown_bfs,2,10,10,3,819382448,1645421708,3451799802,118549108,2613022947,0,ring,0.52,0.52,48,False,0.9583333333333334,1500,1500,6,13,14,,28,0,2972,0.11764705882352941,False,0.0,0,0,0,0,0,0
move_toward_unknown_bfs,4,10,10,1,1641411168,1454127163,2749604155,3056722145,3964924996,0,ring,0.52,0.52,48,True,1.0,13,1500,2,11,12,13,52,0,0,0.6987951807228916,False,0.0,0,0,0,0,0,0
move_toward_unknown_bfs,4,10,10,2,2001025171,2240297063,1311118443,2854122131,3141116543,0,ring,0.52,0.52,48,True,1.0,19,1500,2,7,13,19,76,0,0,0.9425287356321839,False,0.0,0,0,0,0,0,0
move_toward_unknown_bfs,4,10,10,3,819382448,1645421708,3451799802,118549108,2613022947,0,ring,0.52,0.52,48,True,1.0,19,1500,3,11,17,19,76,0,0,1.170731707317073,False,0.0,0,0,0,0,0,0
move_toward_unknown_bfs,4,10,10,0,3757552657,673228719,3241444873,3685993406,2968811710,0,ring,0.52,0.52,48,False,0.9791666666666666,1500,1500,1,12,13,,50,0,5950,0.6282051282051282,False,0.0,0,0,0,0,0,0
coordinated_frontier_greedy,2,10,10,0,3757552657,673228719,3241444873,3685993406,2968811710,0,ring,0.52,0.52,48,True,1.0,32,1500,19,27,28,32,64,0,0,0.42696629213483145,False,0.0,0,0,0,0,0,0
move_toward_unknown_bfs,2,10,10,2,2001025171,2240297063,1311118443,2854122131,3141116543,0,ring,0.52,0.52,48,False,0.9791666666666666,1500,1500,5,21,23,,68,0,2932,0.775,False,0.0,0,0,0,0,0,0
coordinated_frontier_greedy,2,10,10,2,2001025171,2240297063,1311118443,2854122131,3141116543,0,ring,0.52,0.52,48,True,1.0,40,1500,5,24,25,40,80,0,0,0.8372093023255814,False,0.0,0,0,0,0,0,0
move_toward_unknown_bfs,4,10,10,4,367776961,3166742020,1587198119,759788228,1874364848,0,ring,0.52,0.52,48,False,0.3958333333333333,1500,1500,,,,,16,0,5984,1.125,False,0.0,0,0,0,0,0,0
coordinated_frontier_greedy,2,10,10,3,819382448,1645421708,3451799802,118549108,2613022947,0,ring,0.52,0.52,48,True,1.0,23,1500,5,10,11,23,46,0,0,0.10112359550561797,False,0.0,0,0,0,0,0,0
coordinated_frontier_greedy,2,10,10,4,367776961,3166742020,1587198119,759788228,1874364848,0,ring,0.52,0.52,48,True,1.0,19,1500,5,18,18,19,38,0,0,0.07317073170731707,False,0.0,0,0,0,0,0,0
coordinated_frontier_greedy,4,10,10,0,3757552657,673228719,3241444873,3685993406,2968811710,0,ring,0.52,0.52,48,True,1.0,21,1500,1,18,19,21,84,0,0,1.2823529411764707,False,0.0,0,0,0,0,0,0
coordinated_frontier_greedy,4,10,10,1,1641411168,1454127163,2749604155,3056722145,3964924996,0,ring,0.52,0.52,48,True,1.0,28,1500,2,12,13,28,106,0,6,1.4719101123595506,False,0.0,0,0,0,0,0,0
coordinated_frontier_greedy,4,10,10,2,2001025171,2240297063,1311118443,2854122131,3141116543,0,ring,0.52,0.52,48,True,1.0,16,1500,2,6,14,16,64,0,0,1.1341463414634145,False,0.0,0,0,0,0,0,0
coordinated_frontier_greedy,4,10,10,3,819382448,1645421708,3451799802,118549108,2613022947,0,ring,0.52,0.52,48,True,1.0,26,1500,3,21,22,26,98,0,6,1.6666666666666667,False,0.0,0,0,0,0,0,0
coordinated_frontier_hungarian,2,10,10,0,3757552657,673228719,3241444873,3685993406,2968811710,0,ring,0.52,0.52,48,True,1.0,25,1500,6,17,21,25,50,0,0,0.08888888888888889,False,0.0,0,0,0,0,0,0
coordinated_frontier_greedy,4,10,10,4,367776961,3166742020,1587198119,759788228,1874364848,0,ring,0.52,0.52,48,True,1.0,32,1500,4,9,10,32,101,0,27,1.5238095238095237,False,0.0,0,0,0,0,0,0
coordinated_frontier_hungarian,2,10,10,1,1641411168,1454127163,2749604155,3056722145,3964924996,0,ring,0.52,0.52,48,True,1.0,39,1500,6,23,24,39,78,0,0,0.8488372093023255,False,0.0,0,0,0,0,0,0
coordinated_frontier_hungarian,2,10,10,2,2001025171,2240297063,1311118443,2854122131,3141116543,0,ring,0.52,0.52,48,True,1.0,25,1500,7,22,24,25,50,0,0,0.03333333333333333,False,0.0,0,0,0,0,0,0
coordinated_frontier_greedy,4,10,10,0,3757552657,673228719,3241444873,3685993406,2968811710,0,spiral,0.36,0.36,64,False,0.578125,1500,1500,6,,,,26,0,5974,0.14285714285714285,False,0.0,0,0,0,0,0,0
coordinated_frontier_hungarian,2,10,10,3,819382448,1645421708,3451799802,118549108,2613022947,0,ring,0.52,0.52,48,True,1.0,19,1500,5,11,13,19,38,0,0,0.023809523809523808,False,0.0,0,0,0,0,0,0
coordinated_frontier_hungarian,2,10,10,4,367776961,3166742020,1587198119,759788228,1874364848,0,ring,0.52,0.52,48,True,1.0,28,1500,9,22,27,28,56,0,0,0.16279069767441862,False,0.0,0,0,0,0,0,0
coordinated_frontier_hungarian,4,10,10,0,3757552657,673228719,3241444873,3685993406,2968811710,0,ring,0.52,0.52,48,True,1.0,9,1500,1,7,7,9,36,0,0,0.2558139534883721,False,0.0,0,0,0,0,0,0
coordinated_frontier_hungarian,4,10,10,2,2001025171,2240297063,1311118443,2854122131,3141116543,0,ring,0.52,0.52,48,True,1.0,7,1500,2,5,6,7,28,0,0,0.0875,False,0.0,0,0,0,0,0,0
coordinated_frontier_hungarian,4,10,10,1,1641411168,1454127163,2749604155,3056722145,3964924996,0,ring,0.52,0.52,48,True,1.0,13,1500,2,9,11,13,52,0,0,0.48314606741573035,False,0.0,0,0,0,0,0,0
coordinated_frontier_hungarian,4,10,10,3,819382448,1645421708,3451799802,118549108,2613022947,0,ring,0.52,0.52,48,True,1.0,8,1500,2,6,7,8,32,0,0,0.08433734939759036,False,0.0,0,0,0,0,0,0
coordinated_frontier_hungarian,4,10,10,4,367776961,3166742020,1587198119,759788228,1874364848,0,ring,0.52,0.52,48,True,1.0,12,1500,4,10,11,12,48,0,0,0.4827586206896552,False,0.0,0,0,0,0,0,0
move_toward_frontier_astar,2,10,10,1,1641411168,1454127163,2749604155,3056722145,3964924996,0,cross_corridors,0.64,0.64,36,False,0.4166666666666667,1500,1500,,,,,6,0,2994,0.047619047619047616,False,0.0,0,0,0,0,0,0
move_toward_frontier_astar,2,10,10,3,819382448,1645421708,3451799802,118549108,2613022947,0,cross_corridors,0.64,0.64,36,True,1.0,29,1500,4,27,28,29,58,0,0,0.8032786885245902,False,0.0,0,0,0,0,0,0
move_toward_frontier_astar,2,10,10,0,3757552657,673228719,3241444873,3685993406,2968811710,0,cross_corridors,0.64,0.64,36,False,0.6388888888888888,1500,1500,4,,,,16,0,2984,0.13513513513513514,False,0.0,0,0,0,0,0,0
move_toward_frontier_astar,2,10,10,2,2001025171,2240297063,1311118443,2854122131,3141116543,0,cross_corridors,0.64,0.64,36,False,0.8611111111111112,1500,1500,8,,,,38,0,2962,0.5094339622641509,False,0.0,0,0,0,0,0,0
move_toward_frontier_astar,2,10,10,4,367776961,3166742020,1587198119,759788228,1874364848,0,cross_corridors,0.64,0.64,36,False,0.2222222222222222,1500,1500,,,,,2,0,2998,0.16666666666666666,False,0.0,0,0,0,0,0,0
move_toward_frontier_astar,4,10,10,0,3757552657,673228719,3241444873,3685993406,2968811710,0,cross_corridors,0.64,0.64,36,False,0.8055555555555556,1500,1500,1,,,,26,0,5974,0.9767441860465116,False,0.0,0,0,0,0,0,0
move_toward_frontier_astar,4,10,10,2,2001025171,2240297063,1311118443,2854122131,3141116543,0,cross_corridors,0.64,0.64,36,False,0.6388888888888888,1500,1500,2,,,,12,0,5988,0.5151515151515151,False,0.0,0,0,0,0,0,0
move_toward_frontier_astar,4,10,10,4,367776961,3166742020,1587198119,759788228,1874364848,0,cross_corridors,0.64,0.64,36,True,1.0,6,1500,1,5,5,6,24,0,0,0.43636363636363634,False,0.0,0,0,0,0,0,0
move_toward_frontier_astar,4,10,10,1,1641411168,1454127163,2749604155,3056722145,3964924996,0,cross_corridors,0.64,0.64,36,False,0.8055555555555556,1500,1500,1,,,,20,0,5980,0.6046511627906976,False,0.0,0,0,0,0,0,0
coordinated_frontier_greedy,2,10,10,1,1641411168,1454127163,2749604155,3056722145,3964924996,0,ring,0.52,0.52,48,False,0.9791666666666666,1500,1500,8,13,14,,76,0,2924,0.925,False,0.0,0,0,0,0,0,0
move_toward_unknown_bfs,2,10,10,1,1641411168,1454127163,2749604155,3056722145,3964924996,0,cross_corridors,0.64,0.64,36,False,0.3888888888888889,1500,1500,,,,,4,0,2996,0.05263157894736842,False,0.0,0,0,0,0,0,0
move_toward_unknown_bfs,2,10,10,0,3757552657,673228719,3241444873,3685993406,2968811710,0,cross_corridors,0.64,0.64,36,False,0.6944444444444444,1500,1500,4,,,,20,0,2980,0.14634146341463414,False,0.0,0,0,0,0,0,0
move_toward_unknown_bfs,2,10,10,3,819382448,1645421708,3451799802,118549108,2613022947,0,cross_corridors,0.64,0.64,36,True,1.0,29,1500,4,27,28,29,58,0,0,0.6451612903225806,False,0.0,0,0,0,0,0,0
move_toward_unknown_bfs,2,10,10,4,367776961,3166742020,1587198119,759788228,1874364848,0,cross_corridors,0.64,0.64,36,False,0.2222222222222222,1500,1500,,,,,2,0,2998,0.16666666666666666,False,0.0,0,0,0,0,0,0
move_toward_unknown_bfs,4,10,10,0,3757552657,673228719,3241444873,3685993406,2968811710,0,cross_corridors,0.64,0.64,36,False,0.8055555555555556,1500,1500,1,,,,36,0,5964,0.8775510204081632,False,0.0,0,0,0,0,0,0
move_toward_unknown_bfs,2,10,10,2,2001025171,2240297063,1311118443,2854122131,3141116543,0,cross_corridors,0.64,0.64,36,False,0.8333333333333334,1500,1500,4,,,,58,0,2942,0.9615384615384616,False,0.0,0,0,0,0,0,0
coordinated_frontier_hungarian,4,10,10,4,367776961,3166742020,1587198119,759788228,1874364848,0,spiral,0.36,0.36,64,False,0.9375,1500,1500,6,16,,,54,0,5946,0.25,False,0.0,0,0,0,0,0,0
move_toward_unknown_bfs,4,10,10,4,367776961,3166742020,1587198119,759788228,1874364848,0,cross_corridors,0.64,0.64,36,True,1.0,6,1500,1,5,5,6,24,0,0,0.27586206896551724,False,0.0,0,0,0,0,0,0
coordinated_frontier_greedy,2,10,10,0,3757552657,673228719,3241444873,3685993406,2968811710,0,cross_corridors,0.64,0.64,36,True,1.0,36,1500,4,33,35,36,72,0,0,0.7903225806451613,False,0.0,0,0,0,0,0,0
move_toward_unknown_bfs,4,10,10,1,1641411168,1454127163,2749604155,3056722145,3964924996,0,cross_corridors,0.64,0.64,36,False,0.8055555555555556,1500,1500,1,,,,24,0,5976,0.4489795918367347,False,0.0,0,0,0,0,0,0
move_toward_frontier_astar,4,10,10,3,819382448,1645421708,3451799802,118549108,2613022947,0,cross_corridors,0.64,0.64,36,False,0.9722222222222222,1500,1500,1,4,5,,34,0,5966,0.6785714285714286,False,0.0,0,0,0,0,0,0
coordinated_frontier_greedy,2,10,10,2,2001025171,2240297063,1311118443,2854122131,3141116543,0,cross_corridors,0.64,0.64,36,True,1.0,33,1500,10,30,32,33,66,0,0,0.7096774193548387,False,0.0,0,0,0,0,0,0
coordinated_frontier_greedy,2,10,10,3,819382448,1645421708,3451799802,118549108,2613022947,0,cross_corridors,0.64,0.64,36,True,1.0,20,1500,4,18,19,20,40,0,0,0.40350877192982454,False,0.0,0,0,0,0,0,0
move_toward_unknown_bfs,4,10,10,2,2001025171,2240297063,1311118443,2854122131,3141116543,0,cross_corridors,0.64,0.64,36,False,0.8333333333333334,1500,1500,2,,,,25,0,5975,0.4423076923076923,False,0.0,0,0,0,0,0,0
coordinated_frontier_greedy,4,10,10,0,3757552657,673228719,3241444873,3685993406,2968811710,0,cross_corridors,0.64,0.64,36,True,1.0,23,1500,1,20,22,23,92,0,0,1.7903225806451613,False,0.0,0,0,0,0,0,0
coordinated_frontier_greedy,4,10,10,2,2001025171,2240297063,1311118443,2854122131,3141116543,0,cross_corridors,0.64,0.64,36,True,1.0,9,1500,2,7,8,9,36,0,0,0.559322033898305,False,0.0,0,0,0,0,0,0
move_toward_unknown_bfs,4,10,10,3,819382448,1645421708,3451799802,118549108,2613022947,0,cross_corridors,0.64,0.64,36,False,0.9722222222222222,1500,1500,1,5,6,,32,0,5968,0.3559322033898305,False,0.0,0,0,0,0,0,0
coordinated_frontier_greedy,4,10,10,1,1641411168,1454127163,2749604155,3056722145,3964924996,0,cross_corridors,0.64,0.64,36,True,1.0,21,1500,1,18,20,21,76,0,8,1.3064516129032258,False,0.0,0,0,0,0,0,0
coordinated_frontier_greedy,4,10,10,4,367776961,3166742020,1587198119,759788228,1874364848,0,cross_corridors,0.64,0.64,36,True,1.0,6,1500,1,5,5,6,24,0,0,0.4,False,0.0,0,0,0,0,0,0
coordinated_frontier_hungarian,2,10,10,0,3757552657,673228719,3241444873,3685993406,2968811710,0,cross_corridors,0.64,0.64,36,True,1.0,31,1500,6,30,31,31,62,0,0,0.9032258064516129,False,0.0,0,0,0,0,0,0
coordinated_frontier_hungarian,2,10,10,1,1641411168,1454127163,2749604155,3056722145,3964924996,0,cross_corridors,0.64,0.64,36,True,1.0,21,1500,3,19,20,21,42,0,0,0.4426229508196721,False,0.0,0,0,0,0,0,0
coordinated_frontier_greedy,4,10,10,3,819382448,1645421708,3451799802,118549108,2613022947,0,cross_corridors,0.64,0.64,36,True,1.0,30,1500,1,4,5,30,54,0,66,0.8524590163934426,False,0.0,0,0,0,0,0,0
coordinated_frontier_hungarian,2,10,10,2,2001025171,2240297063,1311118443,2854122131,3141116543,0,cross_corridors,0.64,0.64,36,True,1.0,16,1500,5,13,15,16,32,0,0,0.04838709677419355,False,0.0,0,0,0,0,0,0
coordinated_frontier_hungarian,2,10,10,3,819382448,1645421708,3451799802,118549108,2613022947,0,cross_corridors,0.64,0.64,36,True,1.0,15,1500,4,13,14,15,30,0,0,0.29310344827586204,False,0.0,0,0,0,0,0,0
coordinated_frontier_hungarian,4,10,10,0,3757552657,673228719,3241444873,3685993406,2968811710,0,cross_corridors,0.64,0.64,36,True,1.0,5,1500,1,4,4,5,20,0,0,0.06896551724137931,False,0.0,0,0,0,0,0,0
coordinated_frontier_hungarian,4,10,10,1,1641411168,1454127163,2749604155,3056722145,3964924996,0,cross_corridors,0.64,0.64,36,True,1.0,6,1500,1,4,5,6,24,0,0,0.06451612903225806,False,0.0,0,0,0,0,0,0
coordinated_frontier_hungarian,2,10,10,4,367776961,3166742020,1587198119,759788228,1874364848,0,cross_corridors,0.64,0.64,36,True,1.0,30,1500,6,27,29,30,60,0,0,0.6451612903225806,False,0.0,0,0,0,0,0,0
coordinated_frontier_hungarian,4,10,10,3,819382448,1645421708,3451799802,118549108,2613022947,0,cross_corridors,0.64,0.64,36,True,1.0,7,1500,1,5,6,7,28,0,0,0.125,False,0.0,0,0,0,0,0,0
coordinated_frontier_hungarian,4,10,10,2,2001025171,2240297063,1311118443,2854122131,3141116543,0,cross_corridors,0.64,0.64,36,True,1.0,8,1500,2,6,7,8,32,0,0,0.45901639344262296,False,0.0,0,0,0,0,0,0
coordinated_frontier_hungarian,4,10,10,4,367776961,3166742020,1587198119,759788228,1874364848,0,cross_corridors,0.64,0.64,36,True,1.0,8,1500,1,6,7,8,32,0,0,0.4827586206896552,False,0.0,0,0,0,0,0,0
move_toward_frontier_astar,2,10,10,2,2001025171,2240297063,1311118443,2854122131,3141116543,0,diagonal_wall,0.17,0.17,83,False,0.39759036144578314,1500,1500,,,,,18,0,2982,0.027777777777777776,False,0.0,0,0,0,0,0,0
move_toward_frontier_astar,2,10,10,1,1641411168,1454127163,2749604155,3056722145,3964924996,0,diagonal_wall,0.17,0.17,83,False,0.4457831325301205,1500,1500,,,,,40,0,2960,0.627906976744186,False,0.0,0,0,0,0,0,0
move_toward_frontier_astar,2,10,10,4,367776961,3166742020,1587198119,759788228,1874364848,0,diagonal_wall,0.17,0.17,83,True,1.0,58,1500,10,49,53,58,116,0,0,0.6464646464646465,False,0.0,0,0,0,0,0,0
move_toward_frontier_astar,2,10,10,0,3757552657,673228719,3241444873,3685993406,2968811710,0,diagonal_wall,0.17,0.17,83,False,0.6385542168674698,1500,1500,35,,,,84,0,2916,0.9682539682539683,False,0.0,0,0,0,0,0,0
move_toward_frontier_astar,2,10,10,3,819382448,1645421708,3451799802,118549108,2613022947,0,diagonal_wall,0.17,0.17,83,False,0.3614457831325301,1500,1500,,,,,14,0,2986,0.11764705882352941,False,0.0,0,0,0,0,0,0
coordinated_frontier_greedy,2,10,10,4,367776961,3166742020,1587198119,759788228,1874364848,0,cross_corridors,0.64,0.64,36,False,0.2222222222222222,1500,1500,,,,,2,0,2998,0.16666666666666666,False,0.0,0,0,0,0,0,0
coordinated_frontier_greedy,2,10,10,1,1641411168,1454127163,2749604155,3056722145,3964924996,0,cross_corridors,0.64,0.64,36,False,0.6666666666666666,1500,1500,6,,,,20,0,2980,0.3888888888888889,False,0.0,0,0,0,0,0,0
move_toward_frontier_astar,4,10,10,1,1641411168,1454127163,2749604155,3056722145,3964924996,0,diagonal_wall,0.17,0.17,83,False,0.42168674698795183,1500,1500,,,,,22,0,5978,0.5116279069767442,False,0.0,0,0,0,0,0,0
move_toward_unknown_bfs,2,10,10,0,3757552657,673228719,3241444873,3685993406,2968811710,0,diagonal_wall,0.17,0.17,83,True,1.0,82,1500,15,69,71,82,164,0,0,0.9494949494949495,False,0.0,0,0,0,0,0,0
move_toward_frontier_astar,4,10,10,0,3757552657,673228719,3241444873,3685993406,2968811710,0,diagonal_wall,0.17,0.17,83,False,0.6024096385542169,1500,1500,15,,,,66,0,5934,0.8947368421052632,False,0.0,0,0,0,0,0,0
move_toward_unknown_bfs,2,10,10,2,2001025171,2240297063,1311118443,2854122131,3141116543,0,diagonal_wall,0.17,0.17,83,True,1.0,47,1500,13,36,42,47,94,0,0,0.30612244897959184,False,0.0,0,0,0,0,0,0
move_toward_unknown_bfs,2,10,10,1,1641411168,1454127163,2749604155,3056722145,3964924996,0,diagonal_wall,0.17,0.17,83,True,1.0,45,1500,10,38,42,45,90,0,0,0.1919191919191919,False,0.0,0,0,0,0,0,0
move_toward_unknown_bfs,2,10,10,4,367776961,3166742020,1587198119,759788228,1874364848,0,diagonal_wall,0.17,0.17,83,True,1.0,85,1500,11,41,43,85,170,0,0,0.9696969696969697,False,0.0,0,0,0,0,0,0
move_toward_frontier_astar,4,10,10,2,2001025171,2240297063,1311118443,2854122131,3141116543,0,diagonal_wall,0.17,0.17,83,False,0.4457831325301205,1500,1500,,,,,18,0,5982,0.2608695652173913,False,0.0,0,0,0,0,0,0
move_toward_unknown_bfs,2,10,10,3,819382448,1645421708,3451799802,118549108,2613022947,0,diagonal_wall,0.17,0.17,83,False,0.3614457831325301,1500,1500,,,,,14,0,2986,0.11764705882352941,False,0.0,0,0,0,0,0,0
move_toward_unknown_bfs,4,10,10,0,3757552657,673228719,3241444873,3685993406,2968811710,0,diagonal_wall,0.17,0.17,83,False,0.6987951807228916,1500,1500,8,,,,52,0,5948,0.7777777777777778,False,0.0,0,0,0,0,0,0
move_toward_frontier_astar,4,10,10,3,819382448,1645421708,3451799802,118549108,2613022947,0,diagonal_wall,0.17,0.17,83,False,0.6385542168674698,1500,1500,4,,,,20,0,5980,0.06666666666666667,False,0.0,0,0,0,0,0,0
move_toward_unknown_bfs,4,10,10,1,1641411168,1454127163,2749604155,3056722145,3964924996,0,diagonal_wall,0.17,0.17,83,False,0.5421686746987951,1500,1500,25,,,,56,0,5944,0.7884615384615384,False,0.0,0,0,0,0,0,0
coordinated_frontier_greedy,2,10,10,0,3757552657,673228719,3241444873,3685993406,2968811710,0,diagonal_wall,0.17,0.17,83,True,1.0,76,1500,24,66,72,76,152,0,0,0.8787878787878788,False,0.0,0,0,0,0,0,0
move_toward_frontier_astar,4,10,10,4,367776961,3166742020,1587198119,759788228,1874364848,0,diagonal_wall,0.17,0.17,83,False,0.927710843373494,1500,1500,3,37,,,71,0,5929,0.2903225806451613,False,0.0,0,0,0,0,0,0
move_toward_unknown_bfs,4,10,10,3,819382448,1645421708,3451799802,118549108,2613022947,0,diagonal_wall,0.17,0.17,83,False,0.7590361445783133,1500,1500,5,,,,36,0,5964,0.136986301369863,False,0.0,0,0,0,0,0,0
move_toward_unknown_bfs,4,10,10,4,367776961,3166742020,1587198119,759788228,1874364848,0,diagonal_wall,0.17,0.17,83,False,0.6746987951807228,1500,1500,3,,,,49,0,5951,0.7076923076923077,False,0.0,0,0,0,0,0,0
coordinated_frontier_greedy,2,10,10,4,367776961,3166742020,1587198119,759788228,1874364848,0,diagonal_wall,0.17,0.17,83,True,1.0,57,1500,10,45,48,57,114,0,0,0.5454545454545454,False,0.0,0,0,0,0,0,0
coordinated_frontier_greedy,2,10,10,3,819382448,1645421708,3451799802,118549108,2613022947,0,diagonal_wall,0.17,0.17,83,True,1.0,72,1500,25,57,67,72,144,0,0,0.8787878787878788,False,0.0,0,0,0,0,0,0
move_toward_unknown_bfs,4,10,10,2,2001025171,2240297063,1311118443,2854122131,3141116543,0,diagonal_wall,0.17,0.17,83,False,0.7831325301204819,1500,1500,4,,,,128,0,5872,1.5569620253164558,False,0.0,0,0,0,0,0,0
coordinated_frontier_greedy,4,10,10,1,1641411168,1454127163,2749604155,3056722145,3964924996,0,diagonal_wall,0.17,0.17,83,True,1.0,50,1500,7,27,29,50,180,0,20,1.5510204081632653,False,0.0,0,0,0,0,0,0
coordinated_frontier_greedy,4,10,10,0,3757552657,673228719,3241444873,3685993406,2968811710,0,diagonal_wall,0.17,0.17,83,True,1.0,67,1500,4,54,57,67,154,0,114,1.292929292929293,False,0.0,0,0,0,0,0,0
coordinated_frontier_greedy,4,10,10,2,2001025171,2240297063,1311118443,2854122131,3141116543,0,diagonal_wall,0.17,0.17,83,True,1.0,35,1500,5,26,30,35,140,0,0,1.0909090909090908,False,0.0,0,0,0,0,0,0
coordinated_frontier_hungarian,2,10,10,0,3757552657,673228719,3241444873,3685993406,2968811710,0,diagonal_wall,0.17,0.17,83,True,1.0,49,1500,16,38,41,49,98,0,0,0.30303030303030304,False,0.0,0,0,0,0,0,0
coordinated_frontier_greedy,4,10,10,3,819382448,1645421708,3451799802,118549108,2613022947,0,diagonal_wall,0.17,0.17,83,True,1.0,55,1500,4,49,51,55,190,0,30,1.9393939393939394,False,0.0,0,0,0,0,0,0
coordinated_frontier_hungarian,2,10,10,1,1641411168,1454127163,2749604155,3056722145,3964924996,0,diagonal_wall,0.17,0.17,83,True,1.0,48,1500,14,36,39,48,96,0,0,0.30303030303030304,False,0.0,0,0,0,0,0,0
coordinated_frontier_hungarian,2,10,10,2,2001025171,2240297063,1311118443,2854122131,3141116543,0,diagonal_wall,0.17,0.17,83,True,1.0,43,1500,13,31,34,43,86,0,0,0.1919191919191919,False,0.0,0,0,0,0,0,0
coordinated_frontier_hungarian,2,10,10,3,819382448,1645421708,3451799802,118549108,2613022947,0,diagonal_wall,0.17,0.17,83,True,1.0,48,1500,10,35,41,48,96,0,0,0.35353535353535354,False,0.0,0,0,0,0,0,0
coordinated_frontier_hungarian,2,10,10,4,367776961,3166742020,1587198119,759788228,1874364848,0,diagonal_wall,0.17,0.17,83,True,1.0,47,1500,11,30,44,47,94,0,0,0.31313131313131315,False,0.0,0,0,0,0,0,0
coordinated_frontier_hungarian,4,10,10,1,1641411168,1454127163,2749604155,3056722145,3964924996,0,diagonal_wall,0.17,0.17,83,True,1.0,25,1500,4,14,22,25,100,0,0,0.5154639175257731,False,0.0,0,0,0,0,0,0
coordinated_frontier_greedy,4,10,10,4,367776961,3166742020,1587198119,759788228,1874364848,0,diagonal_wall,0.17,0.17,83,True,1.0,74,1500,3,26,28,74,226,0,70,2.2346938775510203,False,0.0,0,0,0,0,0,0
coordinated_frontier_hungarian,4,10,10,0,3757552657,673228719,3241444873,3685993406,2968811710,0,diagonal_wall,0.17,0.17,83,True,1.0,41,1500,4,16,19,41,164,0,0,1.183673469387755,False,0.0,0,0,0,0,0,0
coordinated_frontier_hungarian,4,10,10,2,2001025171,2240297063,1311118443,2854122131,3141116543,0,diagonal_wall,0.17,0.17,83,True,1.0,30,1500,5,24,27,30,114,0,6,0.7551020408163265,False,0.0,0,0,0,0,0,0
coordinated_frontier_hungarian,4,10,10,4,367776961,3166742020,1587198119,759788228,1874364848,0,diagonal_wall,0.17,0.17,83,True,1.0,25,1500,4,17,20,25,100,0,0,0.696969696969697,False,0.0,0,0,0,0,0,0
coordinated_frontier_hungarian,4,10,10,3,819382448,1645421708,3451799802,118549108,2613022947,0,diagonal_wall,0.17,0.17,83,True,1.0,29,1500,6,14,20,29,116,0,0,0.8282828282828283,False,0.0,0,0,0,0,0,0
move_toward_frontier_astar,2,10,10,1,1641411168,1454127163,2749604155,3056722145,3964924996,0,maze,0.39,0.39,61,False,0.3114754098360656,1500,1500,,,,,14,0,2986,0.08333333333333333,False,0.0,0,0,0,0,0,0
move_toward_frontier_astar,2,10,10,2,2001025171,2240297063,1311118443,2854122131,3141116543,0,maze,0.39,0.39,61,False,0.4098360655737705,1500,1500,,,,,20,0,2980,0.09523809523809523,False,0.0,0,0,0,0,0,0
move_toward_frontier_astar,2,10,10,0,3757552657,673228719,3241444873,3685993406,2968811710,0,maze,0.39,0.39,61,False,0.6229508196721312,1500,1500,18,,,,52,0,2948,0.6190476190476191,False,0.0,0,0,0,0,0,0
coordinated_frontier_greedy,2,10,10,1,1641411168,1454127163,2749604155,3056722145,3964924996,0,diagonal_wall,0.17,0.17,83,False,0.37349397590361444,1500,1500,,,,,16,0,2984,0.1111111111111111,False,0.0,0,0,0,0,0,0
move_toward_frontier_astar,2,10,10,4,367776961,3166742020,1587198119,759788228,1874364848,0,maze,0.39,0.39,61,False,0.7377049180327869,1500,1500,18,,,,60,0,2940,0.68,False,0.0,0,0,0,0,0,0
move_toward_frontier_astar,4,10,10,0,3757552657,673228719,3241444873,3685993406,2968811710,0,maze,0.39,0.39,61,False,0.6065573770491803,1500,1500,5,,,,44,0,5956,0.5223880597014925,False,0.0,0,0,0,0,0,0
move_toward_frontier_astar,2,10,10,3,819382448,1645421708,3451799802,118549108,2613022947,0,maze,0.39,0.39,61,False,0.7704918032786885,1500,1500,22,,,,76,0,2924,0.825,False,0.0,0,0,0,0,0,0
move_toward_frontier_astar,4,10,10,1,1641411168,1454127163,2749604155,3056722145,3964924996,0,maze,0.39,0.39,61,False,0.4098360655737705,1500,1500,,,,,24,0,5976,0.6,False,0.0,0,0,0,0,0,0
move_toward_unknown_bfs,2,10,10,0,3757552657,673228719,3241444873,3685993406,2968811710,0,maze,0.39,0.39,61,True,1.0,31,1500,14,28,29,31,62,0,0,0.14,False,0.0,0,0,0,0,0,0
coordinated_frontier_greedy,2,10,10,2,2001025171,2240297063,1311118443,2854122131,3141116543,0,diagonal_wall,0.17,0.17,83,False,0.8674698795180723,1500,1500,24,,,,106,0,2894,0.7682926829268293,False,0.0,0,0,0,0,0,0
move_toward_unknown_bfs,2,10,10,1,1641411168,1454127163,2749604155,3056722145,3964924996,0,maze,0.39,0.39,61,False,0.3114754098360656,1500,1500,,,,,14,0,2986,0.08333333333333333,False,0.0,0,0,0,0,0,0
move_toward_unknown_bfs,2,10,10,2,2001025171,2240297063,1311118443,2854122131,3141116543,0,maze,0.39,0.39,61,False,0.4098360655737705,1500,1500,,,,,20,0,2980,0.09523809523809523,False,0.0,0,0,0,0,0,0
move_toward_unknown_bfs,2,10,10,4,367776961,3166742020,1587198119,759788228,1874364848,0,maze,0.39,0.39,61,True,1.0,36,1500,18,30,33,36,72,0,0,0.35,False,0.0,0,0,0,0,0,0
move_toward_unknown_bfs,4,10,10,0,3757552657,673228719,3241444873,3685993406,2968811710,0,maze,0.39,0.39,61,True,1.0,21,1500,5,15,18,21,84,0,0,0.75,False,0.0,0,0,0,0,0,0
move_toward_frontier_astar,4,10,10,2,2001025171,2240297063,1311118443,2854122131,3141116543,0,maze,0.39,0.39,61,False,0.4098360655737705,1500,1500,,,,,30,0,5970,0.8809523809523809,False,0.0,0,0,0,0,0,0
move_toward_frontier_astar,4,10,10,4,367776961,3166742020,1587198119,759788228,1874364848,0,maze,0.39,0.39,61,False,0.7049180327868853,1500,1500,5,,,,48,0,5952,0.6753246753246753,False,0.0,0,0,0,0,0,0
move_toward_frontier_astar,4,10,10,3,819382448,1645421708,3451799802,118549108,2613022947,0,maze,0.39,0.39,61,False,0.7868852459016393,1500,1500,5,,,,42,0,5958,0.28205128205128205,False,0.0,0,0,0,0,0,0
move_toward_unknown_bfs,4,10,10,1,1641411168,1454127163,2749604155,3056722145,3964924996,0,maze,0.39,0.39,61,False,0.4098360655737705,1500,1500,,,,,24,0,5976,0.6,False,0.0,0,0,0,0,0,0
move_toward_unknown_bfs,4,10,10,2,2001025171,2240297063,1311118443,2854122131,3141116543,0,maze,0.39,0.39,61,False,0.4098360655737705,1500,1500,,,,,33,0,5967,0.9761904761904762,False,0.0,0,0,0,0,0,0
coordinated_frontier_greedy,2,10,10,1,1641411168,1454127163,2749604155,3056722145,3964924996,0,maze,0.39,0.39,61,True,1.0,39,1500,17,33,36,39,78,0,0,0.42,False,0.0,0,0,0,0,0,0
coordinated_frontier_greedy,2,10,10,2,2001025171,2240297063,1311118443,2854122131,3141116543,0,maze,0.39,0.39,61,True,1.0,44,1500,17,36,41,44,88,0,0,0.56,False,0.0,0,0,0,0,0,0
move_toward_unknown_bfs,2,10,10,3,819382448,1645421708,3451799802,118549108,2613022947,0,maze,0.39,0.39,61,False,0.7704918032786885,1500,1500,22,,,,74,0,2926,0.8375,False,0.0,0,0,0,0,0,0
coordinated_frontier_greedy,2,10,10,3,819382448,1645421708,3451799802,118549108,2613022947,0,maze,0.39,0.39,61,True,1.0,55,1500,15,35,52,55,110,0,0,0.75,False,0.0,0,0,0,0,0,0
move_toward_unknown_bfs,4,10,10,4,367776961,3166742020,1587198119,759788228,1874364848,0,maze,0.39,0.39,61,False,0.7049180327868853,1500,1500,5,,,,48,0,5952,0.6753246753246753,False,0.0,0,0,0,0,0,0
move_toward_unknown_bfs,4,10,10,3,819382448,1645421708,3451799802,118549108,2613022947,0,maze,0.39,0.39,61,False,0.5737704918032787,1500,1500,7,,,,24,0,5976,0.08196721311475409,False,0.0,0,0,0,0,0,0
coordinated_frontier_greedy,4,10,10,1,1641411168,1454127163,2749604155,3056722145,3964924996,0,maze,0.39,0.39,61,True,1.0,66,1500,9,58,60,66,113,0,151,0.86,False,0.0,0,0,0,0,0,0
coordinated_frontier_greedy,4,10,10,2,2001025171,2240297063,1311118443,2854122131,3141116543,0,maze,0.39,0.39,61,True,1.0,63,1500,9,36,39,63,166,0,86,1.7,False,0.0,0,0,0,0,0,0
coordinated_frontier_greedy,4,10,10,3,819382448,1645421708,3451799802,118549108,2613022947,0,maze,0.39,0.39,61,True,1.0,33,1500,5,20,23,33,106,0,26,0.97,False,0.0,0,0,0,0,0,0
coordinated_frontier_hungarian,2,10,10,0,3757552657,673228719,3241444873,3685993406,2968811710,0,maze,0.39,0.39,61,True,1.0,43,1500,15,29,40,43,86,0,0,0.5,False,0.0,0,0,0,0,0,0
coordinated_frontier_greedy,4,10,10,4,367776961,3166742020,1587198119,759788228,1874364848,0,maze,0.39,0.39,61,True,1.0,63,1500,5,21,30,63,206,0,46,2.21,False,0.0,0,0,0,0,0,0
coordinated_frontier_hungarian,2,10,10,1,1641411168,1454127163,2749604155,3056722145,3964924996,0,maze,0.39,0.39,61,True,1.0,64,1500,11,36,61,64,128,0,0,0.89,False,0.0,0,0,0,0,0,0
coordinated_frontier_hungarian,2,10,10,3,819382448,1645421708,3451799802,118549108,2613022947,0,maze,0.39,0.39,61,True,1.0,37,1500,13,32,35,37,74,0,0,0.37,False,0.0,0,0,0,0,0,0
coordinated_frontier_hungarian,2,10,10,2,2001025171,2240297063,1311118443,2854122131,3141116543,0,maze,0.39,0.39,61,True,1.0,67,1500,12,32,35,67,134,0,0,0.98,False,0.0,0,0,0,0,0,0
coordinated_frontier_hungarian,2,10,10,4,367776961,3166742020,1587198119,759788228,1874364848,0,maze,0.39,0.39,61,True,1.0,48,1500,12,26,32,48,96,0,0,0.37,False,0.0,0,0,0,0,0,0
coordinated_frontier_hungarian,4,10,10,1,1641411168,1454127163,2749604155,3056722145,3964924996,0,maze,0.39,0.39,61,True,1.0,47,1500,5,27,30,47,136,0,52,1.18,False,0.0,0,0,0,0,0,0
coordinated_frontier_hungarian,4,10,10,2,2001025171,2240297063,1311118443,2854122131,3141116543,0,maze,0.39,0.39,61,True,1.0,40,1500,6,14,17,40,138,0,22,1.48,False,0.0,0,0,0,0,0,0
coordinated_frontier_hungarian,4,10,10,3,819382448,1645421708,3451799802,118549108,2613022947,0,maze,0.39,0.39,61,True,1.0,16,1500,7,14,15,16,62,0,2,0.15151515151515152,False,0.0,0,0,0,0,0,0
coordinated_frontier_hungarian,4,10,10,4,367776961,3166742020,1587198119,759788228,1874364848,0,maze,0.39,0.39,61,True,1.0,48,1500,6,16,19,48,188,0,4,2.15,False,0.0,0,0,0,0,0,0
coordinated_frontier_greedy,2,10,10,0,3757552657,673228719,3241444873,3685993406,2968811710,0,maze,0.39,0.39,61,False,0.8360655737704918,1500,1500,18,,,,74,0,2926,0.4659090909090909,False,0.0,0,0,0,0,0,0
move_toward_frontier_astar,2,10,10,1,1641411168,1454127163,2749604155,3056722145,3964924996,0,empty,0.0,0.0,100,True,1.0,41,1500,14,34,37,41,82,0,0,0.33,True,0.0,76,76,0,600,600,0
coordinated_frontier_greedy,2,10,10,4,367776961,3166742020,1587198119,759788228,1874364848,0,maze,0.39,0.39,61,False,0.7377049180327869,1500,1500,18,,,,60,0,2940,0.68,False,0.0,0,0,0,0,0,0
move_toward_frontier_astar,2,10,10,0,3757552657,673228719,3241444873,3685993406,2968811710,0,empty,0.0,0.0,100,False,0.4,1500,1500,,,,,24,0,2976,0.275,True,0.0,23,23,0,246,246,0
move_toward_frontier_astar,2,10,10,4,367776961,3166742020,1587198119,759788228,1874364848,0,empty,0.0,0.0,100,True,1.0,35,1500,10,30,33,35,70,0,0,0.28,True,0.0,69,69,0,600,600,0
move_toward_frontier_astar,4,10,10,0,3757552657,673228719,3241444873,3685993406,2968811710,0,empty,0.0,0.0,100,True,1.0,36,1500,7,28,34,36,108,0,36,1.39,True,0.0,195,195,0,1908,1908,0
move_toward_frontier_astar,2,10,10,2,2001025171,2240297063,1311118443,2854122131,3141116543,0,empty,0.0,0.0,100,False,0.39,1500,1500,,,,,20,0,2980,0.05128205128205128,True,0.0,22,22,0,240,240,0
move_toward_frontier_astar,4,10,10,2,2001025171,2240297063,1311118443,2854122131,3141116543,0,empty,0.0,0.0,100,True,1.0,47,1500,5,36,41,47,83,0,105,0.79,True,0.0,180,180,0,1836,1836,0
move_toward_frontier_astar,2,10,10,3,819382448,1645421708,3451799802,118549108,2613022947,0,empty,0.0,0.0,100,False,0.69,1500,1500,7,,,,30,0,2970,0.15942028985507245,True,0.0,28,28,0,420,420,0
move_toward_frontier_astar,4,10,10,4,367776961,3166742020,1587198119,759788228,1874364848,0,empty,0.0,0.0,100,True,1.0,24,1500,4,18,22,24,94,0,2,1.21,True,0.0,159,159,0,1836,1836,0
move_toward_unknown_bfs,2,10,10,0,3757552657,673228719,3241444873,3685993406,2968811710,0,empty,0.0,0.0,100,True,1.0,52,1500,11,42,47,52,104,0,0,0.33,True,0.0,70,70,0,600,600,0
move_toward_unknown_bfs,2,10,10,1,1641411168,1454127163,2749604155,3056722145,3964924996,0,empty,0.0,0.0,100,True,1.0,42,1500,8,28,36,42,84,0,0,0.4,True,0.0,65,65,0,600,600,0
move_toward_unknown_bfs,2,10,10,2,2001025171,2240297063,1311118443,2854122131,3141116543,0,empty,0.0,0.0,100,False,0.99,1500,1500,10,29,33,,70,0,2930,0.13131313131313133,True,0.0,67,67,0,594,594,0
move_toward_unknown_bfs,2,10,10,3,819382448,1645421708,3451799802,118549108,2613022947,0,empty,0.0,0.0,100,False,0.89,1500,1500,7,,,,64,0,2936,0.39325842696629215,True,0.0,51,51,0,540,540,0
move_toward_unknown_bfs,2,10,10,4,367776961,3166742020,1587198119,759788228,1874364848,0,empty,0.0,0.0,100,True,1.0,39,1500,11,25,33,39,78,0,0,0.16,True,0.0,60,60,0,600,600,0
move_toward_unknown_bfs,4,10,10,0,3757552657,673228719,3241444873,3685993406,2968811710,0,empty,0.0,0.0,100,True,1.0,21,1500,8,16,18,21,68,0,16,0.56,True,0.0,183,183,0,1908,1908,0
move_toward_unknown_bfs,4,10,10,1,1641411168,1454127163,2749604155,3056722145,3964924996,0,empty,0.0,0.0,100,True,1.0,26,1500,7,17,21,26,94,0,10,0.81,True,0.0,186,186,0,1818,1818,0
move_toward_unknown_bfs,4,10,10,2,2001025171,2240297063,1311118443,2854122131,3141116543,0,empty,0.0,0.0,100,True,1.0,19,1500,3,12,14,19,76,0,0,0.46,True,0.0,162,162,0,1818,1818,0
move_toward_unknown_bfs,4,10,10,3,819382448,1645421708,3451799802,118549108,2613022947,0,empty,0.0,0.0,100,True,1.0,25,1500,5,20,21,25,80,0,20,0.63,True,0.0,195,195,0,1800,1800,0
move_toward_unknown_bfs,4,10,10,4,367776961,3166742020,1587198119,759788228,1874364848,0,empty,0.0,0.0,100,True,1.0,17,1500,4,14,15,17,68,0,0,0.29,True,0.0,150,150,0,1836,1836,0
coordinated_frontier_greedy,2,10,10,0,3757552657,673228719,3241444873,3685993406,2968811710,0,empty,0.0,0.0,100,True,1.0,49,1500,17,40,45,49,98,0,0,0.65,True,0.0,82,82,0,636,636,0
coordinated_frontier_greedy,2,10,10,1,1641411168,1454127163,2749604155,3056722145,3964924996,0,empty,0.0,0.0,100,True,1.0,41,1500,15,34,38,41,82,0,0,0.48,True,0.0,73,73,0,600,600,0
coordinated_frontier_greedy,2,10,10,2,2001025171,2240297063,1311118443,2854122131,3141116543,0,empty,0.0,0.0,100,True,1.0,42,1500,18,35,38,42,84,0,0,0.54,True,0.0,75,75,0,636,636,0
move_toward_frontier_astar,4,10,10,1,1641411168,1454127163,2749604155,3056722145,3964924996,0,empty,0.0,0.0,100,False,0.93,1500,1500,5,22,,,84,0,5916,0.8494623655913979,True,0.0,174,174,0,1782,1782,0
coordinated_frontier_greedy,2,10,10,4,367776961,3166742020,1587198119,759788228,1874364848,0,empty,0.0,0.0,100,True,1.0,30,1500,9,27,28,30,60,0,0,0.21,True,0.0,60,60,0,600,600,0
move_toward_frontier_astar,4,10,10,3,819382448,1645421708,3451799802,118549108,2613022947,0,empty,0.0,0.0,100,False,0.73,1500,1500,5,,,,50,0,5950,0.684931506849315,True,0.0,123,123,0,1332,1332,0
coordinated_frontier_greedy,4,10,10,1,1641411168,1454127163,2749604155,3056722145,3964924996,0,empty,0.0,0.0,100,True,1.0,22,1500,4,16,19,22,82,0,6,0.82,True,0.0,216,216,0,2124,2124,0
coordinated_frontier_greedy,4,10,10,0,3757552657,673228719,3241444873,3685993406,2968811710,0,empty,0.0,0.0,100,True,1.0,35,1500,10,28,32,35,126,0,14,1.39,True,0.0,228,228,0,2070,2070,0
coordinated_frontier_greedy,4,10,10,3,819382448,1645421708,3451799802,118549108,2613022947,0,empty,0.0,0.0,100,True,1.0,21,1500,5,16,18,21,84,0,0,0.73,True,0.0,201,201,0,1854,1854,0
coordinated_frontier_greedy,4,10,10,4,367776961,3166742020,1587198119,759788228,1874364848,0,empty,0.0,0.0,100,True,1.0,24,1500,4,18,20,24,94,0,2,0.89,True,0.0,183,183,0,1854,1854,0
coordinated_frontier_hungarian,2,10,10,0,3757552657,673228719,3241444873,3685993406,2968811710,0,empty,0.0,0.0,100,True,1.0,49,1500,17,35,43,49,98,0,0,0.58,True,0.0,83,83,0,660,660,0
coordinated_frontier_hungarian,2,10,10,1,1641411168,1454127163,2749604155,3056722145,3964924996,0,empty,0.0,0.0,100,True,1.0,34,1500,13,29,32,34,68,0,0,0.26,True,0.0,64,64,0,600,600,0
coordinated_frontier_hungarian,2,10,10,2,2001025171,2240297063,1311118443,2854122131,3141116543,0,empty,0.0,0.0,100,True,1.0,40,1500,16,34,37,40,80,0,0,0.32,True,0.0,77,77,0,654,654,0
coordinated_frontier_hungarian,2,10,10,3,819382448,1645421708,3451799802,118549108,2613022947,0,empty,0.0,0.0,100,True,1.0,39,1500,10,28,31,39,78,0,0,0.57,True,0.0,68,68,0,696,696,0
coordinated_frontier_hungarian,2,10,10,4,367776961,3166742020,1587198119,759788228,1874364848,0,empty,0.0,0.0,100,True,1.0,30,1500,9,27,28,30,60,0,0,0.21,True,0.0,60,60,0,600,600,0
coordinated_frontier_greedy,4,10,10,0,3757552657,673228719,3241444873,3685993406,2968811710,0,maze,0.39,0.39,61,False,0.7377049180327869,1500,1500,5,,,,57,0,5943,0.4358974358974359,False,0.0,0,0,0,0,0,0
coordinated_frontier_hungarian,4,10,10,0,3757552657,673228719,3241444873,3685993406,2968811710,0,empty,0.0,0.0,100,True,1.0,23,1500,5,17,19,23,92,0,0,0.94,True,0.0,168,168,0,1872,1872,0
coordinated_frontier_hungarian,4,10,10,1,1641411168,1454127163,2749604155,3056722145,3964924996,0,empty,0.0,0.0,100,True,1.0,21,1500,4,16,17,21,84,0,0,0.68,True,0.0,228,228,0,2232,2232,0
coordinated_frontier_hungarian,4,10,10,2,2001025171,2240297063,1311118443,2854122131,3141116543,0,empty,0.0,0.0,100,True,1.0,18,1500,4,14,17,18,72,0,0,0.45,True,0.0,162,162,0,1836,1836,0
coordinated_frontier_hungarian,4,10,10,3,819382448,1645421708,3451799802,118549108,2613022947,0,empty,0.0,0.0,100,True,1.0,17,1500,5,14,16,17,68,0,0,0.64,True,0.0,177,177,0,1908,1908,0
move_toward_frontier_astar,2,10,10,0,3757552657,673228719,3241444873,3685993406,2968811710,0,bordered_room,0.36,0.36,64,True,1.0,32,1500,13,28,29,32,64,0,0,0.4943820224719101,True,0.0,55,55,0,546,546,0
move_toward_frontier_astar,2,10,10,1,1641411168,1454127163,2749604155,3056722145,3964924996,0,bordered_room,0.36,0.36,64,True,1.0,25,1500,8,22,23,25,50,0,0,0.16304347826086957,True,0.0,52,52,0,552,552,0
move_toward_frontier_astar,2,10,10,2,2001025171,2240297063,1311118443,2854122131,3141116543,0,bordered_room,0.36,0.36,64,True,1.0,23,1500,7,20,22,23,46,0,0,0.17391304347826086,True,0.0,48,48,0,552,552,0
coordinated_frontier_hungarian,4,10,10,4,367776961,3166742020,1587198119,759788228,1874364848,0,empty,0.0,0.0,100,True,1.0,20,1500,4,16,18,20,80,0,0,0.79,True,0.0,162,162,0,1836,1836,0
move_toward_frontier_astar,2,10,10,3,819382448,1645421708,3451799802,118549108,2613022947,0,bordered_room,0.36,0.36,64,True,1.0,23,1500,7,19,21,23,46,0,0,0.16304347826086957,True,0.0,48,48,0,600,600,0
move_toward_frontier_astar,2,10,10,4,367776961,3166742020,1587198119,759788228,1874364848,0,bordered_room,0.36,0.36,64,True,1.0,25,1500,7,22,23,25,50,0,0,0.27586206896551724,True,0.0,51,51,0,522,522,0
move_toward_frontier_astar,4,10,10,0,3757552657,673228719,3241444873,3685993406,2968811710,0,bordered_room,0.36,0.36,64,True,1.0,31,1500,4,16,19,31,50,0,74,0.31521739130434784,True,0.0,153,153,0,1710,1710,0
coordinated_frontier_hungarian,4,10,10,0,3757552657,673228719,3241444873,3685993406,2968811710,0,maze,0.39,0.39,61,False,0.9344262295081968,1500,1500,5,25,,,113,0,5887,0.71875,False,0.0,0,0,0,0,0,0
coordinated_frontier_greedy,2,10,10,3,819382448,1645421708,3451799802,118549108,2613022947,0,empty,0.0,0.0,100,False,0.49,1500,1500,,,,,18,0,2982,0.1836734693877551,True,0.0,20,20,0,300,300,0
move_toward_frontier_astar,4,10,10,1,1641411168,1454127163,2749604155,3056722145,3964924996,0,bordered_room,0.36,0.36,64,False,0.65625,1500,1500,2,,,,18,0,5982,0.1896551724137931,True,0.0,66,66,0,1080,1080,0
move_toward_unknown_bfs,2,10,10,0,3757552657,673228719,3241444873,3685993406,2968811710,0,bordered_room,0.36,0.36,64,True,1.0,29,1500,12,25,27,29,58,0,0,0.23595505617977527,True,0.0,58,58,0,546,546,0
move_toward_unknown_bfs,2,10,10,1,1641411168,1454127163,2749604155,3056722145,3964924996,0,bordered_room,0.36,0.36,64,True,1.0,30,1500,7,26,29,30,60,0,0,0.23255813953488372,True,0.0,56,56,0,516,516,0
move_toward_unknown_bfs,2,10,10,2,2001025171,2240297063,1311118443,2854122131,3141116543,0,bordered_room,0.36,0.36,64,True,1.0,30,1500,7,26,29,30,60,0,0,0.3023255813953488,True,0.0,56,56,0,516,516,0
move_toward_unknown_bfs,2,10,10,3,819382448,1645421708,3451799802,118549108,2613022947,0,bordered_room,0.36,0.36,64,True,1.0,23,1500,7,20,21,23,46,0,0,0.19480519480519481,True,0.0,48,48,0,510,510,0
move_toward_unknown_bfs,2,10,10,4,367776961,3166742020,1587198119,759788228,1874364848,0,bordered_room,0.36,0.36,64,True,1.0,25,1500,7,21,23,25,50,0,0,0.19540229885057472,True,0.0,44,44,0,522,522,0
move_toward_frontier_astar,4,10,10,2,2001025171,2240297063,1311118443,2854122131,3141116543,0,bordered_room,0.36,0.36,64,False,0.6875,1500,1500,3,,,,13,0,5987,0.09803921568627451,True,0.0,51,51,0,936,936,0
move_toward_unknown_bfs,4,10,10,0,3757552657,673228719,3241444873,3685993406,2968811710,0,bordered_room,0.36,0.36,64,True,1.0,18,1500,4,14,15,18,56,0,16,0.5333333333333333,True,0.0,141,141,0,1656,1656,0
move_toward_unknown_bfs,4,10,10,1,1641411168,1454127163,2749604155,3056722145,3964924996,0,bordered_room,0.36,0.36,64,False,0.828125,1500,1500,2,,,,26,0,5974,0.25757575757575757,True,0.0,90,90,0,1242,1242,0
move_toward_unknown_bfs,4,10,10,3,819382448,1645421708,3451799802,118549108,2613022947,0,bordered_room,0.36,0.36,64,True,1.0,24,1500,2,15,16,24,73,0,23,0.8279569892473119,True,0.0,162,162,0,1782,1782,0
move_toward_unknown_bfs,4,10,10,4,367776961,3166742020,1587198119,759788228,1874364848,0,bordered_room,0.36,0.36,64,True,1.0,13,1500,2,11,12,13,52,0,0,0.5172413793103449,True,0.0,129,129,0,1674,1674,0
coordinated_frontier_greedy,2,10,10,0,3757552657,673228719,3241444873,3685993406,2968811710,0,bordered_room,0.36,0.36,64,True,1.0,37,1500,11,27,31,37,74,0,0,0.5698924731182796,True,0.0,59,59,0,570,570,0
coordinated_frontier_greedy,2,10,10,1,1641411168,1454127163,2749604155,3056722145,3964924996,0,bordered_room,0.36,0.36,64,True,1.0,26,1500,8,22,23,26,52,0,0,0.22826086956521738,True,0.0,52,52,0,552,552,0
move_toward_frontier_astar,4,10,10,3,819382448,1645421708,3451799802,118549108,2613022947,0,bordered_room,0.36,0.36,64,False,0.90625,1500,1500,3,21,,,46,0,5954,0.5189873417721519,True,0.0,129,129,0,1566,1566,0
coordinated_frontier_greedy,2,10,10,2,2001025171,2240297063,1311118443,2854122131,3141116543,0,bordered_room,0.36,0.36,64,True,1.0,23,1500,7,20,22,23,46,0,0,0.16483516483516483,True,0.0,47,47,0,546,546,0
coordinated_frontier_greedy,2,10,10,3,819382448,1645421708,3451799802,118549108,2613022947,0,bordered_room,0.36,0.36,64,True,1.0,23,1500,7,19,21,23,46,0,0,0.16304347826086957,True,0.0,48,48,0,600,600,0
coordinated_frontier_greedy,2,10,10,4,367776961,3166742020,1587198119,759788228,1874364848,0,bordered_room,0.36,0.36,64,True,1.0,27,1500,7,20,25,27,54,0,0,0.25555555555555554,True,0.0,47,47,0,540,540,0
move_toward_frontier_astar,4,10,10,4,367776961,3166742020,1587198119,759788228,1874364848,0,bordered_room,0.36,0.36,64,False,0.71875,1500,1500,2,,,,24,0,5976,0.41935483870967744,True,0.0,69,69,0,1152,1152,0
coordinated_frontier_greedy,4,10,10,0,3757552657,673228719,3241444873,3685993406,2968811710,0,bordered_room,0.36,0.36,64,True,1.0,17,1500,4,14,15,17,64,0,4,0.6629213483146067,True,0.0,141,141,0,1710,1710,0
coordinated_frontier_greedy,4,10,10,1,1641411168,1454127163,2749604155,3056722145,3964924996,0,bordered_room,0.36,0.36,64,True,1.0,13,1500,2,9,11,13,52,0,0,0.43478260869565216,True,0.0,138,138,0,1710,1710,0
coordinated_frontier_greedy,4,10,10,2,2001025171,2240297063,1311118443,2854122131,3141116543,0,bordered_room,0.36,0.36,64,True,1.0,12,1500,2,8,10,12,46,0,2,0.46808510638297873,True,0.0,141,141,0,1818,1818,0
move_toward_unknown_bfs,4,10,10,2,2001025171,2240297063,1311118443,2854122131,3141116543,0,bordered_room,0.36,0.36,64,False,0.859375,1500,1500,2,,,,50,0,5950,0.9864864864864865,True,0.0,105,105,0,1404,1404,0
coordinated_frontier_hungarian,2,10,10,0,3757552657,673228719,3241444873,3685993406,2968811710,0,bordered_room,0.36,0.36,64,True,1.0,26,1500,11,22,24,26,52,0,0,0.3010752688172043,True,0.0,50,50,0,570,570,0
coordinated_frontier_greedy,4,10,10,4,367776961,3166742020,1587198119,759788228,1874364848,0,bordered_room,0.36,0.36,64,True,1.0,15,1500,2,12,13,15,60,0,0,0.6022727272727273,True,0.0,126,126,0,1620,1620,0
coordinated_frontier_greedy,4,10,10,3,819382448,1645421708,3451799802,118549108,2613022947,0,bordered_room,0.36,0.36,64,True,1.0,16,1500,3,13,14,16,64,0,0,0.6344086021505376,True,0.0,150,150,0,1782,1782,0
coordinated_frontier_hungarian,2,10,10,1,1641411168,1454127163,2749604155,3056722145,3964924996,0,bordered_room,0.36,0.36,64,True,1.0,25,1500,8,22,23,25,50,0,0,0.13978494623655913,True,0.0,52,52,0,558,558,0
coordinated_frontier_hungarian,2,10,10,3,819382448,1645421708,3451799802,118549108,2613022947,0,bordered_room,0.36,0.36,64,True,1.0,23,1500,7,19,21,23,46,0,0,0.16304347826086957,True,0.0,48,48,0,600,600,0
coordinated_frontier_hungarian,2,10,10,2,2001025171,2240297063,1311118443,2854122131,3141116543,0,bordered_room,0.36,0.36,64,True,1.0,23,1500,7,20,22,23,46,0,0,0.16304347826086957,True,0.0,48,48,0,552,552,0
coordinated_frontier_hungarian,2,10,10,4,367776961,3166742020,1587198119,759788228,1874364848,0,bordered_room,0.36,0.36,64,True,1.0,25,1500,7,22,23,25,50,0,0,0.22988505747126436,True,0.0,47,47,0,522,522,0
coordinated_frontier_hungarian,4,10,10,1,1641411168,1454127163,2749604155,3056722145,3964924996,0,bordered_room,0.36,0.36,64,True,1.0,11,1500,2,9,10,11,44,0,0,0.37362637362637363,True,0.0,129,129,0,1710,1710,0
coordinated_frontier_hungarian,4,10,10,2,2001025171,2240297063,1311118443,2854122131,3141116543,0,bordered_room,0.36,0.36,64,True,1.0,12,1500,2,8,10,12,46,0,2,0.46808510638297873,True,0.0,141,141,0,1818,1818,0
coordinated_frontier_hungarian,4,10,10,3,819382448,1645421708,3451799802,118549108,2613022947,0,bordered_room,0.36,0.36,64,True,1.0,11,1500,3,10,11,11,44,0,0,0.42045454545454547,True,0.0,114,114,0,1710,1710,0
move_toward_frontier_astar,2,10,10,0,3757552657,673228719,3241444873,3685993406,2968811710,0,single_corridor,0.9,0.9,10,True,1.0,5,1500,1,4,5,5,10,0,0,0.17857142857142858,True,0.0,9,9,0,180,180,0
move_toward_frontier_astar,2,10,10,2,2001025171,2240297063,1311118443,2854122131,3141116543,0,single_corridor,0.9,0.9,10,True,1.0,7,1500,0,2,7,7,14,0,0,0.5,True,0.0,9,9,0,168,168,0
coordinated_frontier_hungarian,4,10,10,0,3757552657,673228719,3241444873,3685993406,2968811710,0,bordered_room,0.36,0.36,64,True,1.0,16,1500,3,12,14,16,64,0,0,0.8105263157894737,True,0.0,144,144,0,1854,1854,0
move_toward_frontier_astar,2,10,10,4,367776961,3166742020,1587198119,759788228,1874364848,0,single_corridor,0.9,0.9,10,True,1.0,4,1500,0,3,4,4,8,0,0,0.17857142857142858,True,0.0,9,9,0,168,168,0
move_toward_frontier_astar,2,10,10,3,819382448,1645421708,3451799802,118549108,2613022947,0,single_corridor,0.9,0.9,10,True,1.0,6,1500,1,5,6,6,12,0,0,0.6071428571428571,True,0.0,9,9,0,174,174,0
move_toward_frontier_astar,4,10,10,0,3757552657,673228719,3241444873,3685993406,2968811710,0,single_corridor,0.9,0.9,10,True,1.0,1,1500,0,0,0,0,4,0,0,0.15384615384615385,True,0.0,24,24,0,486,486,0
move_toward_frontier_astar,4,10,10,1,1641411168,1454127163,2749604155,3056722145,3964924996,0,single_corridor,0.9,0.9,10,True,1.0,2,1500,0,1,2,2,4,0,4,0.19230769230769232,True,0.0,24,24,0,522,522,0
move_toward_frontier_astar,4,10,10,2,2001025171,2240297063,1311118443,2854122131,3141116543,0,single_corridor,0.9,0.9,10,True,1.0,2,1500,0,1,2,2,4,0,4,0.15384615384615385,True,0.0,24,24,0,540,540,0
move_toward_frontier_astar,4,10,10,3,819382448,1645421708,3451799802,118549108,2613022947,0,single_corridor,0.9,0.9,10,True,1.0,3,1500,0,0,3,3,12,0,0,0.6428571428571429,True,0.0,27,27,0,540,540,0
move_toward_frontier_astar,4,10,10,4,367776961,3166742020,1587198119,759788228,1874364848,0,single_corridor,0.9,0.9,10,True,1.0,3,1500,0,2,3,3,12,0,0,0.9642857142857143,True,0.0,27,27,0,576,576,0
move_toward_unknown_bfs,2,10,10,0,3757552657,673228719,3241444873,3685993406,2968811710,0,single_corridor,0.9,0.9,10,True,1.0,5,1500,1,4,5,5,10,0,0,0.17857142857142858,True,0.0,9,9,0,180,180,0
move_toward_unknown_bfs,2,10,10,2,2001025171,2240297063,1311118443,2854122131,3141116543,0,single_corridor,0.9,0.9,10,True,1.0,7,1500,0,2,7,7,14,0,0,0.5,True,0.0,9,9,0,168,168,0
move_toward_unknown_bfs,2,10,10,3,819382448,1645421708,3451799802,118549108,2613022947,0,single_corridor,0.9,0.9,10,True,1.0,6,1500,1,5,6,6,12,0,0,0.6071428571428571,True,0.0,9,9,0,174,174,0
move_toward_unknown_bfs,2,10,10,4,367776961,3166742020,1587198119,759788228,1874364848,0,single_corridor,0.9,0.9,10,True,1.0,4,1500,0,3,4,4,8,0,0,0.17857142857142858,True,0.0,9,9,0,168,168,0
move_toward_unknown_bfs,4,10,10,0,3757552657,673228719,3241444873,3685993406,2968811710,0,single_corridor,0.9,0.9,10,True,1.0,1,1500,0,0,0,0,4,0,0,0.15384615384615385,True,0.0,24,24,0,486,486,0
move_toward_unknown_bfs,4,10,10,1,1641411168,1454127163,2749604155,3056722145,3964924996,0,single_corridor,0.9,0.9,10,True,1.0,2,1500,0,1,2,2,4,0,4,0.19230769230769232,True,0.0,24,24,0,522,522,0
move_toward_unknown_bfs,4,10,10,2,2001025171,2240297063,1311118443,2854122131,3141116543,0,single_corridor,0.9,0.9,10,True,1.0,2,1500,0,1,2,2,4,0,4,0.15384615384615385,True,0.0,24,24,0,540,540,0
move_toward_unknown_bfs,4,10,10,3,819382448,1645421708,3451799802,118549108,2613022947,0,single_corridor,0.9,0.9,10,True,1.0,3,1500,0,0,3,3,12,0,0,0.6428571428571429,True,0.0,27,27,0,540,540,0
move_toward_unknown_bfs,4,10,10,4,367776961,3166742020,1587198119,759788228,1874364848,0,single_corridor,0.9,0.9,10,True,1.0,3,1500,0,2,3,3,12,0,0,0.9642857142857143,True,0.0,27,27,0,576,576,0
coordinated_frontier_greedy,2,10,10,0,3757552657,673228719,3241444873,3685993406,2968811710,0,single_corridor,0.9,0.9,10,True,1.0,5,1500,1,4,5,5,10,0,0,0.17857142857142858,True,0.0,9,9,0,180,180,0
coordinated_frontier_greedy,2,10,10,1,1641411168,1454127163,2749604155,3056722145,3964924996,0,single_corridor,0.9,0.9,10,True,1.0,6,1500,0,5,6,6,12,0,0,0.39285714285714285,True,0.0,9,9,0,174,174,0
coordinated_frontier_greedy,2,10,10,2,2001025171,2240297063,1311118443,2854122131,3141116543,0,single_corridor,0.9,0.9,10,True,1.0,5,1500,0,2,5,5,10,0,0,0.17857142857142858,True,0.0,9,9,0,168,168,0
coordinated_frontier_greedy,2,10,10,3,819382448,1645421708,3451799802,118549108,2613022947,0,single_corridor,0.9,0.9,10,True,1.0,6,1500,1,5,6,6,12,0,0,0.6071428571428571,True,0.0,9,9,0,174,174,0
coordinated_frontier_hungarian,4,10,10,4,367776961,3166742020,1587198119,759788228,1874364848,0,bordered_room,0.36,0.36,64,True,1.0,14,1500,2,10,12,14,56,0,0,0.5869565217391305,True,0.0,135,135,0,1764,1764,0
coordinated_frontier_greedy,2,10,10,4,367776961,3166742020,1587198119,759788228,1874364848,0,single_corridor,0.9,0.9,10,True,1.0,4,1500,0,3,4,4,8,0,0,0.17857142857142858,True,0.0,9,9,0,168,168,0
coordinated_frontier_greedy,4,10,10,0,3757552657,673228719,3241444873,3685993406,2968811710,0,single_corridor,0.9,0.9,10,True,1.0,1,1500,0,0,0,0,4,0,0,0.15384615384615385,True,0.0,24,24,0,486,486,0
coordinated_frontier_greedy,4,10,10,1,1641411168,1454127163,2749604155,3056722145,3964924996,0,single_corridor,0.9,0.9,10,True,1.0,2,1500,0,1,2,2,8,0,0,0.42857142857142855,True,0.0,27,27,0,558,558,0
coordinated_frontier_greedy,4,10,10,2,2001025171,2240297063,1311118443,2854122131,3141116543,0,single_corridor,0.9,0.9,10,True,1.0,2,1500,0,1,2,2,4,0,4,0.15384615384615385,True,0.0,24,24,0,540,540,0
coordinated_frontier_greedy,4,10,10,3,819382448,1645421708,3451799802,118549108,2613022947,0,single_corridor,0.9,0.9,10,True,1.0,3,1500,0,0,3,3,12,0,0,0.6428571428571429,True,0.0,27,27,0,540,540,0
coordinated_frontier_greedy,4,10,10,4,367776961,3166742020,1587198119,759788228,1874364848,0,single_corridor,0.9,0.9,10,True,1.0,3,1500,0,2,3,3,12,0,0,0.9642857142857143,True,0.0,27,27,0,576,576,0
coordinated_frontier_hungarian,2,10,10,0,3757552657,673228719,3241444873,3685993406,2968811710,0,single_corridor,0.9,0.9,10,True,1.0,5,1500,1,4,5,5,10,0,0,0.17857142857142858,True,0.0,9,9,0,180,180,0
coordinated_frontier_hungarian,2,10,10,2,2001025171,2240297063,1311118443,2854122131,3141116543,0,single_corridor,0.9,0.9,10,True,1.0,5,1500,0,2,5,5,10,0,0,0.17857142857142858,True,0.0,9,9,0,168,168,0
coordinated_frontier_hungarian,2,10,10,1,1641411168,1454127163,2749604155,3056722145,3964924996,0,single_corridor,0.9,0.9,10,True,1.0,6,1500,0,5,6,6,12,0,0,0.39285714285714285,True,0.0,9,9,0,174,174,0
coordinated_frontier_hungarian,2,10,10,4,367776961,3166742020,1587198119,759788228,1874364848,0,single_corridor,0.9,0.9,10,True,1.0,4,1500,0,3,4,4,8,0,0,0.17857142857142858,True,0.0,9,9,0,168,168,0
coordinated_frontier_hungarian,2,10,10,3,819382448,1645421708,3451799802,118549108,2613022947,0,single_corridor,0.9,0.9,10,True,1.0,6,1500,1,5,6,6,12,0,0,0.6071428571428571,True,0.0,9,9,0,174,174,0
coordinated_frontier_hungarian,4,10,10,0,3757552657,673228719,3241444873,3685993406,2968811710,0,single_corridor,0.9,0.9,10,True,1.0,1,1500,0,0,0,0,4,0,0,0.15384615384615385,True,0.0,24,24,0,486,486,0
coordinated_frontier_hungarian,4,10,10,1,1641411168,1454127163,2749604155,3056722145,3964924996,0,single_corridor,0.9,0.9,10,True,1.0,2,1500,0,1,2,2,8,0,0,0.42857142857142855,True,0.0,27,27,0,558,558,0
coordinated_frontier_hungarian,4,10,10,2,2001025171,2240297063,1311118443,2854122131,3141116543,0,single_corridor,0.9,0.9,10,True,1.0,2,1500,0,1,2,2,4,0,4,0.15384615384615385,True,0.0,24,24,0,540,540,0
coordinated_frontier_hungarian,4,10,10,3,819382448,1645421708,3451799802,118549108,2613022947,0,single_corridor,0.9,0.9,10,True,1.0,1,1500,0,0,1,1,4,0,0,0.19230769230769232,True,0.0,24,24,0,504,504,0
coordinated_frontier_hungarian,4,10,10,4,367776961,3166742020,1587198119,759788228,1874364848,0,single_corridor,0.9,0.9,10,True,1.0,3,1500,0,2,3,3,12,0,0,0.9642857142857143,True,0.0,27,27,0,576,576,0
move_toward_frontier_astar,2,10,10,0,3757552657,673228719,3241444873,3685993406,2968811710,0,bottleneck,0.09,0.09,91,True,1.0,41,1500,17,36,38,41,82,0,0,0.43,True,0.0,73,73,0,600,600,0
move_toward_unknown_bfs,2,10,10,1,1641411168,1454127163,2749604155,3056722145,3964924996,0,single_corridor,0.9,0.9,10,False,0.8,1500,1500,0,,,,4,0,2996,0.05,True,0.0,6,6,0,126,126,0
move_toward_frontier_astar,2,10,10,2,2001025171,2240297063,1311118443,2854122131,3141116543,0,bottleneck,0.09,0.09,91,True,1.0,48,1500,20,40,44,48,96,0,0,0.5,True,0.0,70,70,0,600,600,0
move_toward_frontier_astar,2,10,10,4,367776961,3166742020,1587198119,759788228,1874364848,0,bottleneck,0.09,0.09,91,True,1.0,36,1500,9,27,32,36,72,0,0,0.18,True,0.0,61,61,0,600,600,0
move_toward_frontier_astar,4,10,10,0,3757552657,673228719,3241444873,3685993406,2968811710,0,bottleneck,0.09,0.09,91,True,1.0,54,1500,7,51,53,54,108,0,108,0.9,True,0.0,192,192,0,1800,1800,0
move_toward_frontier_astar,2,10,10,1,1641411168,1454127163,2749604155,3056722145,3964924996,0,single_corridor,0.9,0.9,10,False,0.8,1500,1500,0,,,,4,0,2996,0.05,True,0.0,6,6,0,126,126,0
move_toward_frontier_astar,4,10,10,1,1641411168,1454127163,2749604155,3056722145,3964924996,0,bottleneck,0.09,0.09,91,True,1.0,19,1500,4,13,14,19,76,0,0,0.63,True,0.0,195,195,0,1836,1836,0
move_toward_frontier_astar,4,10,10,3,819382448,1645421708,3451799802,118549108,2613022947,0,bottleneck,0.09,0.09,91,True,1.0,28,1500,5,21,25,28,112,0,0,1.16,True,0.0,189,189,0,1818,1818,0
move_toward_frontier_astar,4,10,10,2,2001025171,2240297063,1311118443,2854122131,3141116543,0,bottleneck,0.09,0.09,91,True,1.0,41,1500,4,21,36,41,102,0,62,0.85,True,0.0,183,183,0,1818,1818,0
move_toward_unknown_bfs,2,10,10,0,3757552657,673228719,3241444873,3685993406,2968811710,0,bottleneck,0.09,0.09,91,True,1.0,44,1500,11,40,42,44,88,0,0,0.45,True,0.0,64,64,0,600,600,0
move_toward_frontier_astar,4,10,10,4,367776961,3166742020,1587198119,759788228,1874364848,0,bottleneck,0.09,0.09,91,True,1.0,24,1500,3,18,22,24,78,0,18,0.76,True,0.0,171,171,0,1890,1890,0
move_toward_unknown_bfs,2,10,10,2,2001025171,2240297063,1311118443,2854122131,3141116543,0,bottleneck,0.09,0.09,91,True,1.0,40,1500,12,36,38,40,80,0,0,0.3,True,0.0,62,62,0,600,600,0
move_toward_unknown_bfs,2,10,10,1,1641411168,1454127163,2749604155,3056722145,3964924996,0,bottleneck,0.09,0.09,91,False,0.5164835164835165,1500,1500,13,,,,26,0,2974,0.17857142857142858,True,0.0,28,28,0,348,348,0
move_toward_unknown_bfs,2,10,10,4,367776961,3166742020,1587198119,759788228,1874364848,0,bottleneck,0.09,0.09,91,True,1.0,42,1500,9,21,25,42,84,0,0,0.16,True,0.0,60,60,0,600,600,0
move_toward_unknown_bfs,4,10,10,0,3757552657,673228719,3241444873,3685993406,2968811710,0,bottleneck,0.09,0.09,91,True,1.0,25,1500,7,18,21,25,100,0,0,1.01,True,0.0,171,171,0,1908,1908,0
move_toward_unknown_bfs,2,10,10,3,819382448,1645421708,3451799802,118549108,2613022947,0,bottleneck,0.09,0.09,91,False,0.7692307692307693,1500,1500,17,,,,58,0,2942,0.3291139240506329,True,0.0,41,41,0,480,480,0
move_toward_unknown_bfs,4,10,10,1,1641411168,1454127163,2749604155,3056722145,3964924996,0,bottleneck,0.09,0.09,91,True,1.0,26,1500,6,17,22,26,104,0,0,0.88,True,0.0,192,192,0,1818,1818,0
move_toward_unknown_bfs,4,10,10,3,819382448,1645421708,3451799802,118549108,2613022947,0,bottleneck,0.09,0.09,91,True,1.0,24,1500,4,19,21,24,72,0,24,0.5353535353535354,True,0.0,177,177,0,1782,1782,0
move_toward_unknown_bfs,4,10,10,4,367776961,3166742020,1587198119,759788228,1874364848,0,bottleneck,0.09,0.09,91,True,1.0,20,1500,3,13,15,20,80,0,0,0.62,True,0.0,171,171,0,1818,1818,0
coordinated_frontier_greedy,2,10,10,0,3757552657,673228719,3241444873,3685993406,2968811710,0,bottleneck,0.09,0.09,91,True,1.0,42,1500,19,38,40,42,84,0,0,0.41,True,0.0,71,71,0,600,600,0
coordinated_frontier_greedy,2,10,10,1,1641411168,1454127163,2749604155,3056722145,3964924996,0,bottleneck,0.09,0.09,91,True,1.0,38,1500,13,33,35,38,76,0,0,0.33,True,0.0,67,67,0,624,624,0
coordinated_frontier_greedy,2,10,10,2,2001025171,2240297063,1311118443,2854122131,3141116543,0,bottleneck,0.09,0.09,91,True,1.0,41,1500,15,37,39,41,82,0,0,0.24,True,0.0,68,68,0,600,600,0
move_toward_frontier_astar,2,10,10,3,819382448,1645421708,3451799802,118549108,2613022947,0,bottleneck,0.09,0.09,91,False,0.7142857142857143,1500,1500,17,,,,50,0,2950,0.5,True,0.0,38,38,0,468,468,0
coordinated_frontier_greedy,2,10,10,4,367776961,3166742020,1587198119,759788228,1874364848,0,bottleneck,0.09,0.09,91,True,1.0,36,1500,9,27,32,36,72,0,0,0.19,True,0.0,61,61,0,600,600,0
move_toward_frontier_astar,2,10,10,1,1641411168,1454127163,2749604155,3056722145,3964924996,0,bottleneck,0.09,0.09,91,False,0.8571428571428571,1500,1500,13,,,,62,0,2938,0.27586206896551724,True,0.0,53,53,0,522,522,0
coordinated_frontier_greedy,4,10,10,1,1641411168,1454127163,2749604155,3056722145,3964924996,0,bottleneck,0.09,0.09,91,True,1.0,18,1500,4,14,16,18,72,0,0,0.35,True,0.0,180,180,0,1800,1800,0
coordinated_frontier_greedy,4,10,10,0,3757552657,673228719,3241444873,3685993406,2968811710,0,bottleneck,0.09,0.09,91,True,1.0,23,1500,6,20,21,23,92,0,0,0.81,True,0.0,192,192,0,1800,1800,0
coordinated_frontier_greedy,4,10,10,2,2001025171,2240297063,1311118443,2854122131,3141116543,0,bottleneck,0.09,0.09,91,True,1.0,22,1500,4,17,19,22,70,0,18,0.37,True,0.0,183,183,0,1890,1890,0
coordinated_frontier_greedy,4,10,10,3,819382448,1645421708,3451799802,118549108,2613022947,0,bottleneck,0.09,0.09,91,True,1.0,29,1500,5,24,27,29,88,0,28,0.69,True,0.0,204,204,0,1872,1872,0
coordinated_frontier_hungarian,2,10,10,0,3757552657,673228719,3241444873,3685993406,2968811710,0,bottleneck,0.09,0.09,91,True,1.0,39,1500,17,35,38,39,78,0,0,0.32,True,0.0,64,64,0,600,600,0
coordinated_frontier_greedy,4,10,10,4,367776961,3166742020,1587198119,759788228,1874364848,0,bottleneck,0.09,0.09,91,True,1.0,20,1500,3,15,19,20,80,0,0,0.56,True,0.0,174,174,0,1890,1890,0
coordinated_frontier_hungarian,2,10,10,1,1641411168,1454127163,2749604155,3056722145,3964924996,0,bottleneck,0.09,0.09,91,True,1.0,38,1500,13,33,35,38,76,0,0,0.34,True,0.0,67,67,0,630,630,0
coordinated_frontier_hungarian,2,10,10,2,2001025171,2240297063,1311118443,2854122131,3141116543,0,bottleneck,0.09,0.09,91,True,1.0,39,1500,15,35,38,39,78,0,0,0.23,True,0.0,65,65,0,600,600,0
coordinated_frontier_hungarian,2,10,10,3,819382448,1645421708,3451799802,118549108,2613022947,0,bottleneck,0.09,0.09,91,True,1.0,47,1500,17,41,43,47,94,0,0,0.55,True,0.0,72,72,0,654,654,0
coordinated_frontier_hungarian,2,10,10,4,367776961,3166742020,1587198119,759788228,1874364848,0,bottleneck,0.09,0.09,91,True,1.0,36,1500,9,27,32,36,72,0,0,0.17,True,0.0,61,61,0,600,600,0
coordinated_frontier_hungarian,4,10,10,1,1641411168,1454127163,2749604155,3056722145,3964924996,0,bottleneck,0.09,0.09,91,True,1.0,16,1500,4,13,14,16,64,0,0,0.31,True,0.0,168,168,0,1800,1800,0
coordinated_frontier_hungarian,4,10,10,0,3757552657,673228719,3241444873,3685993406,2968811710,0,bottleneck,0.09,0.09,91,True,1.0,25,1500,5,20,22,25,100,0,0,0.92,True,0.0,183,183,0,1890,1890,0
move_toward_unknown_bfs,4,10,10,2,2001025171,2240297063,1311118443,2854122131,3141116543,0,bottleneck,0.09,0.09,91,False,0.9340659340659341,1500,1500,3,20,,,86,0,5914,0.7659574468085106,True,0.0,150,150,0,1728,1728,0
coordinated_frontier_hungarian,4,10,10,2,2001025171,2240297063,1311118443,2854122131,3141116543,0,bottleneck,0.09,0.09,91,True,1.0,21,1500,4,16,19,21,70,0,14,0.38,True,0.0,192,192,0,1944,1944,0
move_toward_frontier_astar,2,10,10,0,3757552657,673228719,3241444873,3685993406,2968811710,0,two_bottlenecks,0.18,0.18,82,True,1.0,42,1500,13,36,38,42,84,0,0,0.1,True,0.0,66,66,0,600,600,0
move_toward_frontier_astar,2,10,10,1,1641411168,1454127163,2749604155,3056722145,3964924996,0,two_bottlenecks,0.18,0.18,82,True,1.0,37,1500,13,31,33,37,74,0,0,0.14,True,0.0,64,64,0,606,606,0
move_toward_frontier_astar,2,10,10,2,2001025171,2240297063,1311118443,2854122131,3141116543,0,two_bottlenecks,0.18,0.18,82,True,1.0,40,1500,16,34,36,40,80,0,0,0.33,True,0.0,64,64,0,606,606,0
coordinated_frontier_hungarian,4,10,10,4,367776961,3166742020,1587198119,759788228,1874364848,0,bottleneck,0.09,0.09,91,True,1.0,18,1500,3,15,16,18,72,0,0,0.63,True,0.0,159,159,0,1800,1800,0
move_toward_frontier_astar,2,10,10,3,819382448,1645421708,3451799802,118549108,2613022947,0,two_bottlenecks,0.18,0.18,82,True,1.0,38,1500,9,31,34,38,76,0,0,0.35,True,0.0,63,63,0,600,600,0
move_toward_frontier_astar,4,10,10,0,3757552657,673228719,3241444873,3685993406,2968811710,0,two_bottlenecks,0.18,0.18,82,True,1.0,21,1500,5,15,17,21,84,0,0,0.47,True,0.0,177,177,0,1800,1800,0
move_toward_frontier_astar,4,10,10,1,1641411168,1454127163,2749604155,3056722145,3964924996,0,two_bottlenecks,0.18,0.18,82,True,1.0,31,1500,9,20,27,31,124,0,0,0.92,True,0.0,186,186,0,1818,1818,0
move_toward_frontier_astar,4,10,10,2,2001025171,2240297063,1311118443,2854122131,3141116543,0,two_bottlenecks,0.18,0.18,82,True,1.0,21,1500,4,14,16,21,84,0,0,0.6,True,0.0,177,177,0,1836,1836,0
move_toward_frontier_astar,4,10,10,3,819382448,1645421708,3451799802,118549108,2613022947,0,two_bottlenecks,0.18,0.18,82,True,1.0,29,1500,4,18,26,29,116,0,0,1.24,True,0.0,156,156,0,1800,1800,0
move_toward_frontier_astar,4,10,10,4,367776961,3166742020,1587198119,759788228,1874364848,0,two_bottlenecks,0.18,0.18,82,True,1.0,22,1500,3,16,18,22,88,0,0,0.5,True,0.0,180,180,0,1836,1836,0
move_toward_unknown_bfs,2,10,10,0,3757552657,673228719,3241444873,3685993406,2968811710,0,two_bottlenecks,0.18,0.18,82,True,1.0,34,1500,10,30,32,34,68,0,0,0.09,True,0.0,60,60,0,600,600,0
move_toward_unknown_bfs,2,10,10,1,1641411168,1454127163,2749604155,3056722145,3964924996,0,two_bottlenecks,0.18,0.18,82,False,0.9878048780487805,1500,1500,11,33,35,,72,0,2928,0.24242424242424243,True,0.0,57,57,0,600,600,0
coordinated_frontier_greedy,2,10,10,3,819382448,1645421708,3451799802,118549108,2613022947,0,bottleneck,0.09,0.09,91,False,0.4175824175824176,1500,1500,,,,,18,0,2982,0.225,True,0.0,20,20,0,246,246,0
move_toward_unknown_bfs,2,10,10,3,819382448,1645421708,3451799802,118549108,2613022947,0,two_bottlenecks,0.18,0.18,82,True,1.0,37,1500,9,33,35,37,74,0,0,0.25,True,0.0,60,60,0,600,600,0
move_toward_unknown_bfs,2,10,10,4,367776961,3166742020,1587198119,759788228,1874364848,0,two_bottlenecks,0.18,0.18,82,True,1.0,36,1500,11,31,34,36,72,0,0,0.1,True,0.0,62,62,0,624,624,0
move_toward_unknown_bfs,2,10,10,2,2001025171,2240297063,1311118443,2854122131,3141116543,0,two_bottlenecks,0.18,0.18,82,False,0.9878048780487805,1500,1500,10,34,36,,74,0,2926,0.20202020202020202,True,0.0,58,58,0,594,594,0
move_toward_unknown_bfs,4,10,10,0,3757552657,673228719,3241444873,3685993406,2968811710,0,two_bottlenecks,0.18,0.18,82,True,1.0,17,1500,5,14,15,17,68,0,0,0.26,True,0.0,141,141,0,1800,1800,0
move_toward_unknown_bfs,4,10,10,2,2001025171,2240297063,1311118443,2854122131,3141116543,0,two_bottlenecks,0.18,0.18,82,True,1.0,17,1500,3,12,15,17,68,0,0,0.38,True,0.0,132,132,0,1800,1800,0
move_toward_unknown_bfs,4,10,10,3,819382448,1645421708,3451799802,118549108,2613022947,0,two_bottlenecks,0.18,0.18,82,True,1.0,39,1500,3,35,37,39,55,0,101,0.09473684210526316,True,0.0,138,138,0,1746,1746,0
move_toward_unknown_bfs,4,10,10,4,367776961,3166742020,1587198119,759788228,1874364848,0,two_bottlenecks,0.18,0.18,82,True,1.0,15,1500,3,13,14,15,60,0,0,0.28865979381443296,True,0.0,144,144,0,1782,1782,0
move_toward_frontier_astar,2,10,10,4,367776961,3166742020,1587198119,759788228,1874364848,0,two_bottlenecks,0.18,0.18,82,False,0.7317073170731707,1500,1500,12,,,,42,0,2958,0.08333333333333333,True,0.0,39,39,0,438,438,0
coordinated_frontier_greedy,2,10,10,0,3757552657,673228719,3241444873,3685993406,2968811710,0,two_bottlenecks,0.18,0.18,82,True,1.0,42,1500,13,36,38,42,84,0,0,0.09,True,0.0,66,66,0,600,600,0
coordinated_frontier_greedy,2,10,10,1,1641411168,1454127163,2749604155,3056722145,3964924996,0,two_bottlenecks,0.18,0.18,82,True,1.0,37,1500,13,31,33,37,74,0,0,0.14,True,0.0,64,64,0,606,606,0
coordinated_frontier_greedy,2,10,10,2,2001025171,2240297063,1311118443,2854122131,3141116543,0,two_bottlenecks,0.18,0.18,82,True,1.0,40,1500,16,34,36,40,80,0,0,0.33,True,0.0,64,64,0,606,606,0
coordinated_frontier_greedy,2,10,10,3,819382448,1645421708,3451799802,118549108,2613022947,0,two_bottlenecks,0.18,0.18,82,True,1.0,38,1500,9,31,34,38,76,0,0,0.35,True,0.0,63,63,0,600,600,0
coordinated_frontier_greedy,2,10,10,4,367776961,3166742020,1587198119,759788228,1874364848,0,two_bottlenecks,0.18,0.18,82,True,1.0,47,1500,12,41,44,47,94,0,0,0.35,True,0.0,63,63,0,612,612,0
coordinated_frontier_greedy,4,10,10,0,3757552657,673228719,3241444873,3685993406,2968811710,0,two_bottlenecks,0.18,0.18,82,True,1.0,19,1500,5,15,17,19,76,0,0,0.41,True,0.0,171,171,0,1800,1800,0
coordinated_frontier_greedy,4,10,10,1,1641411168,1454127163,2749604155,3056722145,3964924996,0,two_bottlenecks,0.18,0.18,82,True,1.0,24,1500,7,20,22,24,96,0,0,0.67,True,0.0,198,198,0,1908,1908,0
coordinated_frontier_greedy,4,10,10,2,2001025171,2240297063,1311118443,2854122131,3141116543,0,two_bottlenecks,0.18,0.18,82,True,1.0,21,1500,4,15,17,21,84,0,0,0.54,True,0.0,180,180,0,1836,1836,0
coordinated_frontier_greedy,4,10,10,4,367776961,3166742020,1587198119,759788228,1874364848,0,two_bottlenecks,0.18,0.18,82,True,1.0,21,1500,3,16,18,21,84,0,0,0.47,True,0.0,183,183,0,1800,1800,0
coordinated_frontier_greedy,4,10,10,3,819382448,1645421708,3451799802,118549108,2613022947,0,two_bottlenecks,0.18,0.18,82,True,1.0,27,1500,4,16,24,27,90,0,18,1.02020202020202,True,0.0,159,159,0,1872,1872,0
coordinated_frontier_hungarian,2,10,10,1,1641411168,1454127163,2749604155,3056722145,3964924996,0,two_bottlenecks,0.18,0.18,82,True,1.0,37,1500,13,31,33,37,74,0,0,0.13,True,0.0,64,64,0,606,606,0
coordinated_frontier_hungarian,2,10,10,0,3757552657,673228719,3241444873,3685993406,2968811710,0,two_bottlenecks,0.18,0.18,82,True,1.0,42,1500,13,39,41,42,84,0,0,0.3,True,0.0,62,62,0,600,600,0
coordinated_frontier_hungarian,2,10,10,3,819382448,1645421708,3451799802,118549108,2613022947,0,two_bottlenecks,0.18,0.18,82,True,1.0,36,1500,9,31,34,36,72,0,0,0.27,True,0.0,61,61,0,600,600,0
coordinated_frontier_hungarian,2,10,10,2,2001025171,2240297063,1311118443,2854122131,3141116543,0,two_bottlenecks,0.18,0.18,82,True,1.0,40,1500,16,34,36,40,80,0,0,0.31,True,0.0,63,63,0,606,606,0
move_toward_unknown_bfs,4,10,10,1,1641411168,1454127163,2749604155,3056722145,3964924996,0,two_bottlenecks,0.18,0.18,82,False,0.6341463414634146,1500,1500,14,,,,42,0,5958,0.3188405797101449,True,0.0,108,108,0,1260,1260,0
coordinated_frontier_hungarian,4,10,10,0,3757552657,673228719,3241444873,3685993406,2968811710,0,two_bottlenecks,0.18,0.18,82,True,1.0,19,1500,5,15,17,19,76,0,0,0.37,True,0.0,159,159,0,1800,1800,0
coordinated_frontier_hungarian,4,10,10,1,1641411168,1454127163,2749604155,3056722145,3964924996,0,two_bottlenecks,0.18,0.18,82,True,1.0,22,1500,6,19,21,22,88,0,0,0.66,True,0.0,165,165,0,1908,1908,0
coordinated_frontier_hungarian,4,10,10,2,2001025171,2240297063,1311118443,2854122131,3141116543,0,two_bottlenecks,0.18,0.18,82,True,1.0,19,1500,4,15,16,19,76,0,0,0.42,True,0.0,171,171,0,1836,1836,0
coordinated_frontier_hungarian,4,10,10,3,819382448,1645421708,3451799802,118549108,2613022947,0,two_bottlenecks,0.18,0.18,82,True,1.0,18,1500,4,14,16,18,72,0,0,0.56,True,0.0,144,144,0,1818,1818,0
move_toward_frontier_astar,2,10,10,0,3757552657,673228719,3241444873,3685993406,2968811710,0,four_rooms,0.15,0.15,85,True,1.0,40,1500,15,29,36,40,80,0,0,0.25252525252525254,True,0.0,67,67,0,594,594,0
coordinated_frontier_hungarian,4,10,10,4,367776961,3166742020,1587198119,759788228,1874364848,0,two_bottlenecks,0.18,0.18,82,True,1.0,19,1500,3,16,18,19,76,0,0,0.3,True,0.0,180,180,0,1800,1800,0
move_toward_frontier_astar,2,10,10,2,2001025171,2240297063,1311118443,2854122131,3141116543,0,four_rooms,0.15,0.15,85,True,1.0,43,1500,14,33,35,43,86,0,0,0.45454545454545453,True,0.0,64,64,0,594,594,0
move_toward_frontier_astar,2,10,10,3,819382448,1645421708,3451799802,118549108,2613022947,0,four_rooms,0.15,0.15,85,True,1.0,37,1500,9,33,35,37,74,0,0,0.16161616161616163,True,0.0,54,54,0,594,594,0
move_toward_frontier_astar,2,10,10,4,367776961,3166742020,1587198119,759788228,1874364848,0,four_rooms,0.15,0.15,85,True,1.0,51,1500,10,36,41,51,102,0,0,0.5959595959595959,True,0.0,58,58,0,594,594,0
move_toward_frontier_astar,4,10,10,0,3757552657,673228719,3241444873,3685993406,2968811710,0,four_rooms,0.15,0.15,85,True,1.0,39,1500,5,28,30,39,92,0,64,0.8585858585858586,True,0.0,180,180,0,1890,1890,0
move_toward_frontier_astar,4,10,10,1,1641411168,1454127163,2749604155,3056722145,3964924996,0,four_rooms,0.15,0.15,85,True,1.0,23,1500,5,19,21,23,92,0,0,0.7272727272727273,True,0.0,192,192,0,1800,1800,0
coordinated_frontier_greedy,4,10,10,2,2001025171,2240297063,1311118443,2854122131,3141116543,0,empty,0.0,0.0,100,False,0.99,1500,1500,4,15,18,,80,0,5920,0.6464646464646465,True,0.0,186,186,0,1872,1872,0
move_toward_frontier_astar,4,10,10,3,819382448,1645421708,3451799802,118549108,2613022947,0,four_rooms,0.15,0.15,85,True,1.0,38,1500,5,29,34,38,83,0,69,0.6666666666666666,True,0.0,189,189,0,1782,1782,0
move_toward_frontier_astar,4,10,10,4,367776961,3166742020,1587198119,759788228,1874364848,0,four_rooms,0.15,0.15,85,True,1.0,22,1500,5,13,17,22,88,0,0,0.7346938775510204,True,0.0,156,156,0,1800,1800,0
move_toward_unknown_bfs,2,10,10,0,3757552657,673228719,3241444873,3685993406,2968811710,0,four_rooms,0.15,0.15,85,True,1.0,39,1500,10,30,35,39,78,0,0,0.010101010101010102,True,0.0,58,58,0,594,594,0
move_toward_unknown_bfs,2,10,10,1,1641411168,1454127163,2749604155,3056722145,3964924996,0,four_rooms,0.15,0.15,85,True,1.0,41,1500,13,30,34,41,82,0,0,0.2727272727272727,True,0.0,60,60,0,594,594,0
move_toward_unknown_bfs,2,10,10,2,2001025171,2240297063,1311118443,2854122131,3141116543,0,four_rooms,0.15,0.15,85,True,1.0,43,1500,22,35,39,43,86,0,0,0.47474747474747475,True,0.0,66,66,0,594,594,0
move_toward_unknown_bfs,2,10,10,3,819382448,1645421708,3451799802,118549108,2613022947,0,four_rooms,0.15,0.15,85,True,1.0,50,1500,11,38,46,50,100,0,0,0.494949494949495,True,0.0,58,58,0,594,594,0
move_toward_unknown_bfs,2,10,10,4,367776961,3166742020,1587198119,759788228,1874364848,0,four_rooms,0.15,0.15,85,True,1.0,42,1500,13,35,39,42,84,0,0,0.20202020202020202,True,0.0,62,62,0,594,594,0
move_toward_unknown_bfs,4,10,10,0,3757552657,673228719,3241444873,3685993406,2968811710,0,four_rooms,0.15,0.15,85,True,1.0,27,1500,6,23,24,27,68,0,40,0.30303030303030304,True,0.0,168,168,0,1854,1854,0
move_toward_unknown_bfs,4,10,10,1,1641411168,1454127163,2749604155,3056722145,3964924996,0,four_rooms,0.15,0.15,85,True,1.0,18,1500,5,14,16,18,72,0,0,0.48484848484848486,True,0.0,168,168,0,1782,1782,0
move_toward_frontier_astar,2,10,10,1,1641411168,1454127163,2749604155,3056722145,3964924996,0,four_rooms,0.15,0.15,85,False,0.5764705882352941,1500,1500,12,,,,38,0,2962,0.15517241379310345,True,0.0,34,34,0,348,348,0
move_toward_unknown_bfs,4,10,10,3,819382448,1645421708,3451799802,118549108,2613022947,0,four_rooms,0.15,0.15,85,True,1.0,22,1500,6,19,20,22,88,0,0,0.797979797979798,True,0.0,201,201,0,1818,1818,0
move_toward_unknown_bfs,4,10,10,4,367776961,3166742020,1587198119,759788228,1874364848,0,four_rooms,0.15,0.15,85,True,1.0,22,1500,5,12,15,22,88,0,0,0.6060606060606061,True,0.0,159,159,0,1782,1782,0
coordinated_frontier_greedy,2,10,10,0,3757552657,673228719,3241444873,3685993406,2968811710,0,four_rooms,0.15,0.15,85,True,1.0,36,1500,15,29,32,36,72,0,0,0.09090909090909091,True,0.0,67,67,0,594,594,0
coordinated_frontier_greedy,2,10,10,1,1641411168,1454127163,2749604155,3056722145,3964924996,0,four_rooms,0.15,0.15,85,True,1.0,40,1500,12,34,36,40,80,0,0,0.16161616161616163,True,0.0,67,67,0,606,606,0
move_toward_unknown_bfs,4,10,10,2,2001025171,2240297063,1311118443,2854122131,3141116543,0,four_rooms,0.15,0.15,85,False,0.8470588235294118,1500,1500,6,,,,46,0,5954,0.2857142857142857,True,0.0,135,135,0,1584,1584,0
coordinated_frontier_greedy,2,10,10,2,2001025171,2240297063,1311118443,2854122131,3141116543,0,four_rooms,0.15,0.15,85,True,1.0,42,1500,14,31,33,42,84,0,0,0.40404040404040403,True,0.0,62,62,0,594,594,0
coordinated_frontier_greedy,2,10,10,3,819382448,1645421708,3451799802,118549108,2613022947,0,four_rooms,0.15,0.15,85,True,1.0,37,1500,9,33,35,37,74,0,0,0.1414141414141414,True,0.0,54,54,0,594,594,0
coordinated_frontier_greedy,2,10,10,4,367776961,3166742020,1587198119,759788228,1874364848,0,four_rooms,0.15,0.15,85,True,1.0,45,1500,10,36,42,45,90,0,0,0.5757575757575758,True,0.0,58,58,0,594,594,0
coordinated_frontier_greedy,4,10,10,0,3757552657,673228719,3241444873,3685993406,2968811710,0,four_rooms,0.15,0.15,85,True,1.0,22,1500,6,16,19,22,88,0,0,0.6161616161616161,True,0.0,189,189,0,1836,1836,0
coordinated_frontier_greedy,4,10,10,1,1641411168,1454127163,2749604155,3056722145,3964924996,0,four_rooms,0.15,0.15,85,True,1.0,21,1500,5,19,20,21,84,0,0,0.5151515151515151,True,0.0,192,192,0,1854,1854,0
coordinated_frontier_greedy,4,10,10,2,2001025171,2240297063,1311118443,2854122131,3141116543,0,four_rooms,0.15,0.15,85,True,1.0,23,1500,6,20,22,23,92,0,0,0.6868686868686869,True,0.0,180,180,0,1800,1800,0
coordinated_frontier_greedy,4,10,10,3,819382448,1645421708,3451799802,118549108,2613022947,0,four_rooms,0.15,0.15,85,True,1.0,21,1500,5,17,19,21,84,0,0,0.8367346938775511,True,0.0,180,180,0,1782,1782,0
coordinated_frontier_greedy,4,10,10,4,367776961,3166742020,1587198119,759788228,1874364848,0,four_rooms,0.15,0.15,85,True,1.0,19,1500,5,14,16,19,76,0,0,0.5757575757575758,True,0.0,159,159,0,1818,1818,0
coordinated_frontier_hungarian,2,10,10,0,3757552657,673228719,3241444873,3685993406,2968811710,0,four_rooms,0.15,0.15,85,True,1.0,36,1500,15,29,32,36,72,0,0,0.10101010101010101,True,0.0,67,67,0,594,594,0
coordinated_frontier_hungarian,2,10,10,1,1641411168,1454127163,2749604155,3056722145,3964924996,0,four_rooms,0.15,0.15,85,True,1.0,40,1500,12,34,36,40,80,0,0,0.16161616161616163,True,0.0,67,67,0,606,606,0
coordinated_frontier_hungarian,2,10,10,2,2001025171,2240297063,1311118443,2854122131,3141116543,0,four_rooms,0.15,0.15,85,True,1.0,44,1500,14,32,34,44,88,0,0,0.3838383838383838,True,0.0,63,63,0,594,594,0
coordinated_frontier_hungarian,2,10,10,3,819382448,1645421708,3451799802,118549108,2613022947,0,four_rooms,0.15,0.15,85,True,1.0,37,1500,9,33,35,37,74,0,0,0.1414141414141414,True,0.0,54,54,0,594,594,0
coordinated_frontier_hungarian,2,10,10,4,367776961,3166742020,1587198119,759788228,1874364848,0,four_rooms,0.15,0.15,85,True,1.0,48,1500,10,36,38,48,96,0,0,0.35353535353535354,True,0.0,57,57,0,594,594,0
coordinated_frontier_hungarian,4,10,10,0,3757552657,673228719,3241444873,3685993406,2968811710,0,four_rooms,0.15,0.15,85,True,1.0,20,1500,6,16,17,20,80,0,0,0.5151515151515151,True,0.0,183,183,0,1836,1836,0
coordinated_frontier_hungarian,4,10,10,1,1641411168,1454127163,2749604155,3056722145,3964924996,0,four_rooms,0.15,0.15,85,True,1.0,20,1500,5,18,19,20,80,0,0,0.494949494949495,True,0.0,177,177,0,1782,1782,0
coordinated_frontier_hungarian,4,10,10,2,2001025171,2240297063,1311118443,2854122131,3141116543,0,four_rooms,0.15,0.15,85,True,1.0,22,1500,5,19,20,22,88,0,0,0.6363636363636364,True,0.0,162,162,0,1836,1836,0
coordinated_frontier_hungarian,4,10,10,3,819382448,1645421708,3451799802,118549108,2613022947,0,four_rooms,0.15,0.15,85,True,1.0,22,1500,5,17,19,22,88,0,0,0.8979591836734694,True,0.0,183,183,0,1818,1818,0
coordinated_frontier_hungarian,4,10,10,4,367776961,3166742020,1587198119,759788228,1874364848,0,four_rooms,0.15,0.15,85,True,1.0,18,1500,5,13,17,18,72,0,0,0.3434343434343434,True,0.0,162,162,0,1818,1818,0
move_toward_frontier_astar,2,10,10,0,3757552657,673228719,3241444873,3685993406,2968811710,0,nested_rooms,0.31,0.31,69,False,0.13043478260869565,1500,1500,,,,,4,0,2996,0.047619047619047616,True,0.0,6,6,0,132,132,0
move_toward_frontier_astar,2,10,10,2,2001025171,2240297063,1311118443,2854122131,3141116543,0,nested_rooms,0.31,0.31,69,True,1.0,61,1500,15,57,59,61,122,0,0,0.84,True,0.0,48,48,0,600,600,0
move_toward_frontier_astar,2,10,10,3,819382448,1645421708,3451799802,118549108,2613022947,0,nested_rooms,0.31,0.31,69,True,1.0,39,1500,16,33,36,39,78,0,0,0.37,True,0.0,63,63,0,612,612,0
move_toward_frontier_astar,2,10,10,4,367776961,3166742020,1587198119,759788228,1874364848,0,nested_rooms,0.31,0.31,69,True,1.0,41,1500,26,39,40,41,82,0,0,0.34,True,0.0,57,57,0,600,600,0
coordinated_frontier_hungarian,2,10,10,4,367776961,3166742020,1587198119,759788228,1874364848,0,two_bottlenecks,0.18,0.18,82,False,0.8292682926829268,1500,1500,12,,,,52,0,2948,0.17647058823529413,True,0.0,48,48,0,540,540,0
move_toward_frontier_astar,2,10,10,1,1641411168,1454127163,2749604155,3056722145,3964924996,0,nested_rooms,0.31,0.31,69,False,0.2028985507246377,1500,1500,,,,,8,0,2992,0.047619047619047616,True,0.0,10,10,0,132,132,0
move_toward_frontier_astar,4,10,10,0,3757552657,673228719,3241444873,3685993406,2968811710,0,nested_rooms,0.31,0.31,69,True,1.0,46,1500,4,40,43,46,184,0,0,2.25,True,0.0,159,159,0,1800,1800,0
move_toward_frontier_astar,4,10,10,1,1641411168,1454127163,2749604155,3056722145,3964924996,0,nested_rooms,0.31,0.31,69,True,1.0,47,1500,4,41,44,47,105,0,83,0.74,True,0.0,156,156,0,1818,1818,0
move_toward_frontier_astar,4,10,10,3,819382448,1645421708,3451799802,118549108,2613022947,0,nested_rooms,0.31,0.31,69,True,1.0,45,1500,11,39,40,45,80,0,100,0.39,True,0.0,171,171,0,1836,1836,0
move_toward_frontier_astar,4,10,10,2,2001025171,2240297063,1311118443,2854122131,3141116543,0,nested_rooms,0.31,0.31,69,True,1.0,59,1500,6,34,55,59,214,0,22,2.13,True,0.0,147,147,0,1818,1818,0
move_toward_unknown_bfs,2,10,10,0,3757552657,673228719,3241444873,3685993406,2968811710,0,nested_rooms,0.31,0.31,69,True,1.0,37,1500,26,36,36,37,74,0,0,0.35,True,0.0,54,54,0,600,600,0
move_toward_frontier_astar,4,10,10,4,367776961,3166742020,1587198119,759788228,1874364848,0,nested_rooms,0.31,0.31,69,True,1.0,14,1500,5,10,12,14,56,0,0,0.37,True,0.0,147,147,0,1890,1890,0
move_toward_unknown_bfs,2,10,10,3,819382448,1645421708,3451799802,118549108,2613022947,0,nested_rooms,0.31,0.31,69,True,1.0,31,1500,16,28,29,31,62,0,0,0.38,True,0.0,55,55,0,612,612,0
move_toward_unknown_bfs,2,10,10,4,367776961,3166742020,1587198119,759788228,1874364848,0,nested_rooms,0.31,0.31,69,True,1.0,40,1500,26,37,38,40,80,0,0,0.32,True,0.0,54,54,0,600,600,0
move_toward_unknown_bfs,2,10,10,2,2001025171,2240297063,1311118443,2854122131,3141116543,0,nested_rooms,0.31,0.31,69,True,1.0,64,1500,17,60,62,64,128,0,0,0.82,True,0.0,53,53,0,600,600,0
move_toward_unknown_bfs,4,10,10,0,3757552657,673228719,3241444873,3685993406,2968811710,0,nested_rooms,0.31,0.31,69,True,1.0,42,1500,4,36,39,42,168,0,0,2.04,True,0.0,174,174,0,1800,1800,0
move_toward_frontier_astar,4,10,10,2,2001025171,2240297063,1311118443,2854122131,3141116543,0,four_rooms,0.15,0.15,85,False,0.9764705882352941,1500,1500,6,31,35,,86,0,5914,0.6907216494845361,True,0.0,174,174,0,1800,1800,0
move_toward_unknown_bfs,2,10,10,1,1641411168,1454127163,2749604155,3056722145,3964924996,0,nested_rooms,0.31,0.31,69,False,0.2028985507246377,1500,1500,,,,,8,0,2992,0.047619047619047616,True,0.0,10,10,0,132,132,0
move_toward_unknown_bfs,4,10,10,3,819382448,1645421708,3451799802,118549108,2613022947,0,nested_rooms,0.31,0.31,69,True,1.0,19,1500,6,15,17,19,76,0,0,0.4,True,0.0,162,162,0,1872,1872,0
move_toward_unknown_bfs,4,10,10,4,367776961,3166742020,1587198119,759788228,1874364848,0,nested_rooms,0.31,0.31,69,True,1.0,15,1500,5,12,13,15,60,0,0,0.32,True,0.0,159,159,0,1854,1854,0
coordinated_frontier_greedy,2,10,10,0,3757552657,673228719,3241444873,3685993406,2968811710,0,nested_rooms,0.31,0.31,69,True,1.0,39,1500,22,37,38,39,78,0,0,0.33,True,0.0,58,58,0,612,612,0
coordinated_frontier_greedy,2,10,10,1,1641411168,1454127163,2749604155,3056722145,3964924996,0,nested_rooms,0.31,0.31,69,True,1.0,48,1500,19,36,37,48,96,0,0,0.33,True,0.0,58,58,0,606,606,0
coordinated_frontier_greedy,2,10,10,2,2001025171,2240297063,1311118443,2854122131,3141116543,0,nested_rooms,0.31,0.31,69,True,1.0,37,1500,15,24,25,37,74,0,0,0.13,True,0.0,48,48,0,600,600,0
coordinated_frontier_greedy,2,10,10,3,819382448,1645421708,3451799802,118549108,2613022947,0,nested_rooms,0.31,0.31,69,True,1.0,38,1500,9,32,35,38,76,0,0,0.28,True,0.0,51,51,0,612,612,0
coordinated_frontier_greedy,2,10,10,4,367776961,3166742020,1587198119,759788228,1874364848,0,nested_rooms,0.31,0.31,69,True,1.0,42,1500,28,38,39,42,84,0,0,0.36,True,0.0,55,55,0,600,600,0
coordinated_frontier_greedy,4,10,10,0,3757552657,673228719,3241444873,3685993406,2968811710,0,nested_rooms,0.31,0.31,69,True,1.0,46,1500,4,40,43,46,184,0,0,2.22,True,0.0,159,159,0,1800,1800,0
coordinated_frontier_greedy,4,10,10,1,1641411168,1454127163,2749604155,3056722145,3964924996,0,nested_rooms,0.31,0.31,69,True,1.0,47,1500,4,41,44,47,132,0,56,0.96,True,0.0,156,156,0,1818,1818,0
coordinated_frontier_greedy,4,10,10,2,2001025171,2240297063,1311118443,2854122131,3141116543,0,nested_rooms,0.31,0.31,69,True,1.0,23,1500,4,17,20,23,78,0,14,0.6,True,0.0,156,156,0,1926,1926,0
move_toward_unknown_bfs,4,10,10,1,1641411168,1454127163,2749604155,3056722145,3964924996,0,nested_rooms,0.31,0.31,69,False,0.8260869565217391,1500,1500,4,,,,66,0,5934,0.6867469879518072,True,0.0,138,138,0,1494,1494,0
coordinated_frontier_greedy,4,10,10,4,367776961,3166742020,1587198119,759788228,1874364848,0,nested_rooms,0.31,0.31,69,True,1.0,14,1500,5,10,12,14,56,0,0,0.37,True,0.0,147,147,0,1890,1890,0
coordinated_frontier_greedy,4,10,10,3,819382448,1645421708,3451799802,118549108,2613022947,0,nested_rooms,0.31,0.31,69,True,1.0,20,1500,7,14,15,20,80,0,0,0.37,True,0.0,171,171,0,1908,1908,0
coordinated_frontier_hungarian,2,10,10,0,3757552657,673228719,3241444873,3685993406,2968811710,0,nested_rooms,0.31,0.31,69,True,1.0,39,1500,24,36,37,39,78,0,0,0.35,True,0.0,58,58,0,618,618,0
coordinated_frontier_hungarian,2,10,10,1,1641411168,1454127163,2749604155,3056722145,3964924996,0,nested_rooms,0.31,0.31,69,True,1.0,46,1500,19,36,37,46,92,0,0,0.26,True,0.0,58,58,0,606,606,0
coordinated_frontier_hungarian,2,10,10,2,2001025171,2240297063,1311118443,2854122131,3141116543,0,nested_rooms,0.31,0.31,69,True,1.0,40,1500,15,33,36,40,80,0,0,0.16,True,0.0,57,57,0,600,600,0
coordinated_frontier_hungarian,2,10,10,3,819382448,1645421708,3451799802,118549108,2613022947,0,nested_rooms,0.31,0.31,69,True,1.0,38,1500,9,32,35,38,76,0,0,0.28,True,0.0,51,51,0,612,612,0
coordinated_frontier_hungarian,2,10,10,4,367776961,3166742020,1587198119,759788228,1874364848,0,nested_rooms,0.31,0.31,69,True,1.0,42,1500,24,40,40,42,84,0,0,0.31,True,0.0,58,58,0,600,600,0
coordinated_frontier_hungarian,4,10,10,2,2001025171,2240297063,1311118443,2854122131,3141116543,0,nested_rooms,0.31,0.31,69,True,1.0,23,1500,4,17,20,23,78,0,14,0.6,True,0.0,159,159,0,1926,1926,0
coordinated_frontier_hungarian,4,10,10,0,3757552657,673228719,3241444873,3685993406,2968811710,0,nested_rooms,0.31,0.31,69,True,1.0,42,1500,4,36,39,42,168,0,0,1.97,True,0.0,162,162,0,1800,1800,0
coordinated_frontier_hungarian,4,10,10,1,1641411168,1454127163,2749604155,3056722145,3964924996,0,nested_rooms,0.31,0.31,69,True,1.0,46,1500,4,40,43,46,184,0,0,2.26,True,0.0,177,177,0,1818,1818,0
move_toward_frontier_astar,2,10,10,0,3757552657,673228719,3241444873,3685993406,2968811710,0,comb,0.54,0.54,46,True,1.0,45,1500,9,41,43,45,90,0,0,0.34065934065934067,True,0.0,42,42,0,552,552,0
coordinated_frontier_hungarian,4,10,10,3,819382448,1645421708,3451799802,118549108,2613022947,0,nested_rooms,0.31,0.31,69,True,1.0,16,1500,4,10,12,16,64,0,0,0.32,True,0.0,144,144,0,1854,1854,0
coordinated_frontier_hungarian,4,10,10,4,367776961,3166742020,1587198119,759788228,1874364848,0,nested_rooms,0.31,0.31,69,True,1.0,14,1500,5,10,12,14,56,0,0,0.37,True,0.0,147,147,0,1890,1890,0
move_toward_frontier_astar,2,10,10,1,1641411168,1454127163,2749604155,3056722145,3964924996,0,comb,0.54,0.54,46,True,1.0,44,1500,9,31,33,44,88,0,0,0.34782608695652173,True,0.0,45,45,0,552,552,0
move_toward_frontier_astar,2,10,10,2,2001025171,2240297063,1311118443,2854122131,3141116543,0,comb,0.54,0.54,46,True,1.0,41,1500,9,28,30,41,82,0,0,0.09782608695652174,True,0.0,44,44,0,552,552,0
move_toward_frontier_astar,4,10,10,0,3757552657,673228719,3241444873,3685993406,2968811710,0,comb,0.54,0.54,46,True,1.0,18,1500,3,13,15,18,72,0,0,0.3626373626373626,True,0.0,126,126,0,1638,1638,0
move_toward_frontier_astar,2,10,10,4,367776961,3166742020,1587198119,759788228,1874364848,0,comb,0.54,0.54,46,True,1.0,52,1500,9,36,50,52,104,0,0,0.4945054945054945,True,0.0,43,43,0,546,546,0
move_toward_frontier_astar,4,10,10,2,2001025171,2240297063,1311118443,2854122131,3141116543,0,comb,0.54,0.54,46,True,1.0,41,1500,4,15,17,41,164,0,0,1.4285714285714286,True,0.0,129,129,0,1692,1692,0
move_toward_frontier_astar,4,10,10,3,819382448,1645421708,3451799802,118549108,2613022947,0,comb,0.54,0.54,46,True,1.0,31,1500,4,21,23,31,124,0,0,1.1978021978021978,True,0.0,129,129,0,1638,1638,0
move_toward_frontier_astar,4,10,10,4,367776961,3166742020,1587198119,759788228,1874364848,0,comb,0.54,0.54,46,True,1.0,21,1500,4,16,19,21,80,0,4,0.7362637362637363,True,0.0,126,126,0,1656,1656,0
move_toward_unknown_bfs,4,10,10,2,2001025171,2240297063,1311118443,2854122131,3141116543,0,nested_rooms,0.31,0.31,69,False,0.9855072463768116,1500,1500,5,20,23,,92,0,5908,0.5050505050505051,True,0.0,159,159,0,1890,1890,0
move_toward_unknown_bfs,2,10,10,0,3757552657,673228719,3241444873,3685993406,2968811710,0,comb,0.54,0.54,46,True,1.0,57,1500,22,53,55,57,114,0,0,0.6043956043956044,True,0.0,43,43,0,600,600,0
move_toward_unknown_bfs,2,10,10,2,2001025171,2240297063,1311118443,2854122131,3141116543,0,comb,0.54,0.54,46,True,1.0,41,1500,8,27,28,41,82,0,0,0.13043478260869565,True,0.0,43,43,0,552,552,0
move_toward_unknown_bfs,2,10,10,1,1641411168,1454127163,2749604155,3056722145,3964924996,0,comb,0.54,0.54,46,True,1.0,48,1500,8,31,33,48,96,0,0,0.358695652173913,True,0.0,44,44,0,552,552,0
move_toward_unknown_bfs,2,10,10,4,367776961,3166742020,1587198119,759788228,1874364848,0,comb,0.54,0.54,46,True,1.0,60,1500,10,40,58,60,120,0,0,0.6813186813186813,True,0.0,43,43,0,546,546,0
move_toward_unknown_bfs,4,10,10,0,3757552657,673228719,3241444873,3685993406,2968811710,0,comb,0.54,0.54,46,True,1.0,19,1500,3,12,14,19,76,0,0,0.4175824175824176,True,0.0,126,126,0,1638,1638,0
move_toward_unknown_bfs,4,10,10,1,1641411168,1454127163,2749604155,3056722145,3964924996,0,comb,0.54,0.54,46,True,1.0,21,1500,4,17,19,21,84,0,0,0.8478260869565217,True,0.0,129,129,0,1746,1746,0
move_toward_unknown_bfs,4,10,10,2,2001025171,2240297063,1311118443,2854122131,3141116543,0,comb,0.54,0.54,46,True,1.0,28,1500,4,16,17,28,98,0,14,0.9230769230769231,True,0.0,129,129,0,1692,1692,0
move_toward_unknown_bfs,4,10,10,3,819382448,1645421708,3451799802,118549108,2613022947,0,comb,0.54,0.54,46,True,1.0,18,1500,4,16,17,18,56,0,16,0.33707865168539325,True,0.0,123,123,0,1620,1620,0
move_toward_unknown_bfs,4,10,10,4,367776961,3166742020,1587198119,759788228,1874364848,0,comb,0.54,0.54,46,True,1.0,21,1500,4,14,19,21,84,0,0,0.7582417582417582,True,0.0,126,126,0,1674,1674,0
coordinated_frontier_greedy,2,10,10,0,3757552657,673228719,3241444873,3685993406,2968811710,0,comb,0.54,0.54,46,True,1.0,37,1500,9,33,35,37,74,0,0,0.37362637362637363,True,0.0,43,43,0,588,588,0
move_toward_unknown_bfs,2,10,10,3,819382448,1645421708,3451799802,118549108,2613022947,0,comb,0.54,0.54,46,False,0.45652173913043476,1500,1500,,,,,16,0,2984,0.17391304347826086,True,0.0,18,18,0,282,282,0
coordinated_frontier_greedy,2,10,10,1,1641411168,1454127163,2749604155,3056722145,3964924996,0,comb,0.54,0.54,46,True,1.0,44,1500,9,31,33,44,88,0,0,0.34782608695652173,True,0.0,45,45,0,552,552,0
coordinated_frontier_greedy,2,10,10,2,2001025171,2240297063,1311118443,2854122131,3141116543,0,comb,0.54,0.54,46,True,1.0,41,1500,9,28,30,41,82,0,0,0.09782608695652174,True,0.0,44,44,0,552,552,0
coordinated_frontier_greedy,2,10,10,4,367776961,3166742020,1587198119,759788228,1874364848,0,comb,0.54,0.54,46,True,1.0,42,1500,9,35,40,42,84,0,0,0.34782608695652173,True,0.0,43,43,0,552,552,0
move_toward_frontier_astar,2,10,10,3,819382448,1645421708,3451799802,118549108,2613022947,0,comb,0.54,0.54,46,False,0.45652173913043476,1500,1500,,,,,16,0,2984,0.17391304347826086,True,0.0,18,18,0,282,282,0
coordinated_frontier_greedy,4,10,10,0,3757552657,673228719,3241444873,3685993406,2968811710,0,comb,0.54,0.54,46,True,1.0,18,1500,3,13,15,18,72,0,0,0.3626373626373626,True,0.0,126,126,0,1638,1638,0
coordinated_frontier_greedy,4,10,10,2,2001025171,2240297063,1311118443,2854122131,3141116543,0,comb,0.54,0.54,46,True,1.0,18,1500,4,14,16,18,72,0,0,0.5714285714285714,True,0.0,132,132,0,1692,1692,0
coordinated_frontier_greedy,4,10,10,3,819382448,1645421708,3451799802,118549108,2613022947,0,comb,0.54,0.54,46,True,1.0,15,1500,4,12,13,15,60,0,0,0.36666666666666664,True,0.0,129,129,0,1620,1620,0
coordinated_frontier_greedy,4,10,10,4,367776961,3166742020,1587198119,759788228,1874364848,0,comb,0.54,0.54,46,True,1.0,19,1500,4,16,17,19,76,0,0,0.6923076923076923,True,0.0,126,126,0,1656,1656,0
coordinated_frontier_hungarian,2,10,10,0,3757552657,673228719,3241444873,3685993406,2968811710,0,comb,0.54,0.54,46,True,1.0,37,1500,9,33,35,37,74,0,0,0.37362637362637363,True,0.0,43,43,0,588,588,0
coordinated_frontier_hungarian,2,10,10,1,1641411168,1454127163,2749604155,3056722145,3964924996,0,comb,0.54,0.54,46,True,1.0,42,1500,9,38,40,42,84,0,0,0.2717391304347826,True,0.0,45,45,0,552,552,0
coordinated_frontier_hungarian,2,10,10,2,2001025171,2240297063,1311118443,2854122131,3141116543,0,comb,0.54,0.54,46,True,1.0,41,1500,9,28,30,41,82,0,0,0.09782608695652174,True,0.0,44,44,0,552,552,0
move_toward_frontier_astar,4,10,10,1,1641411168,1454127163,2749604155,3056722145,3964924996,0,comb,0.54,0.54,46,False,0.9565217391304348,1500,1500,5,49,51,,77,0,5923,0.38202247191011235,True,0.0,126,126,0,1710,1710,0
coordinated_frontier_hungarian,2,10,10,4,367776961,3166742020,1587198119,759788228,1874364848,0,comb,0.54,0.54,46,True,1.0,40,1500,9,36,38,40,80,0,0,0.21739130434782608,True,0.0,43,43,0,552,552,0
coordinated_frontier_hungarian,4,10,10,0,3757552657,673228719,3241444873,3685993406,2968811710,0,comb,0.54,0.54,46,True,1.0,18,1500,3,13,15,18,72,0,0,0.3626373626373626,True,0.0,126,126,0,1638,1638,0
coordinated_frontier_hungarian,4,10,10,1,1641411168,1454127163,2749604155,3056722145,3964924996,0,comb,0.54,0.54,46,True,1.0,17,1500,5,13,15,17,68,0,0,0.6195652173913043,True,0.0,135,135,0,1764,1764,0
coordinated_frontier_hungarian,4,10,10,2,2001025171,2240297063,1311118443,2854122131,3141116543,0,comb,0.54,0.54,46,True,1.0,19,1500,4,13,14,19,76,0,0,0.4065934065934066,True,0.0,132,132,0,1710,1710,0
coordinated_frontier_hungarian,4,10,10,3,819382448,1645421708,3451799802,118549108,2613022947,0,comb,0.54,0.54,46,True,1.0,26,1500,3,11,12,26,104,0,0,0.6956521739130435,True,0.0,126,126,0,1656,1656,0
coordinated_frontier_hungarian,4,10,10,4,367776961,3166742020,1587198119,759788228,1874364848,0,comb,0.54,0.54,46,True,1.0,19,1500,4,14,17,19,76,0,0,0.6373626373626373,True,0.0,126,126,0,1674,1674,0
move_toward_frontier_astar,2,10,10,0,3757552657,673228719,3241444873,3685993406,2968811710,0,u_trap,0.16,0.16,84,True,1.0,48,1500,14,42,44,48,96,0,0,0.55,True,0.0,62,62,0,600,600,0
move_toward_frontier_astar,2,10,10,1,1641411168,1454127163,2749604155,3056722145,3964924996,0,u_trap,0.16,0.16,84,True,1.0,47,1500,13,32,33,47,94,0,0,0.44,True,0.0,62,62,0,606,606,0
move_toward_frontier_astar,2,10,10,2,2001025171,2240297063,1311118443,2854122131,3141116543,0,u_trap,0.16,0.16,84,True,1.0,45,1500,13,30,32,45,90,0,0,0.54,True,0.0,64,64,0,600,600,0
coordinated_frontier_hungarian,4,10,10,3,819382448,1645421708,3451799802,118549108,2613022947,0,bottleneck,0.09,0.09,91,False,0.8571428571428571,1500,1500,5,,,,62,0,5938,0.4883720930232558,True,0.0,180,180,0,1764,1764,0
move_toward_frontier_astar,2,10,10,4,367776961,3166742020,1587198119,759788228,1874364848,0,u_trap,0.16,0.16,84,True,1.0,46,1500,13,38,42,46,92,0,0,0.87,True,0.0,56,56,0,600,600,0
coordinated_frontier_greedy,2,10,10,3,819382448,1645421708,3451799802,118549108,2613022947,0,comb,0.54,0.54,46,False,0.9782608695652174,1500,1500,10,21,22,,68,0,2932,0.10989010989010989,True,0.0,44,44,0,552,552,0
move_toward_frontier_astar,4,10,10,1,1641411168,1454127163,2749604155,3056722145,3964924996,0,u_trap,0.16,0.16,84,True,1.0,27,1500,8,22,24,27,86,0,22,1.16,True,0.0,165,165,0,1836,1836,0
move_toward_frontier_astar,4,10,10,2,2001025171,2240297063,1311118443,2854122131,3141116543,0,u_trap,0.16,0.16,84,True,1.0,24,1500,7,17,21,24,88,0,8,0.72,True,0.0,168,168,0,1818,1818,0
coordinated_frontier_hungarian,2,10,10,3,819382448,1645421708,3451799802,118549108,2613022947,0,comb,0.54,0.54,46,False,0.9782608695652174,1500,1500,10,21,22,,68,0,2932,0.10989010989010989,True,0.0,44,44,0,552,552,0
move_toward_frontier_astar,4,10,10,4,367776961,3166742020,1587198119,759788228,1874364848,0,u_trap,0.16,0.16,84,True,1.0,45,1500,4,34,37,45,151,0,29,1.92,True,0.0,150,150,0,1998,1998,0
move_toward_unknown_bfs,2,10,10,0,3757552657,673228719,3241444873,3685993406,2968811710,0,u_trap,0.16,0.16,84,True,1.0,32,1500,12,30,31,32,64,0,0,0.21,True,0.0,57,57,0,600,600,0
move_toward_unknown_bfs,2,10,10,1,1641411168,1454127163,2749604155,3056722145,3964924996,0,u_trap,0.16,0.16,84,True,1.0,27,1500,14,24,25,27,54,0,0,0.09,True,0.0,54,54,0,612,612,0
move_toward_unknown_bfs,2,10,10,2,2001025171,2240297063,1311118443,2854122131,3141116543,0,u_trap,0.16,0.16,84,True,1.0,43,1500,10,39,41,43,86,0,0,0.7,True,0.0,58,58,0,600,600,0
move_toward_unknown_bfs,2,10,10,3,819382448,1645421708,3451799802,118549108,2613022947,0,u_trap,0.16,0.16,84,True,1.0,41,1500,12,23,24,41,82,0,0,0.41,True,0.0,52,52,0,648,648,0
move_toward_frontier_astar,2,10,10,3,819382448,1645421708,3451799802,118549108,2613022947,0,u_trap,0.16,0.16,84,False,0.7261904761904762,1500,1500,9,,,,28,0,2972,0.05194805194805195,True,0.0,30,30,0,480,480,0
move_toward_unknown_bfs,2,10,10,4,367776961,3166742020,1587198119,759788228,1874364848,0,u_trap,0.16,0.16,84,True,1.0,53,1500,20,49,50,53,106,0,0,0.85,True,0.0,62,62,0,600,600,0
move_toward_unknown_bfs,4,10,10,0,3757552657,673228719,3241444873,3685993406,2968811710,0,u_trap,0.16,0.16,84,True,1.0,21,1500,4,18,19,21,84,0,0,0.65,True,0.0,147,147,0,1836,1836,0
move_toward_unknown_bfs,4,10,10,2,2001025171,2240297063,1311118443,2854122131,3141116543,0,u_trap,0.16,0.16,84,True,1.0,40,1500,5,36,38,40,79,0,81,0.48,True,0.0,171,171,0,1818,1818,0
move_toward_unknown_bfs,4,10,10,3,819382448,1645421708,3451799802,118549108,2613022947,0,u_trap,0.16,0.16,84,True,1.0,35,1500,6,28,30,35,84,0,56,0.6,True,0.0,183,183,0,1872,1872,0
move_toward_unknown_bfs,4,10,10,4,367776961,3166742020,1587198119,759788228,1874364848,0,u_trap,0.16,0.16,84,True,1.0,39,1500,6,27,29,39,83,0,73,0.45,True,0.0,147,147,0,2016,2016,0
coordinated_frontier_greedy,2,10,10,0,3757552657,673228719,3241444873,3685993406,2968811710,0,u_trap,0.16,0.16,84,True,1.0,47,1500,14,41,43,47,94,0,0,0.48,True,0.0,63,63,0,600,600,0
move_toward_unknown_bfs,4,10,10,1,1641411168,1454127163,2749604155,3056722145,3964924996,0,u_trap,0.16,0.16,84,False,0.4523809523809524,1500,1500,,,,,12,0,5988,0.06818181818181818,True,0.0,48,48,0,810,810,0
coordinated_frontier_greedy,2,10,10,2,2001025171,2240297063,1311118443,2854122131,3141116543,0,u_trap,0.16,0.16,84,True,1.0,45,1500,13,30,32,45,90,0,0,0.54,True,0.0,64,64,0,600,600,0
move_toward_frontier_astar,4,10,10,0,3757552657,673228719,3241444873,3685993406,2968811710,0,u_trap,0.16,0.16,84,False,0.6904761904761905,1500,1500,4,,,,83,0,5917,1.3150684931506849,True,0.0,102,102,0,1332,1332,0
coordinated_frontier_greedy,2,10,10,4,367776961,3166742020,1587198119,759788228,1874364848,0,u_trap,0.16,0.16,84,True,1.0,40,1500,13,34,36,40,80,0,0,0.38,True,0.0,58,58,0,600,600,0
coordinated_frontier_greedy,4,10,10,0,3757552657,673228719,3241444873,3685993406,2968811710,0,u_trap,0.16,0.16,84,True,1.0,22,1500,4,19,20,22,88,0,0,0.7,True,0.0,162,162,0,1818,1818,0
coordinated_frontier_greedy,4,10,10,1,1641411168,1454127163,2749604155,3056722145,3964924996,0,u_trap,0.16,0.16,84,True,1.0,25,1500,7,18,20,25,94,0,6,0.74,True,0.0,159,159,0,1872,1872,0
coordinated_frontier_greedy,4,10,10,2,2001025171,2240297063,1311118443,2854122131,3141116543,0,u_trap,0.16,0.16,84,True,1.0,27,1500,5,19,23,27,92,0,16,0.8,True,0.0,177,177,0,1836,1836,0
coordinated_frontier_greedy,4,10,10,3,819382448,1645421708,3451799802,118549108,2613022947,0,u_trap,0.16,0.16,84,True,1.0,19,1500,4,15,17,19,76,0,0,0.49,True,0.0,165,165,0,1872,1872,0
coordinated_frontier_greedy,4,10,10,4,367776961,3166742020,1587198119,759788228,1874364848,0,u_trap,0.16,0.16,84,True,1.0,41,1500,4,17,36,41,112,0,52,1.0,True,0.0,159,159,0,2088,2088,0
coordinated_frontier_hungarian,2,10,10,0,3757552657,673228719,3241444873,3685993406,2968811710,0,u_trap,0.16,0.16,84,True,1.0,47,1500,14,43,45,47,94,0,0,0.53,True,0.0,64,64,0,600,600,0
coordinated_frontier_hungarian,2,10,10,1,1641411168,1454127163,2749604155,3056722145,3964924996,0,u_trap,0.16,0.16,84,True,1.0,45,1500,13,32,33,45,90,0,0,0.37,True,0.0,62,62,0,606,606,0
coordinated_frontier_hungarian,2,10,10,2,2001025171,2240297063,1311118443,2854122131,3141116543,0,u_trap,0.16,0.16,84,True,1.0,45,1500,13,30,32,45,90,0,0,0.57,True,0.0,64,64,0,600,600,0
move_toward_frontier_astar,4,10,10,3,819382448,1645421708,3451799802,118549108,2613022947,0,u_trap,0.16,0.16,84,False,0.9642857142857143,1500,1500,4,15,19,,62,0,5938,0.5876288659793815,True,0.0,153,153,0,1782,1782,0
coordinated_frontier_hungarian,2,10,10,4,367776961,3166742020,1587198119,759788228,1874364848,0,u_trap,0.16,0.16,84,True,1.0,38,1500,12,30,32,38,76,0,0,0.45,True,0.0,53,53,0,600,600,0
coordinated_frontier_hungarian,4,10,10,0,3757552657,673228719,3241444873,3685993406,2968811710,0,u_trap,0.16,0.16,84,True,1.0,20,1500,4,17,18,20,80,0,0,0.5353535353535354,True,0.0,153,153,0,1818,1818,0
coordinated_frontier_hungarian,4,10,10,1,1641411168,1454127163,2749604155,3056722145,3964924996,0,u_trap,0.16,0.16,84,True,1.0,19,1500,7,16,17,19,74,0,2,0.54,True,0.0,186,186,0,2106,2106,0
coordinated_frontier_hungarian,4,10,10,2,2001025171,2240297063,1311118443,2854122131,3141116543,0,u_trap,0.16,0.16,84,True,1.0,25,1500,5,18,20,25,90,0,10,0.54,True,0.0,168,168,0,1854,1854,0
coordinated_frontier_hungarian,4,10,10,3,819382448,1645421708,3451799802,118549108,2613022947,0,u_trap,0.16,0.16,84,True,1.0,17,1500,4,14,15,17,68,0,0,0.26,True,0.0,156,156,0,1854,1854,0
coordinated_frontier_greedy,4,10,10,1,1641411168,1454127163,2749604155,3056722145,3964924996,0,comb,0.54,0.54,46,False,0.9565217391304348,1500,1500,5,49,51,,77,0,5923,0.38202247191011235,True,0.0,126,126,0,1710,1710,0
coordinated_frontier_hungarian,4,10,10,4,367776961,3166742020,1587198119,759788228,1874364848,0,u_trap,0.16,0.16,84,True,1.0,38,1500,4,17,36,38,98,0,54,0.87,True,0.0,159,159,0,2088,2088,0
move_toward_frontier_astar,2,10,10,0,3757552657,673228719,3241444873,3685993406,2968811710,0,central_block,0.16,0.16,84,True,1.0,46,1500,24,43,44,46,92,0,0,0.6354166666666666,True,0.0,64,64,0,588,588,0
move_toward_frontier_astar,2,10,10,2,2001025171,2240297063,1311118443,2854122131,3141116543,0,central_block,0.16,0.16,84,True,1.0,45,1500,13,39,41,45,90,0,0,0.625,True,0.0,64,64,0,576,576,0
coordinated_frontier_greedy,2,10,10,1,1641411168,1454127163,2749604155,3056722145,3964924996,0,u_trap,0.16,0.16,84,False,0.9880952380952381,1500,1500,13,32,33,,76,0,2924,0.2727272727272727,True,0.0,61,61,0,600,600,0
coordinated_frontier_greedy,2,10,10,3,819382448,1645421708,3451799802,118549108,2613022947,0,u_trap,0.16,0.16,84,False,0.9880952380952381,1500,1500,9,21,23,,78,0,2922,0.494949494949495,True,0.0,53,53,0,648,648,0
move_toward_frontier_astar,4,10,10,0,3757552657,673228719,3241444873,3685993406,2968811710,0,central_block,0.16,0.16,84,True,1.0,25,1500,5,18,22,25,82,0,18,0.7708333333333334,True,0.0,153,153,0,1800,1800,0
move_toward_frontier_astar,4,10,10,1,1641411168,1454127163,2749604155,3056722145,3964924996,0,central_block,0.16,0.16,84,True,1.0,21,1500,4,17,19,21,56,0,28,0.22105263157894736,True,0.0,159,159,0,1746,1746,0
move_toward_frontier_astar,2,10,10,4,367776961,3166742020,1587198119,759788228,1874364848,0,central_block,0.16,0.16,84,False,0.25,1500,1500,,,,,10,0,2990,0.5714285714285714,True,0.0,12,12,0,168,168,0
move_toward_frontier_astar,2,10,10,1,1641411168,1454127163,2749604155,3056722145,3964924996,0,central_block,0.16,0.16,84,False,0.8809523809523809,1500,1500,13,,,,56,0,2944,0.23255813953488372,True,0.0,53,53,0,528,528,0
move_toward_frontier_astar,2,10,10,3,819382448,1645421708,3451799802,118549108,2613022947,0,central_block,0.16,0.16,84,False,0.9880952380952381,1500,1500,9,28,30,,62,0,2938,0.17894736842105263,True,0.0,55,55,0,594,594,0
move_toward_unknown_bfs,2,10,10,0,3757552657,673228719,3241444873,3685993406,2968811710,0,central_block,0.16,0.16,84,True,1.0,36,1500,16,32,34,36,72,0,0,0.5263157894736842,True,0.0,58,58,0,582,582,0
move_toward_unknown_bfs,2,10,10,1,1641411168,1454127163,2749604155,3056722145,3964924996,0,central_block,0.16,0.16,84,False,0.40476190476190477,1500,1500,,,,,16,0,2984,0.02564102564102564,True,0.0,18,18,0,240,240,0
move_toward_unknown_bfs,2,10,10,2,2001025171,2240297063,1311118443,2854122131,3141116543,0,central_block,0.16,0.16,84,True,1.0,50,1500,18,37,39,50,100,0,0,0.71875,True,0.0,60,60,0,576,576,0
coordinated_frontier_hungarian,2,10,10,3,819382448,1645421708,3451799802,118549108,2613022947,0,u_trap,0.16,0.16,84,False,0.9880952380952381,1500,1500,9,21,23,,78,0,2922,0.494949494949495,True,0.0,53,53,0,648,648,0
move_toward_unknown_bfs,2,10,10,3,819382448,1645421708,3451799802,118549108,2613022947,0,central_block,0.16,0.16,84,False,0.9880952380952381,1500,1500,12,29,33,,68,0,2932,0.18947368421052632,True,0.0,57,57,0,588,588,0
move_toward_unknown_bfs,4,10,10,0,3757552657,673228719,3241444873,3685993406,2968811710,0,central_block,0.16,0.16,84,True,1.0,42,1500,5,20,23,42,70,0,98,0.23404255319148937,True,0.0,162,162,0,1764,1764,0
move_toward_unknown_bfs,2,10,10,4,367776961,3166742020,1587198119,759788228,1874364848,0,central_block,0.16,0.16,84,False,0.25,1500,1500,,,,,10,0,2990,0.5714285714285714,True,0.0,12,12,0,168,168,0
move_toward_unknown_bfs,4,10,10,2,2001025171,2240297063,1311118443,2854122131,3141116543,0,central_block,0.16,0.16,84,True,1.0,49,1500,3,33,39,49,61,0,135,0.14893617021276595,True,0.0,150,150,0,1710,1710,0
move_toward_unknown_bfs,4,10,10,1,1641411168,1454127163,2749604155,3056722145,3964924996,0,central_block,0.16,0.16,84,False,0.9047619047619048,1500,1500,3,17,,,56,0,5944,0.5232558139534884,True,0.0,132,132,0,1638,1638,0
move_toward_unknown_bfs,4,10,10,4,367776961,3166742020,1587198119,759788228,1874364848,0,central_block,0.16,0.16,84,True,1.0,18,1500,4,14,16,18,72,0,0,0.37894736842105264,True,0.0,198,198,0,1800,1800,0
coordinated_frontier_greedy,2,10,10,0,3757552657,673228719,3241444873,3685993406,2968811710,0,central_block,0.16,0.16,84,True,1.0,34,1500,14,28,32,34,68,0,0,0.20833333333333334,True,0.0,65,65,0,588,588,0
move_toward_frontier_astar,4,10,10,2,2001025171,2240297063,1311118443,2854122131,3141116543,0,central_block,0.16,0.16,84,False,0.9880952380952381,1500,1500,4,17,18,,69,0,5931,0.6421052631578947,True,0.0,168,168,0,1728,1728,0
coordinated_frontier_greedy,2,10,10,2,2001025171,2240297063,1311118443,2854122131,3141116543,0,central_block,0.16,0.16,84,True,1.0,36,1500,12,29,33,36,72,0,0,0.28125,True,0.0,61,61,0,576,576,0
coordinated_frontier_greedy,2,10,10,3,819382448,1645421708,3451799802,118549108,2613022947,0,central_block,0.16,0.16,84,True,1.0,33,1500,9,28,30,33,66,0,0,0.20833333333333334,True,0.0,57,57,0,606,606,0
move_toward_frontier_astar,4,10,10,3,819382448,1645421708,3451799802,118549108,2613022947,0,central_block,0.16,0.16,84,False,0.9761904761904762,1500,1500,4,15,18,,82,0,5918,0.8085106382978723,True,0.0,168,168,0,1782,1782,0
move_toward_frontier_astar,4,10,10,4,367776961,3166742020,1587198119,759788228,1874364848,0,central_block,0.16,0.16,84,False,0.9166666666666666,1500,1500,5,16,,,72,0,5928,0.7241379310344828,True,0.0,168,168,0,1656,1656,0
coordinated_frontier_greedy,4,10,10,0,3757552657,673228719,3241444873,3685993406,2968811710,0,central_block,0.16,0.16,84,True,1.0,19,1500,4,15,17,19,76,0,0,0.6875,True,0.0,171,171,0,1980,1980,0
coordinated_frontier_greedy,4,10,10,1,1641411168,1454127163,2749604155,3056722145,3964924996,0,central_block,0.16,0.16,84,True,1.0,21,1500,4,17,19,21,72,0,12,0.46875,True,0.0,165,165,0,1782,1782,0
coordinated_frontier_greedy,4,10,10,3,819382448,1645421708,3451799802,118549108,2613022947,0,central_block,0.16,0.16,84,True,1.0,22,1500,4,15,19,22,86,0,2,0.8020833333333334,True,0.0,183,183,0,1872,1872,0
coordinated_frontier_greedy,4,10,10,2,2001025171,2240297063,1311118443,2854122131,3141116543,0,central_block,0.16,0.16,84,True,1.0,29,1500,4,19,22,29,98,0,18,1.03125,True,0.0,165,165,0,1764,1764,0
coordinated_frontier_hungarian,2,10,10,0,3757552657,673228719,3241444873,3685993406,2968811710,0,central_block,0.16,0.16,84,True,1.0,35,1500,18,30,33,35,70,0,0,0.4479166666666667,True,0.0,60,60,0,588,588,0
coordinated_frontier_greedy,4,10,10,4,367776961,3166742020,1587198119,759788228,1874364848,0,central_block,0.16,0.16,84,True,1.0,20,1500,5,15,17,20,80,0,0,0.71875,True,0.0,177,177,0,1818,1818,0
coordinated_frontier_hungarian,2,10,10,2,2001025171,2240297063,1311118443,2854122131,3141116543,0,central_block,0.16,0.16,84,True,1.0,34,1500,12,29,31,34,68,0,0,0.25,True,0.0,59,59,0,576,576,0
coordinated_frontier_hungarian,2,10,10,3,819382448,1645421708,3451799802,118549108,2613022947,0,central_block,0.16,0.16,84,True,1.0,33,1500,9,28,30,33,66,0,0,0.20833333333333334,True,0.0,57,57,0,606,606,0
coordinated_frontier_hungarian,2,10,10,4,367776961,3166742020,1587198119,759788228,1874364848,0,central_block,0.16,0.16,84,True,1.0,38,1500,13,31,34,38,76,0,0,0.5729166666666666,True,0.0,74,74,0,720,720,0
move_toward_unknown_bfs,4,10,10,3,819382448,1645421708,3451799802,118549108,2613022947,0,central_block,0.16,0.16,84,False,0.9642857142857143,1500,1500,4,17,18,,78,0,5922,0.6989247311827957,True,0.0,165,165,0,1764,1764,0
coordinated_frontier_hungarian,4,10,10,0,3757552657,673228719,3241444873,3685993406,2968811710,0,central_block,0.16,0.16,84,True,1.0,18,1500,4,15,16,18,72,0,0,0.6526315789473685,True,0.0,168,168,0,1980,1980,0
coordinated_frontier_hungarian,4,10,10,1,1641411168,1454127163,2749604155,3056722145,3964924996,0,central_block,0.16,0.16,84,True,1.0,19,1500,4,17,18,19,72,0,4,0.6421052631578947,True,0.0,177,177,0,1926,1926,0
coordinated_frontier_hungarian,4,10,10,2,2001025171,2240297063,1311118443,2854122131,3141116543,0,central_block,0.16,0.16,84,True,1.0,19,1500,4,16,17,19,72,0,4,0.5208333333333334,True,0.0,174,174,0,1764,1764,0
coordinated_frontier_hungarian,4,10,10,3,819382448,1645421708,3451799802,118549108,2613022947,0,central_block,0.16,0.16,84,True,1.0,20,1500,4,16,18,20,80,0,0,0.7604166666666666,True,0.0,198,198,0,1998,1998,0
coordinated_frontier_hungarian,4,10,10,4,367776961,3166742020,1587198119,759788228,1874364848,0,central_block,0.16,0.16,84,True,1.0,19,1500,5,15,17,19,76,0,0,0.6666666666666666,True,0.0,174,174,0,1818,1818,0
move_toward_frontier_astar,2,10,10,1,1641411168,1454127163,2749604155,3056722145,3964924996,0,pillars,0.09,0.09,91,True,1.0,31,1500,13,28,30,31,62,0,0,0.13,True,0.0,63,63,0,600,600,0
move_toward_frontier_astar,2,10,10,2,2001025171,2240297063,1311118443,2854122131,3141116543,0,pillars,0.09,0.09,91,True,1.0,42,1500,16,36,40,42,84,0,0,0.62,True,0.0,68,68,0,600,600,0
move_toward_frontier_astar,2,10,10,3,819382448,1645421708,3451799802,118549108,2613022947,0,pillars,0.09,0.09,91,True,1.0,29,1500,8,24,28,29,58,0,0,0.14,True,0.0,53,53,0,600,600,0
move_toward_frontier_astar,2,10,10,4,367776961,3166742020,1587198119,759788228,1874364848,0,pillars,0.09,0.09,91,True,1.0,36,1500,13,31,33,36,72,0,0,0.32,True,0.0,65,65,0,600,600,0
move_toward_frontier_astar,4,10,10,0,3757552657,673228719,3241444873,3685993406,2968811710,0,pillars,0.09,0.09,91,True,1.0,32,1500,6,28,30,32,78,0,50,0.78,True,0.0,186,186,0,1908,1908,0
move_toward_frontier_astar,2,10,10,0,3757552657,673228719,3241444873,3685993406,2968811710,0,pillars,0.09,0.09,91,False,0.4065934065934066,1500,1500,,,,,22,0,2978,0.4,True,0.0,20,20,0,264,264,0
move_toward_frontier_astar,4,10,10,2,2001025171,2240297063,1311118443,2854122131,3141116543,0,pillars,0.09,0.09,91,True,1.0,32,1500,5,21,28,32,89,0,39,1.01,True,0.0,177,177,0,1800,1800,0
move_toward_frontier_astar,4,10,10,3,819382448,1645421708,3451799802,118549108,2613022947,0,pillars,0.09,0.09,91,True,1.0,19,1500,5,16,18,19,76,0,0,0.84,True,0.0,186,186,0,1800,1800,0
coordinated_frontier_greedy,2,10,10,4,367776961,3166742020,1587198119,759788228,1874364848,0,central_block,0.16,0.16,84,False,0.25,1500,1500,,,,,10,0,2990,0.5714285714285714,True,0.0,12,12,0,168,168,0
coordinated_frontier_greedy,2,10,10,1,1641411168,1454127163,2749604155,3056722145,3964924996,0,central_block,0.16,0.16,84,False,0.8809523809523809,1500,1500,13,,,,54,0,2946,0.20930232558139536,True,0.0,53,53,0,528,528,0
move_toward_unknown_bfs,2,10,10,1,1641411168,1454127163,2749604155,3056722145,3964924996,0,pillars,0.09,0.09,91,True,1.0,30,1500,9,23,26,30,60,0,0,0.08,True,0.0,56,56,0,600,600,0
move_toward_unknown_bfs,2,10,10,2,2001025171,2240297063,1311118443,2854122131,3141116543,0,pillars,0.09,0.09,91,True,1.0,37,1500,14,32,34,37,74,0,0,0.4,True,0.0,65,65,0,600,600,0
move_toward_unknown_bfs,2,10,10,3,819382448,1645421708,3451799802,118549108,2613022947,0,pillars,0.09,0.09,91,True,1.0,31,1500,8,27,29,31,62,0,0,0.17,True,0.0,53,53,0,600,600,0
move_toward_unknown_bfs,2,10,10,4,367776961,3166742020,1587198119,759788228,1874364848,0,pillars,0.09,0.09,91,True,1.0,35,1500,13,25,27,35,70,0,0,0.08,True,0.0,60,60,0,600,600,0
move_toward_unknown_bfs,4,10,10,0,3757552657,673228719,3241444873,3685993406,2968811710,0,pillars,0.09,0.09,91,True,1.0,20,1500,7,16,18,20,74,0,6,0.7,True,0.0,174,174,0,1944,1944,0
move_toward_unknown_bfs,4,10,10,1,1641411168,1454127163,2749604155,3056722145,3964924996,0,pillars,0.09,0.09,91,True,1.0,21,1500,9,17,18,21,70,0,14,0.56,True,0.0,171,171,0,1890,1890,0
move_toward_unknown_bfs,4,10,10,2,2001025171,2240297063,1311118443,2854122131,3141116543,0,pillars,0.09,0.09,91,True,1.0,17,1500,4,13,15,17,66,0,2,0.27,True,0.0,171,171,0,1890,1890,0
move_toward_unknown_bfs,4,10,10,3,819382448,1645421708,3451799802,118549108,2613022947,0,pillars,0.09,0.09,91,True,1.0,28,1500,7,23,26,28,79,0,33,0.97,True,0.0,183,183,0,1818,1818,0
move_toward_unknown_bfs,2,10,10,0,3757552657,673228719,3241444873,3685993406,2968811710,0,pillars,0.09,0.09,91,False,0.21978021978021978,1500,1500,,,,,8,0,2992,0.2727272727272727,True,0.0,10,10,0,150,150,0
coordinated_frontier_greedy,2,10,10,0,3757552657,673228719,3241444873,3685993406,2968811710,0,pillars,0.09,0.09,91,True,1.0,36,1500,17,30,34,36,72,0,0,0.29,True,0.0,65,65,0,654,654,0
coordinated_frontier_greedy,2,10,10,1,1641411168,1454127163,2749604155,3056722145,3964924996,0,pillars,0.09,0.09,91,True,1.0,31,1500,13,28,30,31,62,0,0,0.11,True,0.0,63,63,0,600,600,0
coordinated_frontier_greedy,2,10,10,2,2001025171,2240297063,1311118443,2854122131,3141116543,0,pillars,0.09,0.09,91,True,1.0,34,1500,13,31,32,34,68,0,0,0.22,True,0.0,65,65,0,600,600,0
coordinated_frontier_greedy,2,10,10,3,819382448,1645421708,3451799802,118549108,2613022947,0,pillars,0.09,0.09,91,True,1.0,29,1500,8,24,28,29,58,0,0,0.13,True,0.0,53,53,0,600,600,0
move_toward_unknown_bfs,4,10,10,4,367776961,3166742020,1587198119,759788228,1874364848,0,pillars,0.09,0.09,91,False,0.8791208791208791,1500,1500,4,,,,36,0,5964,0.11235955056179775,True,0.0,120,120,0,1656,1656,0
coordinated_frontier_greedy,2,10,10,4,367776961,3166742020,1587198119,759788228,1874364848,0,pillars,0.09,0.09,91,True,1.0,37,1500,13,30,32,37,74,0,0,0.21,True,0.0,66,66,0,600,600,0
move_toward_frontier_astar,4,10,10,1,1641411168,1454127163,2749604155,3056722145,3964924996,0,pillars,0.09,0.09,91,False,0.5274725274725275,1500,1500,8,,,,28,0,5972,0.5555555555555556,True,0.0,90,90,0,1206,1206,0
coordinated_frontier_greedy,4,10,10,0,3757552657,673228719,3241444873,3685993406,2968811710,0,pillars,0.09,0.09,91,True,1.0,21,1500,9,18,20,21,78,0,6,0.69,True,0.0,198,198,0,1998,1998,0
coordinated_frontier_greedy,4,10,10,1,1641411168,1454127163,2749604155,3056722145,3964924996,0,pillars,0.09,0.09,91,True,1.0,21,1500,6,17,19,21,84,0,0,0.77,True,0.0,213,213,0,2214,2214,0
coordinated_frontier_greedy,4,10,10,2,2001025171,2240297063,1311118443,2854122131,3141116543,0,pillars,0.09,0.09,91,True,1.0,22,1500,5,17,19,22,88,0,0,0.71,True,0.0,195,195,0,1962,1962,0
coordinated_frontier_hungarian,2,10,10,0,3757552657,673228719,3241444873,3685993406,2968811710,0,pillars,0.09,0.09,91,True,1.0,36,1500,16,30,34,36,72,0,0,0.31,True,0.0,67,67,0,672,672,0
coordinated_frontier_greedy,4,10,10,3,819382448,1645421708,3451799802,118549108,2613022947,0,pillars,0.09,0.09,91,True,1.0,26,1500,6,23,24,26,88,0,16,0.94,True,0.0,189,189,0,1908,1908,0
coordinated_frontier_hungarian,2,10,10,1,1641411168,1454127163,2749604155,3056722145,3964924996,0,pillars,0.09,0.09,91,True,1.0,31,1500,13,28,30,31,62,0,0,0.12,True,0.0,63,63,0,600,600,0
coordinated_frontier_hungarian,2,10,10,2,2001025171,2240297063,1311118443,2854122131,3141116543,0,pillars,0.09,0.09,91,True,1.0,37,1500,13,28,30,37,74,0,0,0.31,True,0.0,61,61,0,600,600,0
coordinated_frontier_hungarian,2,10,10,3,819382448,1645421708,3451799802,118549108,2613022947,0,pillars,0.09,0.09,91,True,1.0,29,1500,8,24,28,29,58,0,0,0.13,True,0.0,53,53,0,600,600,0
coordinated_frontier_hungarian,2,10,10,1,1641411168,1454127163,2749604155,3056722145,3964924996,0,central_block,0.16,0.16,84,False,0.8809523809523809,1500,1500,13,,,,54,0,2946,0.20930232558139536,True,0.0,53,53,0,528,528,0
coordinated_frontier_hungarian,2,10,10,4,367776961,3166742020,1587198119,759788228,1874364848,0,pillars,0.09,0.09,91,True,1.0,35,1500,13,30,32,35,70,0,0,0.12,True,0.0,66,66,0,600,600,0
coordinated_frontier_hungarian,4,10,10,0,3757552657,673228719,3241444873,3685993406,2968811710,0,pillars,0.09,0.09,91,True,1.0,20,1500,7,16,18,20,80,0,0,0.72,True,0.0,177,177,0,1998,1998,0
coordinated_frontier_hungarian,4,10,10,1,1641411168,1454127163,2749604155,3056722145,3964924996,0,pillars,0.09,0.09,91,True,1.0,21,1500,6,17,19,21,84,0,0,0.8,True,0.0,213,213,0,2196,2196,0
coordinated_frontier_hungarian,4,10,10,2,2001025171,2240297063,1311118443,2854122131,3141116543,0,pillars,0.09,0.09,91,True,1.0,20,1500,5,16,18,20,80,0,0,0.56,True,0.0,171,171,0,1890,1890,0
move_toward_frontier_astar,2,10,10,0,3757552657,673228719,3241444873,3685993406,2968811710,0,dense_pillars,0.25,0.25,75,True,1.0,43,1500,16,37,41,43,86,0,0,0.59,True,0.0,64,64,0,600,600,0
move_toward_frontier_astar,2,10,10,1,1641411168,1454127163,2749604155,3056722145,3964924996,0,dense_pillars,0.25,0.25,75,True,1.0,40,1500,13,28,31,40,80,0,0,0.4,True,0.0,56,56,0,600,600,0
coordinated_frontier_hungarian,4,10,10,3,819382448,1645421708,3451799802,118549108,2613022947,0,pillars,0.09,0.09,91,True,1.0,18,1500,6,16,17,18,72,0,0,0.6262626262626263,True,0.0,168,168,0,1854,1854,0
move_toward_frontier_astar,2,10,10,3,819382448,1645421708,3451799802,118549108,2613022947,0,dense_pillars,0.25,0.25,75,True,1.0,28,1500,8,25,27,28,56,0,0,0.14,True,0.0,49,49,0,600,600,0
move_toward_frontier_astar,2,10,10,2,2001025171,2240297063,1311118443,2854122131,3141116543,0,dense_pillars,0.25,0.25,75,True,1.0,35,1500,14,31,34,35,70,0,0,0.31,True,0.0,57,57,0,600,600,0
move_toward_frontier_astar,2,10,10,4,367776961,3166742020,1587198119,759788228,1874364848,0,dense_pillars,0.25,0.25,75,True,1.0,37,1500,13,31,34,37,74,0,0,0.38,True,0.0,56,56,0,600,600,0
coordinated_frontier_hungarian,4,10,10,4,367776961,3166742020,1587198119,759788228,1874364848,0,pillars,0.09,0.09,91,True,1.0,21,1500,4,14,19,21,70,0,14,0.58,True,0.0,153,153,0,1962,1962,0
move_toward_frontier_astar,4,10,10,0,3757552657,673228719,3241444873,3685993406,2968811710,0,dense_pillars,0.25,0.25,75,True,1.0,32,1500,6,25,27,32,108,0,20,1.23,True,0.0,171,171,0,1854,1854,0
move_toward_frontier_astar,4,10,10,2,2001025171,2240297063,1311118443,2854122131,3141116543,0,dense_pillars,0.25,0.25,75,True,1.0,21,1500,5,18,20,21,82,0,2,0.65,True,0.0,165,165,0,1908,1908,0
move_toward_frontier_astar,4,10,10,1,1641411168,1454127163,2749604155,3056722145,3964924996,0,dense_pillars,0.25,0.25,75,True,1.0,38,1500,10,30,34,38,92,0,60,0.85,True,0.0,171,171,0,1836,1836,0
move_toward_unknown_bfs,2,10,10,0,3757552657,673228719,3241444873,3685993406,2968811710,0,dense_pillars,0.25,0.25,75,True,1.0,37,1500,13,24,34,37,74,0,0,0.24,True,0.0,52,52,0,600,600,0
move_toward_frontier_astar,4,10,10,3,819382448,1645421708,3451799802,118549108,2613022947,0,dense_pillars,0.25,0.25,75,True,1.0,23,1500,5,18,20,23,82,0,10,0.66,True,0.0,180,180,0,1854,1854,0
move_toward_frontier_astar,4,10,10,4,367776961,3166742020,1587198119,759788228,1874364848,0,dense_pillars,0.25,0.25,75,True,1.0,21,1500,4,16,18,21,82,0,2,0.74,True,0.0,153,153,0,1818,1818,0
move_toward_unknown_bfs,2,10,10,1,1641411168,1454127163,2749604155,3056722145,3964924996,0,dense_pillars,0.25,0.25,75,True,1.0,30,1500,9,23,27,30,60,0,0,0.16,True,0.0,51,51,0,600,600,0
move_toward_unknown_bfs,2,10,10,3,819382448,1645421708,3451799802,118549108,2613022947,0,dense_pillars,0.25,0.25,75,True,1.0,32,1500,8,25,29,32,64,0,0,0.26,True,0.0,51,51,0,600,600,0
move_toward_unknown_bfs,2,10,10,2,2001025171,2240297063,1311118443,2854122131,3141116543,0,dense_pillars,0.25,0.25,75,True,1.0,41,1500,13,26,28,41,82,0,0,0.62,True,0.0,53,53,0,600,600,0
move_toward_unknown_bfs,2,10,10,4,367776961,3166742020,1587198119,759788228,1874364848,0,dense_pillars,0.25,0.25,75,True,1.0,34,1500,12,27,31,34,68,0,0,0.36,True,0.0,50,50,0,600,600,0
move_toward_unknown_bfs,4,10,10,2,2001025171,2240297063,1311118443,2854122131,3141116543,0,dense_pillars,0.25,0.25,75,True,1.0,31,1500,5,23,28,31,64,0,60,0.52,True,0.0,147,147,0,1890,1890,0
move_toward_unknown_bfs,4,10,10,0,3757552657,673228719,3241444873,3685993406,2968811710,0,dense_pillars,0.25,0.25,75,True,1.0,29,1500,6,20,22,29,82,0,34,0.44,True,0.0,159,159,0,1836,1836,0
move_toward_unknown_bfs,4,10,10,1,1641411168,1454127163,2749604155,3056722145,3964924996,0,dense_pillars,0.25,0.25,75,True,1.0,36,1500,10,26,29,36,88,0,56,0.71,True,0.0,153,153,0,1818,1818,0
move_toward_unknown_bfs,4,10,10,4,367776961,3166742020,1587198119,759788228,1874364848,0,dense_pillars,0.25,0.25,75,True,1.0,21,1500,4,16,19,21,66,0,18,0.42424242424242425,True,0.0,141,141,0,1782,1782,0
move_toward_unknown_bfs,4,10,10,3,819382448,1645421708,3451799802,118549108,2613022947,0,dense_pillars,0.25,0.25,75,True,1.0,26,1500,4,18,21,26,59,0,45,0.36,True,0.0,156,156,0,1836,1836,0
coordinated_frontier_greedy,2,10,10,0,3757552657,673228719,3241444873,3685993406,2968811710,0,dense_pillars,0.25,0.25,75,True,1.0,38,1500,18,34,36,38,76,0,0,0.3,True,0.0,63,63,0,600,600,0
coordinated_frontier_greedy,2,10,10,1,1641411168,1454127163,2749604155,3056722145,3964924996,0,dense_pillars,0.25,0.25,75,True,1.0,36,1500,13,27,31,36,72,0,0,0.33,True,0.0,55,55,0,600,600,0
coordinated_frontier_greedy,2,10,10,2,2001025171,2240297063,1311118443,2854122131,3141116543,0,dense_pillars,0.25,0.25,75,True,1.0,38,1500,14,32,34,38,76,0,0,0.32,True,0.0,57,57,0,600,600,0
coordinated_frontier_greedy,2,10,10,3,819382448,1645421708,3451799802,118549108,2613022947,0,dense_pillars,0.25,0.25,75,True,1.0,28,1500,8,25,27,28,56,0,0,0.14,True,0.0,49,49,0,600,600,0
coordinated_frontier_greedy,2,10,10,4,367776961,3166742020,1587198119,759788228,1874364848,0,dense_pillars,0.25,0.25,75,True,1.0,41,1500,13,34,38,41,82,0,0,0.42,True,0.0,58,58,0,600,600,0
coordinated_frontier_greedy,4,10,10,0,3757552657,673228719,3241444873,3685993406,2968811710,0,dense_pillars,0.25,0.25,75,True,1.0,28,1500,6,22,24,28,96,0,16,0.87,True,0.0,174,174,0,1872,1872,0
coordinated_frontier_greedy,4,10,10,1,1641411168,1454127163,2749604155,3056722145,3964924996,0,dense_pillars,0.25,0.25,75,True,1.0,28,1500,5,18,19,28,112,0,0,0.97,True,0.0,177,177,0,1890,1890,0
coordinated_frontier_greedy,4,10,10,3,819382448,1645421708,3451799802,118549108,2613022947,0,dense_pillars,0.25,0.25,75,True,1.0,23,1500,5,16,20,23,81,0,11,0.6,True,0.0,180,180,0,1890,1890,0
coordinated_frontier_greedy,4,10,10,4,367776961,3166742020,1587198119,759788228,1874364848,0,dense_pillars,0.25,0.25,75,True,1.0,23,1500,4,16,22,23,74,0,18,0.48,True,0.0,147,147,0,1800,1800,0
coordinated_frontier_hungarian,2,10,10,0,3757552657,673228719,3241444873,3685993406,2968811710,0,dense_pillars,0.25,0.25,75,True,1.0,36,1500,17,32,34,36,72,0,0,0.19,True,0.0,61,61,0,600,600,0
coordinated_frontier_hungarian,2,10,10,1,1641411168,1454127163,2749604155,3056722145,3964924996,0,dense_pillars,0.25,0.25,75,True,1.0,36,1500,13,27,31,36,72,0,0,0.33,True,0.0,55,55,0,600,600,0
coordinated_frontier_hungarian,2,10,10,2,2001025171,2240297063,1311118443,2854122131,3141116543,0,dense_pillars,0.25,0.25,75,True,1.0,37,1500,14,30,32,37,74,0,0,0.24,True,0.0,56,56,0,600,600,0
coordinated_frontier_hungarian,2,10,10,3,819382448,1645421708,3451799802,118549108,2613022947,0,dense_pillars,0.25,0.25,75,True,1.0,28,1500,8,25,27,28,56,0,0,0.14,True,0.0,49,49,0,600,600,0
coordinated_frontier_hungarian,2,10,10,4,367776961,3166742020,1587198119,759788228,1874364848,0,dense_pillars,0.25,0.25,75,True,1.0,39,1500,13,30,36,39,78,0,0,0.41,True,0.0,56,56,0,600,600,0
coordinated_frontier_hungarian,4,10,10,0,3757552657,673228719,3241444873,3685993406,2968811710,0,dense_pillars,0.25,0.25,75,True,1.0,22,1500,6,16,20,22,88,0,0,0.61,True,0.0,159,159,0,1836,1836,0
coordinated_frontier_hungarian,4,10,10,1,1641411168,1454127163,2749604155,3056722145,3964924996,0,dense_pillars,0.25,0.25,75,True,1.0,23,1500,5,20,22,23,92,0,0,0.67,True,0.0,180,180,0,1908,1908,0
coordinated_frontier_hungarian,4,10,10,3,819382448,1645421708,3451799802,118549108,2613022947,0,dense_pillars,0.25,0.25,75,True,1.0,19,1500,5,15,17,19,72,0,4,0.5,True,0.0,171,171,0,1836,1836,0
coordinated_frontier_hungarian,4,10,10,4,367776961,3166742020,1587198119,759788228,1874364848,0,dense_pillars,0.25,0.25,75,True,1.0,24,1500,4,20,22,24,76,0,20,0.46,True,0.0,147,147,0,1800,1800,0
move_toward_frontier_astar,2,10,10,0,3757552657,673228719,3241444873,3685993406,2968811710,0,zigzag,0.32,0.32,68,True,1.0,38,1500,11,32,35,38,76,0,0,0.37373737373737376,True,0.0,56,56,0,594,594,0
move_toward_frontier_astar,4,10,10,4,367776961,3166742020,1587198119,759788228,1874364848,0,pillars,0.09,0.09,91,False,0.8681318681318682,1500,1500,4,,,,39,0,5961,0.21839080459770116,True,0.0,114,114,0,1620,1620,0
move_toward_frontier_astar,2,10,10,2,2001025171,2240297063,1311118443,2854122131,3141116543,0,zigzag,0.32,0.32,68,True,1.0,58,1500,11,52,55,58,116,0,0,0.77,True,0.0,57,57,0,600,600,0
move_toward_frontier_astar,2,10,10,3,819382448,1645421708,3451799802,118549108,2613022947,0,zigzag,0.32,0.32,68,True,1.0,60,1500,11,29,30,60,120,0,0,0.4,True,0.0,49,49,0,600,600,0
move_toward_frontier_astar,2,10,10,4,367776961,3166742020,1587198119,759788228,1874364848,0,zigzag,0.32,0.32,68,True,1.0,65,1500,17,59,62,65,130,0,0,0.88,True,0.0,54,54,0,600,600,0
move_toward_frontier_astar,4,10,10,0,3757552657,673228719,3241444873,3685993406,2968811710,0,zigzag,0.32,0.32,68,True,1.0,17,1500,4,15,16,17,68,0,0,0.17,True,0.0,156,156,0,1836,1836,0
move_toward_frontier_astar,4,10,10,1,1641411168,1454127163,2749604155,3056722145,3964924996,0,zigzag,0.32,0.32,68,True,1.0,32,1500,4,14,17,32,90,0,38,0.35,True,0.0,165,165,0,1800,1800,0
move_toward_frontier_astar,4,10,10,2,2001025171,2240297063,1311118443,2854122131,3141116543,0,zigzag,0.32,0.32,68,True,1.0,59,1500,33,54,56,59,117,0,119,0.94,True,0.0,159,159,0,1818,1818,0
move_toward_frontier_astar,4,10,10,3,819382448,1645421708,3451799802,118549108,2613022947,0,zigzag,0.32,0.32,68,True,1.0,32,1500,4,27,30,32,128,0,0,0.95,True,0.0,156,156,0,1818,1818,0
move_toward_frontier_astar,2,10,10,1,1641411168,1454127163,2749604155,3056722145,3964924996,0,zigzag,0.32,0.32,68,False,0.8823529411764706,1500,1500,12,,,,106,0,2894,0.6847826086956522,True,0.0,51,51,0,552,552,0
move_toward_unknown_bfs,2,10,10,0,3757552657,673228719,3241444873,3685993406,2968811710,0,zigzag,0.32,0.32,68,True,1.0,36,1500,14,30,33,36,72,0,0,0.20202020202020202,True,0.0,53,53,0,594,594,0
move_toward_frontier_astar,4,10,10,4,367776961,3166742020,1587198119,759788228,1874364848,0,zigzag,0.32,0.32,68,False,0.5735294117647058,1500,1500,22,,,,106,0,5894,1.03125,True,0.0,96,96,0,1206,1206,0
move_toward_unknown_bfs,2,10,10,2,2001025171,2240297063,1311118443,2854122131,3141116543,0,zigzag,0.32,0.32,68,True,1.0,56,1500,12,50,53,56,112,0,0,0.74,True,0.0,56,56,0,600,600,0
move_toward_unknown_bfs,2,10,10,3,819382448,1645421708,3451799802,118549108,2613022947,0,zigzag,0.32,0.32,68,True,1.0,38,1500,11,33,36,38,76,0,0,0.17,True,0.0,55,55,0,600,600,0
move_toward_unknown_bfs,2,10,10,4,367776961,3166742020,1587198119,759788228,1874364848,0,zigzag,0.32,0.32,68,True,1.0,67,1500,20,61,64,67,134,0,0,0.85,True,0.0,56,56,0,600,600,0
move_toward_unknown_bfs,4,10,10,0,3757552657,673228719,3241444873,3685993406,2968811710,0,zigzag,0.32,0.32,68,True,1.0,18,1500,4,14,15,18,72,0,0,0.2,True,0.0,159,159,0,1800,1800,0
move_toward_unknown_bfs,4,10,10,1,1641411168,1454127163,2749604155,3056722145,3964924996,0,zigzag,0.32,0.32,68,True,1.0,26,1500,4,11,12,26,82,0,22,0.27,True,0.0,150,150,0,1818,1818,0
move_toward_unknown_bfs,4,10,10,2,2001025171,2240297063,1311118443,2854122131,3141116543,0,zigzag,0.32,0.32,68,True,1.0,47,1500,28,44,45,47,116,0,72,0.92,True,0.0,162,162,0,1836,1836,0
move_toward_unknown_bfs,4,10,10,3,819382448,1645421708,3451799802,118549108,2613022947,0,zigzag,0.32,0.32,68,True,1.0,17,1500,6,14,15,17,68,0,0,0.29292929292929293,True,0.0,162,162,0,1782,1782,0
move_toward_unknown_bfs,2,10,10,1,1641411168,1454127163,2749604155,3056722145,3964924996,0,zigzag,0.32,0.32,68,False,0.8970588235294118,1500,1500,14,,,,94,0,2906,0.4838709677419355,True,0.0,50,50,0,564,564,0
coordinated_frontier_greedy,2,10,10,0,3757552657,673228719,3241444873,3685993406,2968811710,0,zigzag,0.32,0.32,68,True,1.0,38,1500,11,32,35,38,76,0,0,0.37373737373737376,True,0.0,56,56,0,594,594,0
move_toward_unknown_bfs,4,10,10,4,367776961,3166742020,1587198119,759788228,1874364848,0,zigzag,0.32,0.32,68,False,0.5735294117647058,1500,1500,10,,,,70,0,5930,0.78125,True,0.0,93,93,0,1206,1206,0
coordinated_frontier_greedy,2,10,10,2,2001025171,2240297063,1311118443,2854122131,3141116543,0,zigzag,0.32,0.32,68,True,1.0,57,1500,11,51,54,57,114,0,0,0.77,True,0.0,57,57,0,600,600,0
coordinated_frontier_greedy,2,10,10,3,819382448,1645421708,3451799802,118549108,2613022947,0,zigzag,0.32,0.32,68,True,1.0,58,1500,11,29,30,58,116,0,0,0.36,True,0.0,49,49,0,600,600,0
coordinated_frontier_greedy,2,10,10,4,367776961,3166742020,1587198119,759788228,1874364848,0,zigzag,0.32,0.32,68,True,1.0,33,1500,14,27,30,33,66,0,0,0.1111111111111111,True,0.0,52,52,0,594,594,0
coordinated_frontier_greedy,4,10,10,0,3757552657,673228719,3241444873,3685993406,2968811710,0,zigzag,0.32,0.32,68,True,1.0,17,1500,4,15,16,17,68,0,0,0.15,True,0.0,156,156,0,1836,1836,0
coordinated_frontier_greedy,4,10,10,1,1641411168,1454127163,2749604155,3056722145,3964924996,0,zigzag,0.32,0.32,68,True,1.0,29,1500,4,13,14,29,116,0,0,0.99,True,0.0,168,168,0,1800,1800,0
coordinated_frontier_greedy,4,10,10,2,2001025171,2240297063,1311118443,2854122131,3141116543,0,zigzag,0.32,0.32,68,True,1.0,17,1500,7,15,16,17,68,0,0,0.53,True,0.0,177,177,0,1836,1836,0
coordinated_frontier_greedy,4,10,10,3,819382448,1645421708,3451799802,118549108,2613022947,0,zigzag,0.32,0.32,68,True,1.0,21,1500,4,17,20,21,84,0,0,0.68,True,0.0,150,150,0,1800,1800,0
coordinated_frontier_greedy,2,10,10,1,1641411168,1454127163,2749604155,3056722145,3964924996,0,zigzag,0.32,0.32,68,False,0.8529411764705882,1500,1500,12,,,,86,0,2914,0.5111111111111111,True,0.0,49,49,0,540,540,0
coordinated_frontier_hungarian,2,10,10,0,3757552657,673228719,3241444873,3685993406,2968811710,0,zigzag,0.32,0.32,68,True,1.0,38,1500,11,32,35,38,76,0,0,0.37373737373737376,True,0.0,56,56,0,594,594,0
coordinated_frontier_hungarian,2,10,10,1,1641411168,1454127163,2749604155,3056722145,3964924996,0,zigzag,0.32,0.32,68,True,1.0,58,1500,12,52,55,58,116,0,0,0.69,True,0.0,58,58,0,600,600,0
coordinated_frontier_hungarian,2,10,10,2,2001025171,2240297063,1311118443,2854122131,3141116543,0,zigzag,0.32,0.32,68,True,1.0,58,1500,11,52,55,58,116,0,0,0.76,True,0.0,57,57,0,600,600,0
coordinated_frontier_hungarian,2,10,10,3,819382448,1645421708,3451799802,118549108,2613022947,0,zigzag,0.32,0.32,68,True,1.0,60,1500,11,31,32,60,120,0,0,0.37,True,0.0,51,51,0,600,600,0
coordinated_frontier_hungarian,2,10,10,4,367776961,3166742020,1587198119,759788228,1874364848,0,zigzag,0.32,0.32,68,True,1.0,35,1500,15,29,32,35,70,0,0,0.1111111111111111,True,0.0,52,52,0,594,594,0
coordinated_frontier_hungarian,4,10,10,0,3757552657,673228719,3241444873,3685993406,2968811710,0,zigzag,0.32,0.32,68,True,1.0,17,1500,4,15,16,17,68,0,0,0.15,True,0.0,156,156,0,1836,1836,0
coordinated_frontier_hungarian,4,10,10,1,1641411168,1454127163,2749604155,3056722145,3964924996,0,zigzag,0.32,0.32,68,True,1.0,26,1500,4,13,15,26,104,0,0,0.83,True,0.0,165,165,0,1800,1800,0
coordinated_frontier_hungarian,4,10,10,2,2001025171,2240297063,1311118443,2854122131,3141116543,0,zigzag,0.32,0.32,68,True,1.0,29,1500,6,23,26,29,82,0,34,0.56,True,0.0,183,183,0,1836,1836,0
coordinated_frontier_hungarian,4,10,10,3,819382448,1645421708,3451799802,118549108,2613022947,0,zigzag,0.32,0.32,68,True,1.0,22,1500,4,18,20,22,88,0,0,0.73,True,0.0,156,156,0,1818,1818,0
coordinated_frontier_hungarian,4,10,10,4,367776961,3166742020,1587198119,759788228,1874364848,0,zigzag,0.32,0.32,68,True,1.0,19,1500,8,16,17,19,76,0,0,0.57,True,0.0,153,153,0,1926,1926,0
move_toward_frontier_astar,2,10,10,0,3757552657,673228719,3241444873,3685993406,2968811710,0,spiral,0.36,0.36,64,False,0.140625,1500,1500,,,,,4,0,2996,0.047619047619047616,True,0.0,6,6,0,132,132,0
move_toward_frontier_astar,2,10,10,1,1641411168,1454127163,2749604155,3056722145,3964924996,0,spiral,0.36,0.36,64,True,1.0,33,1500,13,27,30,33,66,0,0,0.22,True,0.0,54,54,0,612,612,0
move_toward_frontier_astar,2,10,10,2,2001025171,2240297063,1311118443,2854122131,3141116543,0,spiral,0.36,0.36,64,True,1.0,33,1500,10,27,30,33,66,0,0,0.29,True,0.0,54,54,0,600,600,0
coordinated_frontier_greedy,4,10,10,2,2001025171,2240297063,1311118443,2854122131,3141116543,0,dense_pillars,0.25,0.25,75,False,0.7466666666666667,1500,1500,5,,,,48,0,5952,0.5316455696202531,True,0.0,120,120,0,1584,1584,0
move_toward_frontier_astar,2,10,10,4,367776961,3166742020,1587198119,759788228,1874364848,0,spiral,0.36,0.36,64,True,1.0,37,1500,22,34,36,37,74,0,0,0.56,True,0.0,55,55,0,612,612,0
coordinated_frontier_greedy,4,10,10,4,367776961,3166742020,1587198119,759788228,1874364848,0,pillars,0.09,0.09,91,False,0.9230769230769231,1500,1500,4,15,,,62,0,5938,0.4782608695652174,True,0.0,129,129,0,1710,1710,0
move_toward_frontier_astar,4,10,10,1,1641411168,1454127163,2749604155,3056722145,3964924996,0,spiral,0.36,0.36,64,True,1.0,20,1500,10,18,18,20,80,0,0,0.52,True,0.0,165,165,0,1854,1854,0
move_toward_frontier_astar,4,10,10,2,2001025171,2240297063,1311118443,2854122131,3141116543,0,spiral,0.36,0.36,64,True,1.0,52,1500,9,46,49,52,71,0,137,0.18181818181818182,True,0.0,153,153,0,1800,1800,0
move_toward_frontier_astar,2,10,10,3,819382448,1645421708,3451799802,118549108,2613022947,0,spiral,0.36,0.36,64,False,0.09375,1500,1500,,,,,0,0,3000,0.2857142857142857,True,0.0,2,2,0,54,54,0
move_toward_frontier_astar,4,10,10,3,819382448,1645421708,3451799802,118549108,2613022947,0,spiral,0.36,0.36,64,True,1.0,31,1500,11,25,28,31,51,0,73,0.2,True,0.0,162,162,0,1836,1836,0
move_toward_frontier_astar,4,10,10,4,367776961,3166742020,1587198119,759788228,1874364848,0,spiral,0.36,0.36,64,True,1.0,20,1500,5,17,19,20,80,0,0,0.59,True,0.0,162,162,0,1890,1890,0
move_toward_unknown_bfs,2,10,10,1,1641411168,1454127163,2749604155,3056722145,3964924996,0,spiral,0.36,0.36,64,True,1.0,39,1500,13,33,36,39,78,0,0,0.25,True,0.0,60,60,0,606,606,0
move_toward_unknown_bfs,2,10,10,2,2001025171,2240297063,1311118443,2854122131,3141116543,0,spiral,0.36,0.36,64,True,1.0,69,1500,14,63,66,69,138,0,0,0.8,True,0.0,58,58,0,600,600,0
move_toward_unknown_bfs,2,10,10,3,819382448,1645421708,3451799802,118549108,2613022947,0,spiral,0.36,0.36,64,True,1.0,29,1500,13,26,28,29,58,0,0,0.23,True,0.0,60,60,0,618,618,0
move_toward_unknown_bfs,2,10,10,4,367776961,3166742020,1587198119,759788228,1874364848,0,spiral,0.36,0.36,64,True,1.0,40,1500,24,37,39,40,80,0,0,0.56,True,0.0,61,61,0,612,612,0
move_toward_unknown_bfs,2,10,10,0,3757552657,673228719,3241444873,3685993406,2968811710,0,spiral,0.36,0.36,64,False,0.140625,1500,1500,,,,,4,0,2996,0.047619047619047616,True,0.0,6,6,0,132,132,0
coordinated_frontier_hungarian,4,10,10,2,2001025171,2240297063,1311118443,2854122131,3141116543,0,dense_pillars,0.25,0.25,75,False,0.9866666666666667,1500,1500,5,18,21,,84,0,5916,0.6363636363636364,True,0.0,177,177,0,1980,1980,0
move_toward_unknown_bfs,4,10,10,2,2001025171,2240297063,1311118443,2854122131,3141116543,0,spiral,0.36,0.36,64,True,1.0,27,1500,6,21,24,27,92,0,16,0.89,True,0.0,171,171,0,1854,1854,0
move_toward_unknown_bfs,4,10,10,3,819382448,1645421708,3451799802,118549108,2613022947,0,spiral,0.36,0.36,64,True,1.0,25,1500,6,19,22,25,100,0,0,1.06,True,0.0,180,180,0,1854,1854,0
move_toward_unknown_bfs,4,10,10,4,367776961,3166742020,1587198119,759788228,1874364848,0,spiral,0.36,0.36,64,True,1.0,35,1500,6,24,31,35,109,0,31,0.69,True,0.0,171,171,0,1890,1890,0
coordinated_frontier_greedy,2,10,10,0,3757552657,673228719,3241444873,3685993406,2968811710,0,spiral,0.36,0.36,64,True,1.0,39,1500,14,35,37,39,78,0,0,0.39,True,0.0,55,55,0,618,618,0
coordinated_frontier_greedy,2,10,10,1,1641411168,1454127163,2749604155,3056722145,3964924996,0,spiral,0.36,0.36,64,True,1.0,33,1500,13,27,30,33,66,0,0,0.22,True,0.0,54,54,0,612,612,0
coordinated_frontier_greedy,2,10,10,2,2001025171,2240297063,1311118443,2854122131,3141116543,0,spiral,0.36,0.36,64,True,1.0,33,1500,10,27,30,33,66,0,0,0.29,True,0.0,54,54,0,600,600,0
coordinated_frontier_greedy,2,10,10,3,819382448,1645421708,3451799802,118549108,2613022947,0,spiral,0.36,0.36,64,True,1.0,28,1500,11,24,25,28,56,0,0,0.22,True,0.0,55,55,0,618,618,0
coordinated_frontier_greedy,2,10,10,4,367776961,3166742020,1587198119,759788228,1874364848,0,spiral,0.36,0.36,64,True,1.0,37,1500,22,34,36,37,74,0,0,0.56,True,0.0,55,55,0,612,612,0
coordinated_frontier_greedy,4,10,10,0,3757552657,673228719,3241444873,3685993406,2968811710,0,spiral,0.36,0.36,64,True,1.0,23,1500,6,20,21,23,92,0,0,0.38,True,0.0,168,168,0,1872,1872,0
coordinated_frontier_greedy,4,10,10,1,1641411168,1454127163,2749604155,3056722145,3964924996,0,spiral,0.36,0.36,64,True,1.0,47,1500,10,41,44,47,188,0,0,1.98,True,0.0,162,162,0,1818,1818,0
move_toward_unknown_bfs,4,10,10,1,1641411168,1454127163,2749604155,3056722145,3964924996,0,spiral,0.36,0.36,64,False,0.8125,1500,1500,10,,,,70,0,5930,0.524390243902439,True,0.0,138,138,0,1512,1512,0
coordinated_frontier_greedy,4,10,10,2,2001025171,2240297063,1311118443,2854122131,3141116543,0,spiral,0.36,0.36,64,True,1.0,23,1500,5,17,20,23,92,0,0,1.03,True,0.0,162,162,0,1836,1836,0
coordinated_frontier_greedy,4,10,10,3,819382448,1645421708,3451799802,118549108,2613022947,0,spiral,0.36,0.36,64,True,1.0,23,1500,7,17,20,23,92,0,0,0.83,True,0.0,171,171,0,1926,1926,0
coordinated_frontier_greedy,4,10,10,4,367776961,3166742020,1587198119,759788228,1874364848,0,spiral,0.36,0.36,64,True,1.0,20,1500,5,17,19,20,80,0,0,0.59,True,0.0,162,162,0,1890,1890,0
coordinated_frontier_hungarian,2,10,10,0,3757552657,673228719,3241444873,3685993406,2968811710,0,spiral,0.36,0.36,64,True,1.0,39,1500,14,36,37,39,78,0,0,0.4,True,0.0,55,55,0,618,618,0
coordinated_frontier_hungarian,2,10,10,1,1641411168,1454127163,2749604155,3056722145,3964924996,0,spiral,0.36,0.36,64,True,1.0,33,1500,13,27,30,33,66,0,0,0.22,True,0.0,54,54,0,612,612,0
move_toward_unknown_bfs,4,10,10,0,3757552657,673228719,3241444873,3685993406,2968811710,0,spiral,0.36,0.36,64,False,0.828125,1500,1500,5,,,,72,0,5928,0.40476190476190477,True,0.0,138,138,0,1530,1530,0
coordinated_frontier_hungarian,2,10,10,2,2001025171,2240297063,1311118443,2854122131,3141116543,0,spiral,0.36,0.36,64,True,1.0,33,1500,10,27,30,33,66,0,0,0.29,True,0.0,54,54,0,600,600,0
coordinated_frontier_hungarian,2,10,10,3,819382448,1645421708,3451799802,118549108,2613022947,0,spiral,0.36,0.36,64,True,1.0,28,1500,11,24,25,28,56,0,0,0.22,True,0.0,55,55,0,618,618,0
coordinated_frontier_hungarian,2,10,10,4,367776961,3166742020,1587198119,759788228,1874364848,0,spiral,0.36,0.36,64,True,1.0,37,1500,22,34,36,37,74,0,0,0.56,True,0.0,55,55,0,612,612,0
coordinated_frontier_hungarian,4,10,10,0,3757552657,673228719,3241444873,3685993406,2968811710,0,spiral,0.36,0.36,64,True,1.0,22,1500,6,20,21,22,88,0,0,0.35,True,0.0,168,168,0,1872,1872,0
coordinated_frontier_hungarian,4,10,10,2,2001025171,2240297063,1311118443,2854122131,3141116543,0,spiral,0.36,0.36,64,True,1.0,23,1500,5,17,20,23,92,0,0,1.03,True,0.0,162,162,0,1836,1836,0
coordinated_frontier_hungarian,4,10,10,1,1641411168,1454127163,2749604155,3056722145,3964924996,0,spiral,0.36,0.36,64,True,1.0,33,1500,9,27,30,33,109,0,23,0.98,True,0.0,156,156,0,1836,1836,0
move_toward_frontier_astar,2,10,10,0,3757552657,673228719,3241444873,3685993406,2968811710,0,ring,0.52,0.52,48,True,1.0,25,1500,9,18,19,25,50,0,0,0.24719101123595505,True,0.0,44,44,0,534,534,0
coordinated_frontier_hungarian,4,10,10,4,367776961,3166742020,1587198119,759788228,1874364848,0,spiral,0.36,0.36,64,True,1.0,20,1500,5,17,19,20,80,0,0,0.59,True,0.0,162,162,0,1890,1890,0
coordinated_frontier_hungarian,4,10,10,3,819382448,1645421708,3451799802,118549108,2613022947,0,spiral,0.36,0.36,64,True,1.0,23,1500,5,17,20,23,92,0,0,1.0,True,0.0,159,159,0,1854,1854,0
move_toward_frontier_astar,4,10,10,0,3757552657,673228719,3241444873,3685993406,2968811710,0,spiral,0.36,0.36,64,False,0.828125,1500,1500,6,,,,64,0,5936,0.38095238095238093,True,0.0,123,123,0,1530,1530,0
move_toward_frontier_astar,2,10,10,4,367776961,3166742020,1587198119,759788228,1874364848,0,ring,0.52,0.52,48,True,1.0,19,1500,5,18,18,19,38,0,0,0.07317073170731707,True,0.0,36,36,0,492,492,0
move_toward_frontier_astar,2,10,10,2,2001025171,2240297063,1311118443,2854122131,3141116543,0,ring,0.52,0.52,48,False,0.625,1500,1500,5,,,,14,0,2986,0.022727272727272728,True,0.0,16,16,0,270,270,0
move_toward_frontier_astar,4,10,10,1,1641411168,1454127163,2749604155,3056722145,3964924996,0,ring,0.52,0.52,48,True,1.0,20,1500,2,16,18,20,37,0,43,0.23809523809523808,True,0.0,114,114,0,1584,1584,0
move_toward_frontier_astar,4,10,10,2,2001025171,2240297063,1311118443,2854122131,3141116543,0,ring,0.52,0.52,48,True,1.0,25,1500,3,9,19,25,34,0,66,0.18292682926829268,True,0.0,108,108,0,1494,1494,0
move_toward_frontier_astar,2,10,10,1,1641411168,1454127163,2749604155,3056722145,3964924996,0,ring,0.52,0.52,48,False,0.9791666666666666,1500,1500,9,15,16,,36,0,2964,0.09090909090909091,True,0.0,35,35,0,480,480,0
move_toward_frontier_astar,2,10,10,3,819382448,1645421708,3451799802,118549108,2613022947,0,ring,0.52,0.52,48,False,0.9375,1500,1500,5,10,,,20,0,2980,0.09836065573770492,True,0.0,22,22,0,396,396,0
move_toward_unknown_bfs,2,10,10,0,3757552657,673228719,3241444873,3685993406,2968811710,0,ring,0.52,0.52,48,True,1.0,24,1500,8,14,22,24,48,0,0,0.033707865168539325,True,0.0,43,43,0,534,534,0
move_toward_unknown_bfs,2,10,10,1,1641411168,1454127163,2749604155,3056722145,3964924996,0,ring,0.52,0.52,48,False,0.3958333333333333,1500,1500,,,,,8,0,2992,0.06896551724137931,True,0.0,10,10,0,174,174,0
move_toward_unknown_bfs,2,10,10,2,2001025171,2240297063,1311118443,2854122131,3141116543,0,ring,0.52,0.52,48,True,1.0,25,1500,5,21,23,25,50,0,0,0.06593406593406594,True,0.0,45,45,0,552,552,0
coordinated_frontier_greedy,4,10,10,4,367776961,3166742020,1587198119,759788228,1874364848,0,zigzag,0.32,0.32,68,False,0.5735294117647058,1500,1500,22,,,,106,0,5894,1.03125,True,0.0,96,96,0,1206,1206,0
move_toward_unknown_bfs,2,10,10,4,367776961,3166742020,1587198119,759788228,1874364848,0,ring,0.52,0.52,48,True,1.0,33,1500,5,16,31,33,66,0,0,0.4044943820224719,True,0.0,43,43,0,534,534,0
move_toward_unknown_bfs,2,10,10,3,819382448,1645421708,3451799802,118549108,2613022947,0,ring,0.52,0.52,48,False,0.9583333333333334,1500,1500,6,13,14,,28,0,2972,0.11764705882352941,True,0.0,30,30,0,444,444,0
move_toward_unknown_bfs,4,10,10,1,1641411168,1454127163,2749604155,3056722145,3964924996,0,ring,0.52,0.52,48,True,1.0,18,1500,2,14,16,18,46,0,26,0.38372093023255816,True,0.0,114,114,0,1620,1620,0
move_toward_unknown_bfs,4,10,10,2,2001025171,2240297063,1311118443,2854122131,3141116543,0,ring,0.52,0.52,48,True,1.0,15,1500,2,6,7,15,42,0,18,0.3333333333333333,True,0.0,108,108,0,1584,1584,0
move_toward_frontier_astar,4,10,10,0,3757552657,673228719,3241444873,3685993406,2968811710,0,ring,0.52,0.52,48,False,0.8541666666666666,1500,1500,1,,,,20,0,5980,0.1774193548387097,True,0.0,69,69,0,1134,1134,0
move_toward_unknown_bfs,4,10,10,0,3757552657,673228719,3241444873,3685993406,2968811710,0,ring,0.52,0.52,48,False,0.8541666666666666,1500,1500,1,,,,22,0,5978,0.16129032258064516,True,0.0,75,75,0,1134,1134,0
move_toward_frontier_astar,4,10,10,3,819382448,1645421708,3451799802,118549108,2613022947,0,ring,0.52,0.52,48,False,0.4583333333333333,1500,1500,,,,,6,0,5994,0.08823529411764706,True,0.0,30,30,0,666,666,0
coordinated_frontier_greedy,2,10,10,0,3757552657,673228719,3241444873,3685993406,2968811710,0,ring,0.52,0.52,48,True,1.0,23,1500,9,18,19,23,46,0,0,0.10112359550561797,True,0.0,43,43,0,534,534,0
coordinated_frontier_greedy,2,10,10,1,1641411168,1454127163,2749604155,3056722145,3964924996,0,ring,0.52,0.52,48,True,1.0,21,1500,9,15,16,21,42,0,0,0.13414634146341464,True,0.0,39,39,0,510,510,0
move_toward_unknown_bfs,4,10,10,3,819382448,1645421708,3451799802,118549108,2613022947,0,ring,0.52,0.52,48,False,0.8333333333333334,1500,1500,3,,,,20,0,5980,0.11290322580645161,True,0.0,72,72,0,1206,1206,0
coordinated_frontier_greedy,2,10,10,2,2001025171,2240297063,1311118443,2854122131,3141116543,0,ring,0.52,0.52,48,True,1.0,22,1500,5,21,21,22,44,0,0,0.06976744186046512,True,0.0,42,42,0,528,528,0
coordinated_frontier_greedy,2,10,10,3,819382448,1645421708,3451799802,118549108,2613022947,0,ring,0.52,0.52,48,True,1.0,23,1500,5,10,11,23,46,0,0,0.07865168539325842,True,0.0,44,44,0,564,564,0
coordinated_frontier_greedy,2,10,10,4,367776961,3166742020,1587198119,759788228,1874364848,0,ring,0.52,0.52,48,True,1.0,19,1500,5,18,18,19,38,0,0,0.060240963855421686,True,0.0,36,36,0,498,498,0
coordinated_frontier_greedy,4,10,10,0,3757552657,673228719,3241444873,3685993406,2968811710,0,ring,0.52,0.52,48,True,1.0,15,1500,1,12,13,15,58,0,2,0.6896551724137931,True,0.0,123,123,0,1584,1584,0
coordinated_frontier_greedy,4,10,10,2,2001025171,2240297063,1311118443,2854122131,3141116543,0,ring,0.52,0.52,48,True,1.0,10,1500,2,5,8,10,40,0,0,0.21176470588235294,True,0.0,120,120,0,1566,1566,0
move_toward_unknown_bfs,4,10,10,4,367776961,3166742020,1587198119,759788228,1874364848,0,ring,0.52,0.52,48,False,0.8958333333333334,1500,1500,8,,,,46,0,5954,0.569620253164557,True,0.0,114,114,0,1548,1548,0
coordinated_frontier_greedy,4,10,10,1,1641411168,1454127163,2749604155,3056722145,3964924996,0,ring,0.52,0.52,48,True,1.0,17,1500,2,12,13,17,56,0,12,0.5393258426966292,True,0.0,129,129,0,1674,1674,0
coordinated_frontier_hungarian,2,10,10,0,3757552657,673228719,3241444873,3685993406,2968811710,0,ring,0.52,0.52,48,True,1.0,25,1500,9,18,19,25,50,0,0,0.19101123595505617,True,0.0,43,43,0,534,534,0
coordinated_frontier_hungarian,2,10,10,1,1641411168,1454127163,2749604155,3056722145,3964924996,0,ring,0.52,0.52,48,True,1.0,21,1500,9,15,16,21,42,0,0,0.13580246913580246,True,0.0,38,38,0,504,504,0
coordinated_frontier_greedy,4,10,10,4,367776961,3166742020,1587198119,759788228,1874364848,0,ring,0.52,0.52,48,True,1.0,11,1500,4,8,9,11,40,0,4,0.47674418604651164,True,0.0,120,120,0,1782,1782,0
coordinated_frontier_greedy,4,10,10,3,819382448,1645421708,3451799802,118549108,2613022947,0,ring,0.52,0.52,48,True,1.0,19,1500,3,14,15,19,70,0,6,0.6777777777777778,True,0.0,138,138,0,1908,1908,0
coordinated_frontier_hungarian,2,10,10,2,2001025171,2240297063,1311118443,2854122131,3141116543,0,ring,0.52,0.52,48,True,1.0,22,1500,5,21,21,22,44,0,0,0.06976744186046512,True,0.0,42,42,0,528,528,0
coordinated_frontier_hungarian,2,10,10,4,367776961,3166742020,1587198119,759788228,1874364848,0,ring,0.52,0.52,48,True,1.0,19,1500,5,18,18,19,38,0,0,0.060240963855421686,True,0.0,36,36,0,498,498,0
coordinated_frontier_hungarian,2,10,10,3,819382448,1645421708,3451799802,118549108,2613022947,0,ring,0.52,0.52,48,True,1.0,23,1500,5,10,11,23,46,0,0,0.10465116279069768,True,0.0,41,41,0,552,552,0
coordinated_frontier_hungarian,4,10,10,2,2001025171,2240297063,1311118443,2854122131,3141116543,0,ring,0.52,0.52,48,True,1.0,10,1500,2,5,9,10,40,0,0,0.35365853658536583,True,0.0,111,111,0,1512,1512,0
coordinated_frontier_hungarian,4,10,10,1,1641411168,1454127163,2749604155,3056722145,3964924996,0,ring,0.52,0.52,48,True,1.0,12,1500,2,10,11,12,48,0,0,0.5402298850574713,True,0.0,117,117,0,1656,1656,0
coordinated_frontier_hungarian,4,10,10,0,3757552657,673228719,3241444873,3685993406,2968811710,0,ring,0.52,0.52,48,True,1.0,13,1500,1,12,13,13,52,0,0,0.5,True,0.0,117,117,0,1584,1584,0
move_toward_frontier_astar,2,10,10,0,3757552657,673228719,3241444873,3685993406,2968811710,0,cross_corridors,0.64,0.64,36,True,1.0,25,1500,4,22,24,25,50,0,0,0.4032258064516129,True,0.0,33,33,0,372,372,0
coordinated_frontier_hungarian,4,10,10,3,819382448,1645421708,3451799802,118549108,2613022947,0,ring,0.52,0.52,48,True,1.0,11,1500,2,6,7,11,44,0,0,0.42857142857142855,True,0.0,120,120,0,1638,1638,0
move_toward_frontier_astar,2,10,10,3,819382448,1645421708,3451799802,118549108,2613022947,0,cross_corridors,0.64,0.64,36,True,1.0,16,1500,4,14,15,16,32,0,0,0.25862068965517243,True,0.0,28,28,0,348,348,0
move_toward_frontier_astar,2,10,10,2,2001025171,2240297063,1311118443,2854122131,3141116543,0,cross_corridors,0.64,0.64,36,True,1.0,20,1500,6,17,19,20,40,0,0,0.3387096774193548,True,0.0,32,32,0,372,372,0
move_toward_frontier_astar,4,10,10,0,3757552657,673228719,3241444873,3685993406,2968811710,0,cross_corridors,0.64,0.64,36,True,1.0,11,1500,1,8,10,11,44,0,0,0.6,True,0.0,93,93,0,1152,1152,0
coordinated_frontier_hungarian,4,10,10,4,367776961,3166742020,1587198119,759788228,1874364848,0,ring,0.52,0.52,48,True,1.0,11,1500,4,8,9,11,42,0,2,0.4772727272727273,True,0.0,126,126,0,1818,1818,0
move_toward_frontier_astar,4,10,10,1,1641411168,1454127163,2749604155,3056722145,3964924996,0,cross_corridors,0.64,0.64,36,True,1.0,12,1500,1,9,11,12,48,0,0,0.8333333333333334,True,0.0,87,87,0,1080,1080,0
move_toward_frontier_astar,4,10,10,3,819382448,1645421708,3451799802,118549108,2613022947,0,cross_corridors,0.64,0.64,36,True,1.0,12,1500,1,4,5,12,36,0,12,0.43548387096774194,True,0.0,90,90,0,1188,1188,0
move_toward_frontier_astar,4,10,10,4,367776961,3166742020,1587198119,759788228,1874364848,0,cross_corridors,0.64,0.64,36,True,1.0,6,1500,1,5,6,6,20,0,4,0.25925925925925924,True,0.0,66,66,0,1008,1008,0
move_toward_unknown_bfs,2,10,10,0,3757552657,673228719,3241444873,3685993406,2968811710,0,cross_corridors,0.64,0.64,36,True,1.0,18,1500,4,15,17,18,36,0,0,0.11290322580645161,True,0.0,31,31,0,372,372,0
move_toward_frontier_astar,4,10,10,4,367776961,3166742020,1587198119,759788228,1874364848,0,ring,0.52,0.52,48,False,0.8958333333333334,1500,1500,6,,,,38,0,5962,0.4810126582278481,True,0.0,114,114,0,1548,1548,0
move_toward_unknown_bfs,2,10,10,2,2001025171,2240297063,1311118443,2854122131,3141116543,0,cross_corridors,0.64,0.64,36,True,1.0,21,1500,4,18,20,21,42,0,0,0.27419354838709675,True,0.0,34,34,0,372,372,0
move_toward_unknown_bfs,2,10,10,3,819382448,1645421708,3451799802,118549108,2613022947,0,cross_corridors,0.64,0.64,36,True,1.0,28,1500,4,25,27,28,56,0,0,0.6166666666666667,True,0.0,32,32,0,360,360,0
move_toward_unknown_bfs,2,10,10,1,1641411168,1454127163,2749604155,3056722145,3964924996,0,cross_corridors,0.64,0.64,36,False,0.3888888888888889,1500,1500,,,,,4,0,2996,0.05263157894736842,True,0.0,6,6,0,120,120,0
move_toward_unknown_bfs,4,10,10,0,3757552657,673228719,3241444873,3685993406,2968811710,0,cross_corridors,0.64,0.64,36,True,1.0,5,1500,1,4,4,5,20,0,0,0.07017543859649122,True,0.0,69,69,0,1062,1062,0
move_toward_unknown_bfs,4,10,10,1,1641411168,1454127163,2749604155,3056722145,3964924996,0,cross_corridors,0.64,0.64,36,True,1.0,8,1500,1,7,8,8,32,0,0,0.43333333333333335,True,0.0,90,90,0,1134,1134,0
move_toward_unknown_bfs,4,10,10,2,2001025171,2240297063,1311118443,2854122131,3141116543,0,cross_corridors,0.64,0.64,36,True,1.0,13,1500,2,10,12,13,44,0,8,0.8870967741935484,True,0.0,96,96,0,1170,1170,0
move_toward_unknown_bfs,4,10,10,3,819382448,1645421708,3451799802,118549108,2613022947,0,cross_corridors,0.64,0.64,36,True,1.0,10,1500,1,5,6,10,34,0,6,0.22580645161290322,True,0.0,87,87,0,1116,1116,0
move_toward_unknown_bfs,4,10,10,4,367776961,3166742020,1587198119,759788228,1874364848,0,cross_corridors,0.64,0.64,36,True,1.0,6,1500,1,5,5,6,24,0,0,0.27586206896551724,True,0.0,78,78,0,1044,1044,0
coordinated_frontier_greedy,2,10,10,0,3757552657,673228719,3241444873,3685993406,2968811710,0,cross_corridors,0.64,0.64,36,True,1.0,19,1500,4,16,18,19,38,0,0,0.24193548387096775,True,0.0,33,33,0,372,372,0
move_toward_frontier_astar,2,10,10,4,367776961,3166742020,1587198119,759788228,1874364848,0,cross_corridors,0.64,0.64,36,False,0.2222222222222222,1500,1500,,,,,2,0,2998,0.16666666666666666,True,0.0,4,4,0,84,84,0
coordinated_frontier_greedy,2,10,10,1,1641411168,1454127163,2749604155,3056722145,3964924996,0,cross_corridors,0.64,0.64,36,True,1.0,22,1500,6,19,21,22,44,0,0,0.31746031746031744,True,0.0,33,33,0,390,390,0
coordinated_frontier_greedy,2,10,10,2,2001025171,2240297063,1311118443,2854122131,3141116543,0,cross_corridors,0.64,0.64,36,True,1.0,19,1500,5,18,19,19,38,0,0,0.2903225806451613,True,0.0,32,32,0,372,372,0
coordinated_frontier_greedy,2,10,10,3,819382448,1645421708,3451799802,118549108,2613022947,0,cross_corridors,0.64,0.64,36,True,1.0,18,1500,4,16,17,18,36,0,0,0.2542372881355932,True,0.0,29,29,0,354,354,0
move_toward_frontier_astar,2,10,10,1,1641411168,1454127163,2749604155,3056722145,3964924996,0,cross_corridors,0.64,0.64,36,False,0.4166666666666667,1500,1500,,,,,6,0,2994,0.047619047619047616,True,0.0,8,8,0,132,132,0
move_toward_unknown_bfs,2,10,10,4,367776961,3166742020,1587198119,759788228,1874364848,0,cross_corridors,0.64,0.64,36,False,0.2222222222222222,1500,1500,,,,,2,0,2998,0.16666666666666666,True,0.0,4,4,0,84,84,0
coordinated_frontier_greedy,4,10,10,1,1641411168,1454127163,2749604155,3056722145,3964924996,0,cross_corridors,0.64,0.64,36,True,1.0,12,1500,1,9,11,12,48,0,0,0.6451612903225806,True,0.0,96,96,0,1134,1134,0
coordinated_frontier_greedy,4,10,10,2,2001025171,2240297063,1311118443,2854122131,3141116543,0,cross_corridors,0.64,0.64,36,True,1.0,13,1500,2,10,12,13,52,0,0,0.9516129032258065,True,0.0,90,90,0,1152,1152,0
coordinated_frontier_greedy,4,10,10,3,819382448,1645421708,3451799802,118549108,2613022947,0,cross_corridors,0.64,0.64,36,True,1.0,11,1500,1,4,5,11,44,0,0,0.6290322580645161,True,0.0,90,90,0,1188,1188,0
coordinated_frontier_greedy,4,10,10,4,367776961,3166742020,1587198119,759788228,1874364848,0,cross_corridors,0.64,0.64,36,True,1.0,6,1500,1,5,5,6,24,0,0,0.2807017543859649,True,0.0,78,78,0,1062,1062,0
coordinated_frontier_hungarian,2,10,10,0,3757552657,673228719,3241444873,3685993406,2968811710,0,cross_corridors,0.64,0.64,36,True,1.0,16,1500,4,14,15,16,32,0,0,0.06666666666666667,True,0.0,29,29,0,360,360,0
coordinated_frontier_hungarian,2,10,10,2,2001025171,2240297063,1311118443,2854122131,3141116543,0,cross_corridors,0.64,0.64,36,True,1.0,18,1500,5,16,17,18,36,0,0,0.19672131147540983,True,0.0,30,30,0,366,366,0
coordinated_frontier_hungarian,2,10,10,1,1641411168,1454127163,2749604155,3056722145,3964924996,0,cross_corridors,0.64,0.64,36,True,1.0,22,1500,6,19,21,22,44,0,0,0.31746031746031744,True,0.0,33,33,0,390,390,0
coordinated_frontier_hungarian,2,10,10,3,819382448,1645421708,3451799802,118549108,2613022947,0,cross_corridors,0.64,0.64,36,True,1.0,16,1500,4,14,15,16,32,0,0,0.15254237288135594,True,0.0,28,28,0,354,354,0
coordinated_frontier_hungarian,2,10,10,4,367776961,3166742020,1587198119,759788228,1874364848,0,cross_corridors,0.64,0.64,36,True,1.0,18,1500,6,16,17,18,36,0,0,0.3114754098360656,True,0.0,31,31,0,378,378,0
coordinated_frontier_hungarian,4,10,10,1,1641411168,1454127163,2749604155,3056722145,3964924996,0,cross_corridors,0.64,0.64,36,True,1.0,9,1500,1,7,8,9,36,0,0,0.43333333333333335,True,0.0,81,81,0,1080,1080,0
coordinated_frontier_hungarian,4,10,10,0,3757552657,673228719,3241444873,3685993406,2968811710,0,cross_corridors,0.64,0.64,36,True,1.0,11,1500,1,9,10,11,44,0,0,0.5,True,0.0,96,96,0,1188,1188,0
coordinated_frontier_hungarian,4,10,10,2,2001025171,2240297063,1311118443,2854122131,3141116543,0,cross_corridors,0.64,0.64,36,True,1.0,8,1500,2,6,7,8,32,0,0,0.43548387096774194,True,0.0,84,84,0,1152,1152,0
coordinated_frontier_hungarian,4,10,10,3,819382448,1645421708,3451799802,118549108,2613022947,0,cross_corridors,0.64,0.64,36,True,1.0,11,1500,1,4,5,11,44,0,0,0.6031746031746031,True,0.0,93,93,0,1224,1224,0
coordinated_frontier_hungarian,4,10,10,4,367776961,3166742020,1587198119,759788228,1874364848,0,cross_corridors,0.64,0.64,36,True,1.0,6,1500,1,5,5,6,24,0,0,0.2807017543859649,True,0.0,78,78,0,1062,1062,0
move_toward_frontier_astar,2,10,10,0,3757552657,673228719,3241444873,3685993406,2968811710,0,diagonal_wall,0.17,0.17,83,True,1.0,62,1500,25,45,49,62,124,0,0,0.7244897959183674,True,0.0,66,66,0,588,588,0
move_toward_frontier_astar,4,10,10,2,2001025171,2240297063,1311118443,2854122131,3141116543,0,cross_corridors,0.64,0.64,36,False,0.6388888888888888,1500,1500,2,,,,12,0,5988,0.3888888888888889,True,0.0,45,45,0,702,702,0
move_toward_frontier_astar,2,10,10,2,2001025171,2240297063,1311118443,2854122131,3141116543,0,diagonal_wall,0.17,0.17,83,False,0.40963855421686746,1500,1500,,,,,20,0,2980,0.08108108108108109,True,0.0,20,20,0,228,228,0
move_toward_frontier_astar,2,10,10,1,1641411168,1454127163,2749604155,3056722145,3964924996,0,diagonal_wall,0.17,0.17,83,False,0.7831325301204819,1500,1500,14,,,,58,0,2942,0.21518987341772153,True,0.0,49,49,0,480,480,0
move_toward_frontier_astar,4,10,10,0,3757552657,673228719,3241444873,3685993406,2968811710,0,diagonal_wall,0.17,0.17,83,True,1.0,47,1500,9,39,43,47,102,0,86,0.8061224489795918,True,0.0,174,174,0,1818,1818,0
move_toward_frontier_astar,4,10,10,1,1641411168,1454127163,2749604155,3056722145,3964924996,0,diagonal_wall,0.17,0.17,83,True,1.0,33,1500,8,24,30,33,110,0,22,0.8484848484848485,True,0.0,201,201,0,1926,1926,0
move_toward_frontier_astar,2,10,10,3,819382448,1645421708,3451799802,118549108,2613022947,0,diagonal_wall,0.17,0.17,83,False,0.891566265060241,1500,1500,13,,,,70,0,2930,0.36363636363636365,True,0.0,51,51,0,540,540,0
coordinated_frontier_greedy,2,10,10,4,367776961,3166742020,1587198119,759788228,1874364848,0,cross_corridors,0.64,0.64,36,False,0.2222222222222222,1500,1500,,,,,2,0,2998,0.16666666666666666,True,0.0,4,4,0,84,84,0
move_toward_frontier_astar,4,10,10,4,367776961,3166742020,1587198119,759788228,1874364848,0,diagonal_wall,0.17,0.17,83,True,1.0,34,1500,3,25,27,34,116,0,20,1.0909090909090908,True,0.0,165,165,0,1800,1800,0
move_toward_unknown_bfs,2,10,10,0,3757552657,673228719,3241444873,3685993406,2968811710,0,diagonal_wall,0.17,0.17,83,True,1.0,42,1500,15,36,38,42,84,0,0,0.22448979591836735,True,0.0,61,61,0,588,588,0
move_toward_unknown_bfs,2,10,10,1,1641411168,1454127163,2749604155,3056722145,3964924996,0,diagonal_wall,0.17,0.17,83,True,1.0,38,1500,9,28,31,38,76,0,0,0.16161616161616163,True,0.0,60,60,0,600,600,0
move_toward_unknown_bfs,2,10,10,2,2001025171,2240297063,1311118443,2854122131,3141116543,0,diagonal_wall,0.17,0.17,83,True,1.0,50,1500,13,34,36,50,100,0,0,0.3979591836734694,True,0.0,64,64,0,624,624,0
move_toward_unknown_bfs,2,10,10,3,819382448,1645421708,3451799802,118549108,2613022947,0,diagonal_wall,0.17,0.17,83,True,1.0,56,1500,27,42,46,56,112,0,0,0.45454545454545453,True,0.0,64,64,0,594,594,0
move_toward_unknown_bfs,2,10,10,4,367776961,3166742020,1587198119,759788228,1874364848,0,diagonal_wall,0.17,0.17,83,True,1.0,44,1500,11,38,41,44,88,0,0,0.020202020202020204,True,0.0,70,70,0,594,594,0
move_toward_unknown_bfs,4,10,10,0,3757552657,673228719,3241444873,3685993406,2968811710,0,diagonal_wall,0.17,0.17,83,True,1.0,37,1500,7,29,31,37,90,0,58,0.6224489795918368,True,0.0,162,162,0,1818,1818,0
move_toward_frontier_astar,2,10,10,4,367776961,3166742020,1587198119,759788228,1874364848,0,diagonal_wall,0.17,0.17,83,False,0.6626506024096386,1500,1500,10,,,,46,0,2954,0.23076923076923078,True,0.0,37,37,0,408,408,0
move_toward_unknown_bfs,4,10,10,2,2001025171,2240297063,1311118443,2854122131,3141116543,0,diagonal_wall,0.17,0.17,83,True,1.0,20,1500,4,13,14,20,80,0,0,0.6020408163265306,True,0.0,162,162,0,1800,1800,0
move_toward_unknown_bfs,4,10,10,3,819382448,1645421708,3451799802,118549108,2613022947,0,diagonal_wall,0.17,0.17,83,False,0.9759036144578314,1500,1500,5,17,20,,65,0,5935,0.18556701030927836,True,0.0,144,144,0,1818,1818,0
move_toward_unknown_bfs,4,10,10,1,1641411168,1454127163,2749604155,3056722145,3964924996,0,diagonal_wall,0.17,0.17,83,False,0.927710843373494,1500,1500,16,46,,,83,0,5917,0.5393258426966292,True,0.0,174,174,0,1620,1620,0
coordinated_frontier_greedy,2,10,10,0,3757552657,673228719,3241444873,3685993406,2968811710,0,diagonal_wall,0.17,0.17,83,True,1.0,47,1500,23,43,45,47,94,0,0,0.5151515151515151,True,0.0,67,67,0,594,594,0
coordinated_frontier_greedy,2,10,10,1,1641411168,1454127163,2749604155,3056722145,3964924996,0,diagonal_wall,0.17,0.17,83,True,1.0,40,1500,14,34,36,40,80,0,0,0.36363636363636365,True,0.0,64,64,0,618,618,0
coordinated_frontier_greedy,2,10,10,2,2001025171,2240297063,1311118443,2854122131,3141116543,0,diagonal_wall,0.17,0.17,83,True,1.0,45,1500,14,41,42,45,90,0,0,0.32323232323232326,True,0.0,67,67,0,636,636,0
move_toward_frontier_astar,4,10,10,3,819382448,1645421708,3451799802,118549108,2613022947,0,diagonal_wall,0.17,0.17,83,False,0.6385542168674698,1500,1500,4,,,,20,0,5980,0.06666666666666667,True,0.0,69,69,0,1134,1134,0
move_toward_frontier_astar,4,10,10,2,2001025171,2240297063,1311118443,2854122131,3141116543,0,diagonal_wall,0.17,0.17,83,False,0.9879518072289156,1500,1500,5,15,18,,77,0,5923,0.5979381443298969,True,0.0,165,165,0,1746,1746,0
coordinated_frontier_greedy,4,10,10,0,3757552657,673228719,3241444873,3685993406,2968811710,0,diagonal_wall,0.17,0.17,83,True,1.0,22,1500,4,18,19,22,88,0,0,0.5353535353535354,True,0.0,177,177,0,1890,1890,0
coordinated_frontier_greedy,4,10,10,1,1641411168,1454127163,2749604155,3056722145,3964924996,0,diagonal_wall,0.17,0.17,83,True,1.0,24,1500,5,18,20,24,96,0,0,0.6161616161616161,True,0.0,189,189,0,1818,1818,0
move_toward_unknown_bfs,4,10,10,4,367776961,3166742020,1587198119,759788228,1874364848,0,diagonal_wall,0.17,0.17,83,False,0.8554216867469879,1500,1500,3,,,,101,0,5899,1.0705882352941176,True,0.0,144,144,0,1530,1530,0
coordinated_frontier_greedy,4,10,10,2,2001025171,2240297063,1311118443,2854122131,3141116543,0,diagonal_wall,0.17,0.17,83,True,1.0,21,1500,4,16,18,21,82,0,2,0.5612244897959183,True,0.0,171,171,0,1782,1782,0
coordinated_frontier_greedy,4,10,10,3,819382448,1645421708,3451799802,118549108,2613022947,0,diagonal_wall,0.17,0.17,83,True,1.0,34,1500,4,29,31,34,92,0,44,0.7474747474747475,True,0.0,165,165,0,1836,1836,0
coordinated_frontier_greedy,4,10,10,4,367776961,3166742020,1587198119,759788228,1874364848,0,diagonal_wall,0.17,0.17,83,True,1.0,25,1500,3,17,20,25,96,0,4,0.865979381443299,True,0.0,165,165,0,1764,1764,0
coordinated_frontier_hungarian,2,10,10,1,1641411168,1454127163,2749604155,3056722145,3964924996,0,diagonal_wall,0.17,0.17,83,True,1.0,40,1500,14,34,38,40,80,0,0,0.3333333333333333,True,0.0,66,66,0,630,630,0
coordinated_frontier_hungarian,2,10,10,0,3757552657,673228719,3241444873,3685993406,2968811710,0,diagonal_wall,0.17,0.17,83,True,1.0,44,1500,19,39,42,44,88,0,0,0.43434343434343436,True,0.0,61,61,0,594,594,0
coordinated_frontier_hungarian,2,10,10,3,819382448,1645421708,3451799802,118549108,2613022947,0,diagonal_wall,0.17,0.17,83,True,1.0,40,1500,14,36,38,40,80,0,0,0.3877551020408163,True,0.0,62,62,0,618,618,0
coordinated_frontier_hungarian,2,10,10,4,367776961,3166742020,1587198119,759788228,1874364848,0,diagonal_wall,0.17,0.17,83,True,1.0,53,1500,10,47,50,53,106,0,0,0.47959183673469385,True,0.0,67,67,0,630,630,0
coordinated_frontier_greedy,4,10,10,0,3757552657,673228719,3241444873,3685993406,2968811710,0,cross_corridors,0.64,0.64,36,False,0.8333333333333334,1500,1500,1,,,,36,0,5964,0.36538461538461536,True,0.0,81,81,0,1008,1008,0
coordinated_frontier_hungarian,4,10,10,1,1641411168,1454127163,2749604155,3056722145,3964924996,0,diagonal_wall,0.17,0.17,83,True,1.0,22,1500,5,18,21,22,88,0,0,0.5816326530612245,True,0.0,177,177,0,1818,1818,0
coordinated_frontier_hungarian,4,25,25,8,3257320810,631391383,1558974550,2103456034,3026431988,0,,0.3,0.4784,326,False,0.7269938650306749,3000,3000,35,,,,440,0,11560,1.2900552486187846,True,0.7,1083,291,792,12402,3270,9132
coordinated_frontier_hungarian,4,10,10,3,819382448,1645421708,3451799802,118549108,2613022947,0,diagonal_wall,0.17,0.17,83,True,1.0,28,1500,4,24,26,28,68,0,44,0.16494845360824742,True,0.0,147,147,0,1872,1872,0
coordinated_frontier_hungarian,4,10,10,4,367776961,3166742020,1587198119,759788228,1874364848,0,diagonal_wall,0.17,0.17,83,True,1.0,22,1500,3,17,20,22,88,0,0,0.7070707070707071,True,0.0,162,162,0,1782,1782,0
move_toward_frontier_astar,2,10,10,0,3757552657,673228719,3241444873,3685993406,2968811710,0,maze,0.39,0.39,61,True,1.0,30,1500,14,26,28,30,60,0,0,0.13,True,0.0,54,54,0,600,600,0
move_toward_frontier_astar,2,10,10,1,1641411168,1454127163,2749604155,3056722145,3964924996,0,maze,0.39,0.39,61,True,1.0,41,1500,17,38,39,41,82,0,0,0.6,True,0.0,55,55,0,600,600,0
move_toward_frontier_astar,2,10,10,2,2001025171,2240297063,1311118443,2854122131,3141116543,0,maze,0.39,0.39,61,True,1.0,38,1500,16,34,37,38,76,0,0,0.46,True,0.0,53,53,0,600,600,0
coordinated_frontier_greedy,2,10,10,3,819382448,1645421708,3451799802,118549108,2613022947,0,diagonal_wall,0.17,0.17,83,False,0.9759036144578314,1500,1500,14,36,38,,78,0,2922,0.375,True,0.0,60,60,0,600,600,0
move_toward_frontier_astar,2,10,10,4,367776961,3166742020,1587198119,759788228,1874364848,0,maze,0.39,0.39,61,True,1.0,35,1500,18,30,31,35,70,0,0,0.4,True,0.0,55,55,0,636,636,0
move_toward_frontier_astar,4,10,10,0,3757552657,673228719,3241444873,3685993406,2968811710,0,maze,0.39,0.39,61,True,1.0,28,1500,5,24,25,28,70,0,42,0.23,True,0.0,159,159,0,1818,1818,0
move_toward_frontier_astar,4,10,10,1,1641411168,1454127163,2749604155,3056722145,3964924996,0,maze,0.39,0.39,61,True,1.0,19,1500,7,17,18,19,72,0,4,0.37,True,0.0,147,147,0,1836,1836,0
move_toward_frontier_astar,4,10,10,2,2001025171,2240297063,1311118443,2854122131,3141116543,0,maze,0.39,0.39,61,True,1.0,26,1500,10,22,24,26,74,0,30,0.5757575757575758,True,0.0,156,156,0,1854,1854,0
move_toward_frontier_astar,4,10,10,3,819382448,1645421708,3451799802,118549108,2613022947,0,maze,0.39,0.39,61,True,1.0,23,1500,5,19,21,23,92,0,0,0.71,True,0.0,150,150,0,1818,1818,0
coordinated_frontier_greedy,2,10,10,4,367776961,3166742020,1587198119,759788228,1874364848,0,diagonal_wall,0.17,0.17,83,False,0.9879518072289156,1500,1500,10,47,48,,100,0,2900,0.3673469387755102,True,0.0,67,67,0,630,630,0
move_toward_frontier_astar,4,10,10,4,367776961,3166742020,1587198119,759788228,1874364848,0,maze,0.39,0.39,61,True,1.0,25,1500,5,16,20,25,100,0,0,0.61,True,0.0,150,150,0,1800,1800,0
move_toward_unknown_bfs,2,10,10,0,3757552657,673228719,3241444873,3685993406,2968811710,0,maze,0.39,0.39,61,True,1.0,31,1500,14,28,29,31,62,0,0,0.14,True,0.0,55,55,0,606,606,0
move_toward_unknown_bfs,2,10,10,1,1641411168,1454127163,2749604155,3056722145,3964924996,0,maze,0.39,0.39,61,True,1.0,41,1500,17,38,39,41,82,0,0,0.6,True,0.0,55,55,0,600,600,0
move_toward_unknown_bfs,2,10,10,2,2001025171,2240297063,1311118443,2854122131,3141116543,0,maze,0.39,0.39,61,True,1.0,37,1500,16,34,36,37,74,0,0,0.494949494949495,True,0.0,52,52,0,594,594,0
move_toward_unknown_bfs,2,10,10,4,367776961,3166742020,1587198119,759788228,1874364848,0,maze,0.39,0.39,61,True,1.0,37,1500,18,30,32,37,74,0,0,0.44,True,0.0,54,54,0,630,630,0
move_toward_unknown_bfs,4,10,10,0,3757552657,673228719,3241444873,3685993406,2968811710,0,maze,0.39,0.39,61,True,1.0,17,1500,5,15,16,17,68,0,0,0.5,True,0.0,156,156,0,1800,1800,0
move_toward_unknown_bfs,4,10,10,1,1641411168,1454127163,2749604155,3056722145,3964924996,0,maze,0.39,0.39,61,True,1.0,19,1500,7,17,18,19,72,0,4,0.39,True,0.0,147,147,0,1836,1836,0
move_toward_unknown_bfs,4,10,10,2,2001025171,2240297063,1311118443,2854122131,3141116543,0,maze,0.39,0.39,61,True,1.0,29,1500,6,17,26,29,73,0,43,0.54,True,0.0,162,162,0,1872,1872,0
move_toward_unknown_bfs,2,10,10,3,819382448,1645421708,3451799802,118549108,2613022947,0,maze,0.39,0.39,61,False,0.8852459016393442,1500,1500,19,,,,60,0,2940,0.3804347826086957,True,0.0,49,49,0,564,564,0
move_toward_unknown_bfs,4,10,10,4,367776961,3166742020,1587198119,759788228,1874364848,0,maze,0.39,0.39,61,True,1.0,27,1500,5,16,21,27,108,0,0,0.97,True,0.0,150,150,0,1800,1800,0
coordinated_frontier_greedy,2,10,10,0,3757552657,673228719,3241444873,3685993406,2968811710,0,maze,0.39,0.39,61,True,1.0,30,1500,14,26,28,30,60,0,0,0.13,True,0.0,54,54,0,600,600,0
coordinated_frontier_greedy,2,10,10,1,1641411168,1454127163,2749604155,3056722145,3964924996,0,maze,0.39,0.39,61,True,1.0,34,1500,15,28,32,34,68,0,0,0.06,True,0.0,54,54,0,600,600,0
coordinated_frontier_greedy,2,10,10,2,2001025171,2240297063,1311118443,2854122131,3141116543,0,maze,0.39,0.39,61,True,1.0,33,1500,15,30,32,33,66,0,0,0.32323232323232326,True,0.0,54,54,0,594,594,0
move_toward_frontier_astar,2,10,10,3,819382448,1645421708,3451799802,118549108,2613022947,0,maze,0.39,0.39,61,False,0.9016393442622951,1500,1500,19,29,,,58,0,2942,0.31521739130434784,True,0.0,48,48,0,558,558,0
coordinated_frontier_greedy,2,10,10,4,367776961,3166742020,1587198119,759788228,1874364848,0,maze,0.39,0.39,61,True,1.0,35,1500,17,27,30,35,70,0,0,0.15,True,0.0,55,55,0,636,636,0
coordinated_frontier_greedy,4,10,10,0,3757552657,673228719,3241444873,3685993406,2968811710,0,maze,0.39,0.39,61,True,1.0,22,1500,5,17,19,22,88,0,0,0.44,True,0.0,162,162,0,1872,1872,0
coordinated_frontier_greedy,4,10,10,1,1641411168,1454127163,2749604155,3056722145,3964924996,0,maze,0.39,0.39,61,True,1.0,19,1500,7,16,17,19,76,0,0,0.27,True,0.0,147,147,0,1836,1836,0
coordinated_frontier_greedy,4,10,10,2,2001025171,2240297063,1311118443,2854122131,3141116543,0,maze,0.39,0.39,61,True,1.0,18,1500,6,15,17,18,72,0,0,0.52,True,0.0,159,159,0,1854,1854,0
move_toward_unknown_bfs,4,10,10,3,819382448,1645421708,3451799802,118549108,2613022947,0,maze,0.39,0.39,61,False,0.7704918032786885,1500,1500,7,,,,53,0,5947,0.36585365853658536,True,0.0,120,120,0,1548,1548,0
coordinated_frontier_greedy,4,10,10,4,367776961,3166742020,1587198119,759788228,1874364848,0,maze,0.39,0.39,61,True,1.0,22,1500,5,15,16,22,88,0,0,0.49,True,0.0,150,150,0,1800,1800,0
coordinated_frontier_hungarian,2,10,10,0,3757552657,673228719,3241444873,3685993406,2968811710,0,maze,0.39,0.39,61,True,1.0,30,1500,14,26,28,30,60,0,0,0.13,True,0.0,54,54,0,600,600,0
coordinated_frontier_hungarian,2,10,10,2,2001025171,2240297063,1311118443,2854122131,3141116543,0,diagonal_wall,0.17,0.17,83,False,0.9879518072289156,1500,1500,17,39,41,,88,0,2912,0.30612244897959184,True,0.0,70,70,0,642,642,0
coordinated_frontier_hungarian,2,10,10,1,1641411168,1454127163,2749604155,3056722145,3964924996,0,maze,0.39,0.39,61,True,1.0,34,1500,15,28,32,34,68,0,0,0.06,True,0.0,54,54,0,600,600,0
coordinated_frontier_hungarian,2,10,10,2,2001025171,2240297063,1311118443,2854122131,3141116543,0,maze,0.39,0.39,61,True,1.0,41,1500,15,35,38,41,82,0,0,0.27,True,0.0,55,55,0,600,600,0
coordinated_frontier_hungarian,2,10,10,3,819382448,1645421708,3451799802,118549108,2613022947,0,maze,0.39,0.39,61,True,1.0,37,1500,15,30,34,37,74,0,0,0.14,True,0.0,57,57,0,618,618,0
coordinated_frontier_hungarian,2,10,10,4,367776961,3166742020,1587198119,759788228,1874364848,0,maze,0.39,0.39,61,True,1.0,35,1500,17,27,30,35,70,0,0,0.15,True,0.0,55,55,0,636,636,0
coordinated_frontier_hungarian,4,10,10,0,3757552657,673228719,3241444873,3685993406,2968811710,0,maze,0.39,0.39,61,True,1.0,20,1500,5,17,19,20,80,0,0,0.34,True,0.0,162,162,0,1854,1854,0
coordinated_frontier_hungarian,4,10,10,1,1641411168,1454127163,2749604155,3056722145,3964924996,0,maze,0.39,0.39,61,True,1.0,19,1500,7,16,17,19,76,0,0,0.27,True,0.0,147,147,0,1836,1836,0
coordinated_frontier_hungarian,4,10,10,2,2001025171,2240297063,1311118443,2854122131,3141116543,0,maze,0.39,0.39,61,True,1.0,17,1500,6,14,15,17,68,0,0,0.49,True,0.0,156,156,0,1818,1818,0
coordinated_frontier_hungarian,4,10,10,3,819382448,1645421708,3451799802,118549108,2613022947,0,maze,0.39,0.39,61,True,1.0,30,1500,5,24,27,30,78,0,42,0.56,True,0.0,153,153,0,1818,1818,0
coordinated_frontier_hungarian,4,10,10,4,367776961,3166742020,1587198119,759788228,1874364848,0,maze,0.39,0.39,61,True,1.0,21,1500,5,16,17,21,84,0,0,0.37,True,0.0,150,150,0,1800,1800,0
coordinated_frontier_greedy,2,10,10,3,819382448,1645421708,3451799802,118549108,2613022947,0,maze,0.39,0.39,61,False,0.8852459016393442,1500,1500,15,,,,60,0,2940,0.1956521739130435,True,0.0,49,49,0,558,558,0
coordinated_frontier_hungarian,4,10,10,0,3757552657,673228719,3241444873,3685993406,2968811710,0,diagonal_wall,0.17,0.17,83,False,0.9879518072289156,1500,1500,4,18,19,,94,0,5906,0.6938775510204082,True,0.0,174,174,0,1872,1872,0
coordinated_frontier_hungarian,4,10,10,2,2001025171,2240297063,1311118443,2854122131,3141116543,0,diagonal_wall,0.17,0.17,83,False,0.9879518072289156,1500,1500,4,15,18,,85,0,5915,0.6224489795918368,True,0.0,168,168,0,1800,1800,0
coordinated_frontier_greedy,4,10,10,3,819382448,1645421708,3451799802,118549108,2613022947,0,maze,0.39,0.39,61,False,0.9508196721311475,1500,1500,5,24,27,,74,0,5926,0.5416666666666666,True,0.0,147,147,0,1746,1746,0
coordinated_frontier_hungarian,4,25,25,7,1201125462,3618983171,3831650445,3842200183,1369798745,0,,0.3,0.4208,362,False,0.649171270718232,3000,3000,34,,,,200,0,11800,0.25,True,0.7,528,168,360,7416,2370,5046
